INFO:     Started server process [38888]
INFO:     Waiting for application startup.
2026-06-20 18:31:20,369 - apscheduler.scheduler - INFO - Adding job tentatively -- it will be properly scheduled when the scheduler starts
2026-06-20 18:31:20,389 - apscheduler.scheduler - INFO - Added job "ejecutar_cambios_futuros" to job store "default"
2026-06-20 18:31:20,391 - apscheduler.scheduler - INFO - Scheduler started
2026-06-20 18:31:20,393 - app.services.scheduler_service - INFO - Scheduler iniciado
INFO:     Application startup complete.
INFO:     Uvicorn running on http://127.0.0.1:8000 (Press CTRL+C to quit)
2026-06-20 18:33:25,606 - app.auth - INFO - Intento de login para usuario: Dev
2026-06-20 18:33:26,226 - app.auth - WARNING - Credenciales inválidas para: Dev
2026-06-20 18:33:32,399 - app.auth - INFO - Intento de login para usuario: Dev
CRASH DETECTED in /api/notifications/rejection: (pyodbc.OperationalError) ('08001', '[08001] [Microsoft][ODBC Driver 17 for SQL Server]Named Pipes Provider: Could not open a connection to SQL Server [1231].  (1231) (SQLDriverConnect); [08001] [Microsoft][ODBC Driver 17 for SQL Server]TCP Provider: Timeout error [258].  (258); [08001] [Microsoft][ODBC Driver 17 for SQL Server]Login timeout expired (0); [08001] [Microsoft][ODBC Driver 17 for SQL Server]Unable to complete login process due to delay in prelogin response (258); [08001] [Microsoft][ODBC Driver 17 for SQL Server]A network-related or instance-specific error has occurred while establishing a connection to SQL Server. Server is not found or not accessible. Check if instance name is correct and if SQL Server is configured to allow remote connections. For more information see SQL Server Books Online. (1231)')
(Background on this error at: https://sqlalche.me/e/20/e3q8)
Traceback (most recent call last):
  File "C:\Users\Yoel Abreu\Documents\epran\Astroweb\env\Lib\site-packages\sqlalchemy\engine\base.py", line 143, in __init__
    self._dbapi_connection = engine.raw_connection()
                             ~~~~~~~~~~~~~~~~~~~~~^^
  File "C:\Users\Yoel Abreu\Documents\epran\Astroweb\env\Lib\site-packages\sqlalchemy\engine\base.py", line 3317, in raw_connection
    return self.pool.connect()
           ~~~~~~~~~~~~~~~~~^^
  File "C:\Users\Yoel Abreu\Documents\epran\Astroweb\env\Lib\site-packages\sqlalchemy\pool\base.py", line 448, in connect
    return _ConnectionFairy._checkout(self)
           ~~~~~~~~~~~~~~~~~~~~~~~~~~^^^^^^
  File "C:\Users\Yoel Abreu\Documents\epran\Astroweb\env\Lib\site-packages\sqlalchemy\pool\base.py", line 1272, in _checkout
    fairy = _ConnectionRecord.checkout(pool)
  File "C:\Users\Yoel Abreu\Documents\epran\Astroweb\env\Lib\site-packages\sqlalchemy\pool\base.py", line 717, in checkout
    with util.safe_reraise():
         ~~~~~~~~~~~~~~~~~^^
  File "C:\Users\Yoel Abreu\Documents\epran\Astroweb\env\Lib\site-packages\sqlalchemy\util\langhelpers.py", line 121, in __exit__
    raise exc_value.with_traceback(exc_tb)
  File "C:\Users\Yoel Abreu\Documents\epran\Astroweb\env\Lib\site-packages\sqlalchemy\pool\base.py", line 715, in checkout
    dbapi_connection = rec.get_connection()
  File "C:\Users\Yoel Abreu\Documents\epran\Astroweb\env\Lib\site-packages\sqlalchemy\pool\base.py", line 866, in get_connection
    self.__connect()
    ~~~~~~~~~~~~~~^^
  File "C:\Users\Yoel Abreu\Documents\epran\Astroweb\env\Lib\site-packages\sqlalchemy\pool\base.py", line 900, in __connect
    with util.safe_reraise():
         ~~~~~~~~~~~~~~~~~^^
  File "C:\Users\Yoel Abreu\Documents\epran\Astroweb\env\Lib\site-packages\sqlalchemy\util\langhelpers.py", line 121, in __exit__
    raise exc_value.with_traceback(exc_tb)
  File "C:\Users\Yoel Abreu\Documents\epran\Astroweb\env\Lib\site-packages\sqlalchemy\pool\base.py", line 896, in __connect
    self.dbapi_connection = connection = pool._invoke_creator(self)
                                         ~~~~~~~~~~~~~~~~~~~~^^^^^^
  File "C:\Users\Yoel Abreu\Documents\epran\Astroweb\env\Lib\site-packages\sqlalchemy\engine\create.py", line 667, in connect
    return dialect.connect(*cargs_tup, **cparams)
           ~~~~~~~~~~~~~~~^^^^^^^^^^^^^^^^^^^^^^^
  File "C:\Users\Yoel Abreu\Documents\epran\Astroweb\env\Lib\site-packages\sqlalchemy\engine\default.py", line 630, in connect
    return self.loaded_dbapi.connect(*cargs, **cparams)  # type: ignore[no-any-return]  # NOQA: E501
           ~~~~~~~~~~~~~~~~~~~~~~~~~^^^^^^^^^^^^^^^^^^^
pyodbc.OperationalError: ('08001', '[08001] [Microsoft][ODBC Driver 17 for SQL Server]Named Pipes Provider: Could not open a connection to SQL Server [1231].  (1231) (SQLDriverConnect); [08001] [Microsoft][ODBC Driver 17 for SQL Server]TCP Provider: Timeout error [258].  (258); [08001] [Microsoft][ODBC Driver 17 for SQL Server]Login timeout expired (0); [08001] [Microsoft][ODBC Driver 17 for SQL Server]Unable to complete login process due to delay in prelogin response (258); [08001] [Microsoft][ODBC Driver 17 for SQL Server]A network-related or instance-specific error has occurred while establishing a connection to SQL Server. Server is not found or not accessible. Check if instance name is correct and if SQL Server is configured to allow remote connections. For more information see SQL Server Books Online. (1231)')

The above exception was the direct cause of the following exception:

Traceback (most recent call last):
  File "C:\Users\Yoel Abreu\Documents\epran\Astroweb\env\Lib\site-packages\starlette\middleware\errors.py", line 164, in __call__
    await self.app(scope, receive, _send)
  File "C:\Users\Yoel Abreu\Documents\epran\Astroweb\env\Lib\site-packages\starlette\middleware\cors.py", line 88, in __call__
    await self.app(scope, receive, send)
  File "C:\Users\Yoel Abreu\Documents\epran\Astroweb\env\Lib\site-packages\starlette\middleware\exceptions.py", line 63, in __call__
    await wrap_app_handling_exceptions(self.app, conn)(scope, receive, send)
  File "C:\Users\Yoel Abreu\Documents\epran\Astroweb\env\Lib\site-packages\starlette\_exception_handler.py", line 53, in wrapped_app
    raise exc
  File "C:\Users\Yoel Abreu\Documents\epran\Astroweb\env\Lib\site-packages\starlette\_exception_handler.py", line 42, in wrapped_app
    await app(scope, receive, sender)
  File "C:\Users\Yoel Abreu\Documents\epran\Astroweb\env\Lib\site-packages\fastapi\middleware\asyncexitstack.py", line 18, in __call__
    await self.app(scope, receive, send)
  File "C:\Users\Yoel Abreu\Documents\epran\Astroweb\env\Lib\site-packages\starlette\routing.py", line 660, in __call__
    await self.middleware_stack(scope, receive, send)
  File "C:\Users\Yoel Abreu\Documents\epran\Astroweb\env\Lib\site-packages\starlette\routing.py", line 680, in app
    await route.handle(scope, receive, send)
  File "C:\Users\Yoel Abreu\Documents\epran\Astroweb\env\Lib\site-packages\starlette\routing.py", line 276, in handle
    await self.app(scope, receive, send)
  File "C:\Users\Yoel Abreu\Documents\epran\Astroweb\env\Lib\site-packages\fastapi\routing.py", line 134, in app
    await wrap_app_handling_exceptions(app, request)(scope, receive, send)
  File "C:\Users\Yoel Abreu\Documents\epran\Astroweb\env\Lib\site-packages\starlette\_exception_handler.py", line 53, in wrapped_app
    raise exc
  File "C:\Users\Yoel Abreu\Documents\epran\Astroweb\env\Lib\site-packages\starlette\_exception_handler.py", line 42, in wrapped_app
    await app(scope, receive, sender)
  File "C:\Users\Yoel Abreu\Documents\epran\Astroweb\env\Lib\site-packages\fastapi\routing.py", line 120, in app
    response = await f(request)
               ^^^^^^^^^^^^^^^^
  File "C:\Users\Yoel Abreu\Documents\epran\Astroweb\env\Lib\site-packages\fastapi\routing.py", line 457, in app
    solved_result = await solve_dependencies(
                    ^^^^^^^^^^^^^^^^^^^^^^^^^
    ...<6 lines>...
    )
    ^
  File "C:\Users\Yoel Abreu\Documents\epran\Astroweb\env\Lib\site-packages\fastapi\dependencies\utils.py", line 680, in solve_dependencies
    solved = await run_in_threadpool(call, **solved_result.values)
             ^^^^^^^^^^^^^^^^^^^^^^^^^^^^^^^^^^^^^^^^^^^^^^^^^^^^^
  File "C:\Users\Yoel Abreu\Documents\epran\Astroweb\env\Lib\site-packages\starlette\concurrency.py", line 32, in run_in_threadpool
    return await anyio.to_thread.run_sync(func)
           ^^^^^^^^^^^^^^^^^^^^^^^^^^^^^^^^^^^^
  File "C:\Users\Yoel Abreu\Documents\epran\Astroweb\env\Lib\site-packages\anyio\to_thread.py", line 63, in run_sync
    return await get_async_backend().run_sync_in_worker_thread(
           ^^^^^^^^^^^^^^^^^^^^^^^^^^^^^^^^^^^^^^^^^^^^^^^^^^^^
        func, args, abandon_on_cancel=abandon_on_cancel, limiter=limiter
        ^^^^^^^^^^^^^^^^^^^^^^^^^^^^^^^^^^^^^^^^^^^^^^^^^^^^^^^^^^^^^^^^
    )
    ^
  File "C:\Users\Yoel Abreu\Documents\epran\Astroweb\env\Lib\site-packages\anyio\_backends\_asyncio.py", line 2502, in run_sync_in_worker_thread
    return await future
           ^^^^^^^^^^^^
  File "C:\Users\Yoel Abreu\Documents\epran\Astroweb\env\Lib\site-packages\anyio\_backends\_asyncio.py", line 986, in run
    result = context.run(func, *args)
  File "C:\Users\Yoel Abreu\Documents\epran\Astroweb\.run-v2\AppWeb_v2\backend\app\core\dependencies.py", line 28, in get_current_user
    ).first()
      ~~~~~^^
  File "C:\Users\Yoel Abreu\Documents\epran\Astroweb\env\Lib\site-packages\sqlalchemy\orm\query.py", line 2766, in first
    return self.limit(1)._iter().first()  # type: ignore
           ~~~~~~~~~~~~~~~~~~~^^
  File "C:\Users\Yoel Abreu\Documents\epran\Astroweb\env\Lib\site-packages\sqlalchemy\orm\query.py", line 2864, in _iter
    result: Union[ScalarResult[_T], Result[_T]] = self.session.execute(
                                                  ~~~~~~~~~~~~~~~~~~~~^
        statement,
        ^^^^^^^^^^
        params,
        ^^^^^^^
        execution_options={"_sa_orm_load_options": self.load_options},
        ^^^^^^^^^^^^^^^^^^^^^^^^^^^^^^^^^^^^^^^^^^^^^^^^^^^^^^^^^^^^^^
    )
    ^
  File "C:\Users\Yoel Abreu\Documents\epran\Astroweb\env\Lib\site-packages\sqlalchemy\orm\session.py", line 2351, in execute
    return self._execute_internal(
           ~~~~~~~~~~~~~~~~~~~~~~^
        statement,
        ^^^^^^^^^^
    ...<4 lines>...
        _add_event=_add_event,
        ^^^^^^^^^^^^^^^^^^^^^^
    )
    ^
  File "C:\Users\Yoel Abreu\Documents\epran\Astroweb\env\Lib\site-packages\sqlalchemy\orm\session.py", line 2239, in _execute_internal
    conn = self._connection_for_bind(bind)
  File "C:\Users\Yoel Abreu\Documents\epran\Astroweb\env\Lib\site-packages\sqlalchemy\orm\session.py", line 2108, in _connection_for_bind
    return trans._connection_for_bind(engine, execution_options)
           ~~~~~~~~~~~~~~~~~~~~~~~~~~^^^^^^^^^^^^^^^^^^^^^^^^^^^
  File "<string>", line 2, in _connection_for_bind
  File "C:\Users\Yoel Abreu\Documents\epran\Astroweb\env\Lib\site-packages\sqlalchemy\orm\state_changes.py", line 137, in _go
    ret_value = fn(self, *arg, **kw)
  File "C:\Users\Yoel Abreu\Documents\epran\Astroweb\env\Lib\site-packages\sqlalchemy\orm\session.py", line 1187, in _connection_for_bind
    conn = bind.connect()
  File "C:\Users\Yoel Abreu\Documents\epran\Astroweb\env\Lib\site-packages\sqlalchemy\engine\base.py", line 3293, in connect
    return self._connection_cls(self)
           ~~~~~~~~~~~~~~~~~~~~^^^^^^
  File "C:\Users\Yoel Abreu\Documents\epran\Astroweb\env\Lib\site-packages\sqlalchemy\engine\base.py", line 145, in __init__
    Connection._handle_dbapi_exception_noconnection(
    ~~~~~~~~~~~~~~~~~~~~~~~~~~~~~~~~~~~~~~~~~~~~~~~^
        err, dialect, engine
        ^^^^^^^^^^^^^^^^^^^^
    )
    ^
  File "C:\Users\Yoel Abreu\Documents\epran\Astroweb\env\Lib\site-packages\sqlalchemy\engine\base.py", line 2448, in _handle_dbapi_exception_noconnection
    raise sqlalchemy_exception.with_traceback(exc_info[2]) from e
  File "C:\Users\Yoel Abreu\Documents\epran\Astroweb\env\Lib\site-packages\sqlalchemy\engine\base.py", line 143, in __init__
    self._dbapi_connection = engine.raw_connection()
                             ~~~~~~~~~~~~~~~~~~~~~^^
  File "C:\Users\Yoel Abreu\Documents\epran\Astroweb\env\Lib\site-packages\sqlalchemy\engine\base.py", line 3317, in raw_connection
    return self.pool.connect()
           ~~~~~~~~~~~~~~~~~^^
  File "C:\Users\Yoel Abreu\Documents\epran\Astroweb\env\Lib\site-packages\sqlalchemy\pool\base.py", line 448, in connect
    return _ConnectionFairy._checkout(self)
           ~~~~~~~~~~~~~~~~~~~~~~~~~~^^^^^^
  File "C:\Users\Yoel Abreu\Documents\epran\Astroweb\env\Lib\site-packages\sqlalchemy\pool\base.py", line 1272, in _checkout
    fairy = _ConnectionRecord.checkout(pool)
  File "C:\Users\Yoel Abreu\Documents\epran\Astroweb\env\Lib\site-packages\sqlalchemy\pool\base.py", line 717, in checkout
    with util.safe_reraise():
         ~~~~~~~~~~~~~~~~~^^
  File "C:\Users\Yoel Abreu\Documents\epran\Astroweb\env\Lib\site-packages\sqlalchemy\util\langhelpers.py", line 121, in __exit__
    raise exc_value.with_traceback(exc_tb)
  File "C:\Users\Yoel Abreu\Documents\epran\Astroweb\env\Lib\site-packages\sqlalchemy\pool\base.py", line 715, in checkout
    dbapi_connection = rec.get_connection()
  File "C:\Users\Yoel Abreu\Documents\epran\Astroweb\env\Lib\site-packages\sqlalchemy\pool\base.py", line 866, in get_connection
    self.__connect()
    ~~~~~~~~~~~~~~^^
  File "C:\Users\Yoel Abreu\Documents\epran\Astroweb\env\Lib\site-packages\sqlalchemy\pool\base.py", line 900, in __connect
    with util.safe_reraise():
         ~~~~~~~~~~~~~~~~~^^
  File "C:\Users\Yoel Abreu\Documents\epran\Astroweb\env\Lib\site-packages\sqlalchemy\util\langhelpers.py", line 121, in __exit__
    raise exc_value.with_traceback(exc_tb)
  File "C:\Users\Yoel Abreu\Documents\epran\Astroweb\env\Lib\site-packages\sqlalchemy\pool\base.py", line 896, in __connect
    self.dbapi_connection = connection = pool._invoke_creator(self)
                                         ~~~~~~~~~~~~~~~~~~~~^^^^^^
  File "C:\Users\Yoel Abreu\Documents\epran\Astroweb\env\Lib\site-packages\sqlalchemy\engine\create.py", line 667, in connect
    return dialect.connect(*cargs_tup, **cparams)
           ~~~~~~~~~~~~~~~^^^^^^^^^^^^^^^^^^^^^^^
  File "C:\Users\Yoel Abreu\Documents\epran\Astroweb\env\Lib\site-packages\sqlalchemy\engine\default.py", line 630, in connect
    return self.loaded_dbapi.connect(*cargs, **cparams)  # type: ignore[no-any-return]  # NOQA: E501
           ~~~~~~~~~~~~~~~~~~~~~~~~~^^^^^^^^^^^^^^^^^^^
sqlalchemy.exc.OperationalError: (pyodbc.OperationalError) ('08001', '[08001] [Microsoft][ODBC Driver 17 for SQL Server]Named Pipes Provider: Could not open a connection to SQL Server [1231].  (1231) (SQLDriverConnect); [08001] [Microsoft][ODBC Driver 17 for SQL Server]TCP Provider: Timeout error [258].  (258); [08001] [Microsoft][ODBC Driver 17 for SQL Server]Login timeout expired (0); [08001] [Microsoft][ODBC Driver 17 for SQL Server]Unable to complete login process due to delay in prelogin response (258); [08001] [Microsoft][ODBC Driver 17 for SQL Server]A network-related or instance-specific error has occurred while establishing a connection to SQL Server. Server is not found or not accessible. Check if instance name is correct and if SQL Server is configured to allow remote connections. For more information see SQL Server Books Online. (1231)')
(Background on this error at: https://sqlalche.me/e/20/e3q8)
2026-06-20 23:07:56,017 - app - ERROR - Error no manejado en /api/notifications/rejection: (pyodbc.OperationalError) ('08001', '[08001] [Microsoft][ODBC Driver 17 for SQL Server]Named Pipes Provider: Could not open a connection to SQL Server [1231].  (1231) (SQLDriverConnect); [08001] [Microsoft][ODBC Driver 17 for SQL Server]TCP Provider: Timeout error [258].  (258); [08001] [Microsoft][ODBC Driver 17 for SQL Server]Login timeout expired (0); [08001] [Microsoft][ODBC Driver 17 for SQL Server]Unable to complete login process due to delay in prelogin response (258); [08001] [Microsoft][ODBC Driver 17 for SQL Server]A network-related or instance-specific error has occurred while establishing a connection to SQL Server. Server is not found or not accessible. Check if instance name is correct and if SQL Server is configured to allow remote connections. For more information see SQL Server Books Online. (1231)')
(Background on this error at: https://sqlalche.me/e/20/e3q8)
Traceback (most recent call last):
  File "C:\Users\Yoel Abreu\Documents\epran\Astroweb\env\Lib\site-packages\sqlalchemy\engine\base.py", line 143, in __init__
    self._dbapi_connection = engine.raw_connection()
                             ~~~~~~~~~~~~~~~~~~~~~^^
  File "C:\Users\Yoel Abreu\Documents\epran\Astroweb\env\Lib\site-packages\sqlalchemy\engine\base.py", line 3317, in raw_connection
    return self.pool.connect()
           ~~~~~~~~~~~~~~~~~^^
  File "C:\Users\Yoel Abreu\Documents\epran\Astroweb\env\Lib\site-packages\sqlalchemy\pool\base.py", line 448, in connect
    return _ConnectionFairy._checkout(self)
           ~~~~~~~~~~~~~~~~~~~~~~~~~~^^^^^^
  File "C:\Users\Yoel Abreu\Documents\epran\Astroweb\env\Lib\site-packages\sqlalchemy\pool\base.py", line 1272, in _checkout
    fairy = _ConnectionRecord.checkout(pool)
  File "C:\Users\Yoel Abreu\Documents\epran\Astroweb\env\Lib\site-packages\sqlalchemy\pool\base.py", line 717, in checkout
    with util.safe_reraise():
         ~~~~~~~~~~~~~~~~~^^
  File "C:\Users\Yoel Abreu\Documents\epran\Astroweb\env\Lib\site-packages\sqlalchemy\util\langhelpers.py", line 121, in __exit__
    raise exc_value.with_traceback(exc_tb)
  File "C:\Users\Yoel Abreu\Documents\epran\Astroweb\env\Lib\site-packages\sqlalchemy\pool\base.py", line 715, in checkout
    dbapi_connection = rec.get_connection()
  File "C:\Users\Yoel Abreu\Documents\epran\Astroweb\env\Lib\site-packages\sqlalchemy\pool\base.py", line 866, in get_connection
    self.__connect()
    ~~~~~~~~~~~~~~^^
  File "C:\Users\Yoel Abreu\Documents\epran\Astroweb\env\Lib\site-packages\sqlalchemy\pool\base.py", line 900, in __connect
    with util.safe_reraise():
         ~~~~~~~~~~~~~~~~~^^
  File "C:\Users\Yoel Abreu\Documents\epran\Astroweb\env\Lib\site-packages\sqlalchemy\util\langhelpers.py", line 121, in __exit__
    raise exc_value.with_traceback(exc_tb)
  File "C:\Users\Yoel Abreu\Documents\epran\Astroweb\env\Lib\site-packages\sqlalchemy\pool\base.py", line 896, in __connect
    self.dbapi_connection = connection = pool._invoke_creator(self)
                                         ~~~~~~~~~~~~~~~~~~~~^^^^^^
  File "C:\Users\Yoel Abreu\Documents\epran\Astroweb\env\Lib\site-packages\sqlalchemy\engine\create.py", line 667, in connect
    return dialect.connect(*cargs_tup, **cparams)
           ~~~~~~~~~~~~~~~^^^^^^^^^^^^^^^^^^^^^^^
  File "C:\Users\Yoel Abreu\Documents\epran\Astroweb\env\Lib\site-packages\sqlalchemy\engine\default.py", line 630, in connect
    return self.loaded_dbapi.connect(*cargs, **cparams)  # type: ignore[no-any-return]  # NOQA: E501
           ~~~~~~~~~~~~~~~~~~~~~~~~~^^^^^^^^^^^^^^^^^^^
pyodbc.OperationalError: ('08001', '[08001] [Microsoft][ODBC Driver 17 for SQL Server]Named Pipes Provider: Could not open a connection to SQL Server [1231].  (1231) (SQLDriverConnect); [08001] [Microsoft][ODBC Driver 17 for SQL Server]TCP Provider: Timeout error [258].  (258); [08001] [Microsoft][ODBC Driver 17 for SQL Server]Login timeout expired (0); [08001] [Microsoft][ODBC Driver 17 for SQL Server]Unable to complete login process due to delay in prelogin response (258); [08001] [Microsoft][ODBC Driver 17 for SQL Server]A network-related or instance-specific error has occurred while establishing a connection to SQL Server. Server is not found or not accessible. Check if instance name is correct and if SQL Server is configured to allow remote connections. For more information see SQL Server Books Online. (1231)')

The above exception was the direct cause of the following exception:

Traceback (most recent call last):
  File "C:\Users\Yoel Abreu\Documents\epran\Astroweb\env\Lib\site-packages\starlette\middleware\errors.py", line 164, in __call__
    await self.app(scope, receive, _send)
  File "C:\Users\Yoel Abreu\Documents\epran\Astroweb\env\Lib\site-packages\starlette\middleware\cors.py", line 88, in __call__
    await self.app(scope, receive, send)
  File "C:\Users\Yoel Abreu\Documents\epran\Astroweb\env\Lib\site-packages\starlette\middleware\exceptions.py", line 63, in __call__
    await wrap_app_handling_exceptions(self.app, conn)(scope, receive, send)
  File "C:\Users\Yoel Abreu\Documents\epran\Astroweb\env\Lib\site-packages\starlette\_exception_handler.py", line 53, in wrapped_app
    raise exc
  File "C:\Users\Yoel Abreu\Documents\epran\Astroweb\env\Lib\site-packages\starlette\_exception_handler.py", line 42, in wrapped_app
    await app(scope, receive, sender)
  File "C:\Users\Yoel Abreu\Documents\epran\Astroweb\env\Lib\site-packages\fastapi\middleware\asyncexitstack.py", line 18, in __call__
    await self.app(scope, receive, send)
  File "C:\Users\Yoel Abreu\Documents\epran\Astroweb\env\Lib\site-packages\starlette\routing.py", line 660, in __call__
    await self.middleware_stack(scope, receive, send)
  File "C:\Users\Yoel Abreu\Documents\epran\Astroweb\env\Lib\site-packages\starlette\routing.py", line 680, in app
    await route.handle(scope, receive, send)
  File "C:\Users\Yoel Abreu\Documents\epran\Astroweb\env\Lib\site-packages\starlette\routing.py", line 276, in handle
    await self.app(scope, receive, send)
  File "C:\Users\Yoel Abreu\Documents\epran\Astroweb\env\Lib\site-packages\fastapi\routing.py", line 134, in app
    await wrap_app_handling_exceptions(app, request)(scope, receive, send)
  File "C:\Users\Yoel Abreu\Documents\epran\Astroweb\env\Lib\site-packages\starlette\_exception_handler.py", line 53, in wrapped_app
    raise exc
  File "C:\Users\Yoel Abreu\Documents\epran\Astroweb\env\Lib\site-packages\starlette\_exception_handler.py", line 42, in wrapped_app
    await app(scope, receive, sender)
  File "C:\Users\Yoel Abreu\Documents\epran\Astroweb\env\Lib\site-packages\fastapi\routing.py", line 120, in app
    response = await f(request)
               ^^^^^^^^^^^^^^^^
  File "C:\Users\Yoel Abreu\Documents\epran\Astroweb\env\Lib\site-packages\fastapi\routing.py", line 457, in app
    solved_result = await solve_dependencies(
                    ^^^^^^^^^^^^^^^^^^^^^^^^^
    ...<6 lines>...
    )
    ^
  File "C:\Users\Yoel Abreu\Documents\epran\Astroweb\env\Lib\site-packages\fastapi\dependencies\utils.py", line 680, in solve_dependencies
    solved = await run_in_threadpool(call, **solved_result.values)
             ^^^^^^^^^^^^^^^^^^^^^^^^^^^^^^^^^^^^^^^^^^^^^^^^^^^^^
  File "C:\Users\Yoel Abreu\Documents\epran\Astroweb\env\Lib\site-packages\starlette\concurrency.py", line 32, in run_in_threadpool
    return await anyio.to_thread.run_sync(func)
           ^^^^^^^^^^^^^^^^^^^^^^^^^^^^^^^^^^^^
  File "C:\Users\Yoel Abreu\Documents\epran\Astroweb\env\Lib\site-packages\anyio\to_thread.py", line 63, in run_sync
    return await get_async_backend().run_sync_in_worker_thread(
           ^^^^^^^^^^^^^^^^^^^^^^^^^^^^^^^^^^^^^^^^^^^^^^^^^^^^
        func, args, abandon_on_cancel=abandon_on_cancel, limiter=limiter
        ^^^^^^^^^^^^^^^^^^^^^^^^^^^^^^^^^^^^^^^^^^^^^^^^^^^^^^^^^^^^^^^^
    )
    ^
  File "C:\Users\Yoel Abreu\Documents\epran\Astroweb\env\Lib\site-packages\anyio\_backends\_asyncio.py", line 2502, in run_sync_in_worker_thread
    return await future
           ^^^^^^^^^^^^
  File "C:\Users\Yoel Abreu\Documents\epran\Astroweb\env\Lib\site-packages\anyio\_backends\_asyncio.py", line 986, in run
    result = context.run(func, *args)
  File "C:\Users\Yoel Abreu\Documents\epran\Astroweb\.run-v2\AppWeb_v2\backend\app\core\dependencies.py", line 28, in get_current_user
    ).first()
      ~~~~~^^
  File "C:\Users\Yoel Abreu\Documents\epran\Astroweb\env\Lib\site-packages\sqlalchemy\orm\query.py", line 2766, in first
    return self.limit(1)._iter().first()  # type: ignore
           ~~~~~~~~~~~~~~~~~~~^^
  File "C:\Users\Yoel Abreu\Documents\epran\Astroweb\env\Lib\site-packages\sqlalchemy\orm\query.py", line 2864, in _iter
    result: Union[ScalarResult[_T], Result[_T]] = self.session.execute(
                                                  ~~~~~~~~~~~~~~~~~~~~^
        statement,
        ^^^^^^^^^^
        params,
        ^^^^^^^
        execution_options={"_sa_orm_load_options": self.load_options},
        ^^^^^^^^^^^^^^^^^^^^^^^^^^^^^^^^^^^^^^^^^^^^^^^^^^^^^^^^^^^^^^
    )
    ^
  File "C:\Users\Yoel Abreu\Documents\epran\Astroweb\env\Lib\site-packages\sqlalchemy\orm\session.py", line 2351, in execute
    return self._execute_internal(
           ~~~~~~~~~~~~~~~~~~~~~~^
        statement,
        ^^^^^^^^^^
    ...<4 lines>...
        _add_event=_add_event,
        ^^^^^^^^^^^^^^^^^^^^^^
    )
    ^
  File "C:\Users\Yoel Abreu\Documents\epran\Astroweb\env\Lib\site-packages\sqlalchemy\orm\session.py", line 2239, in _execute_internal
    conn = self._connection_for_bind(bind)
  File "C:\Users\Yoel Abreu\Documents\epran\Astroweb\env\Lib\site-packages\sqlalchemy\orm\session.py", line 2108, in _connection_for_bind
    return trans._connection_for_bind(engine, execution_options)
           ~~~~~~~~~~~~~~~~~~~~~~~~~~^^^^^^^^^^^^^^^^^^^^^^^^^^^
  File "<string>", line 2, in _connection_for_bind
  File "C:\Users\Yoel Abreu\Documents\epran\Astroweb\env\Lib\site-packages\sqlalchemy\orm\state_changes.py", line 137, in _go
    ret_value = fn(self, *arg, **kw)
  File "C:\Users\Yoel Abreu\Documents\epran\Astroweb\env\Lib\site-packages\sqlalchemy\orm\session.py", line 1187, in _connection_for_bind
    conn = bind.connect()
  File "C:\Users\Yoel Abreu\Documents\epran\Astroweb\env\Lib\site-packages\sqlalchemy\engine\base.py", line 3293, in connect
    return self._connection_cls(self)
           ~~~~~~~~~~~~~~~~~~~~^^^^^^
  File "C:\Users\Yoel Abreu\Documents\epran\Astroweb\env\Lib\site-packages\sqlalchemy\engine\base.py", line 145, in __init__
    Connection._handle_dbapi_exception_noconnection(
    ~~~~~~~~~~~~~~~~~~~~~~~~~~~~~~~~~~~~~~~~~~~~~~~^
        err, dialect, engine
        ^^^^^^^^^^^^^^^^^^^^
    )
    ^
  File "C:\Users\Yoel Abreu\Documents\epran\Astroweb\env\Lib\site-packages\sqlalchemy\engine\base.py", line 2448, in _handle_dbapi_exception_noconnection
    raise sqlalchemy_exception.with_traceback(exc_info[2]) from e
  File "C:\Users\Yoel Abreu\Documents\epran\Astroweb\env\Lib\site-packages\sqlalchemy\engine\base.py", line 143, in __init__
    self._dbapi_connection = engine.raw_connection()
                             ~~~~~~~~~~~~~~~~~~~~~^^
  File "C:\Users\Yoel Abreu\Documents\epran\Astroweb\env\Lib\site-packages\sqlalchemy\engine\base.py", line 3317, in raw_connection
    return self.pool.connect()
           ~~~~~~~~~~~~~~~~~^^
  File "C:\Users\Yoel Abreu\Documents\epran\Astroweb\env\Lib\site-packages\sqlalchemy\pool\base.py", line 448, in connect
    return _ConnectionFairy._checkout(self)
           ~~~~~~~~~~~~~~~~~~~~~~~~~~^^^^^^
  File "C:\Users\Yoel Abreu\Documents\epran\Astroweb\env\Lib\site-packages\sqlalchemy\pool\base.py", line 1272, in _checkout
    fairy = _ConnectionRecord.checkout(pool)
  File "C:\Users\Yoel Abreu\Documents\epran\Astroweb\env\Lib\site-packages\sqlalchemy\pool\base.py", line 717, in checkout
    with util.safe_reraise():
         ~~~~~~~~~~~~~~~~~^^
  File "C:\Users\Yoel Abreu\Documents\epran\Astroweb\env\Lib\site-packages\sqlalchemy\util\langhelpers.py", line 121, in __exit__
    raise exc_value.with_traceback(exc_tb)
  File "C:\Users\Yoel Abreu\Documents\epran\Astroweb\env\Lib\site-packages\sqlalchemy\pool\base.py", line 715, in checkout
    dbapi_connection = rec.get_connection()
  File "C:\Users\Yoel Abreu\Documents\epran\Astroweb\env\Lib\site-packages\sqlalchemy\pool\base.py", line 866, in get_connection
    self.__connect()
    ~~~~~~~~~~~~~~^^
  File "C:\Users\Yoel Abreu\Documents\epran\Astroweb\env\Lib\site-packages\sqlalchemy\pool\base.py", line 900, in __connect
    with util.safe_reraise():
         ~~~~~~~~~~~~~~~~~^^
  File "C:\Users\Yoel Abreu\Documents\epran\Astroweb\env\Lib\site-packages\sqlalchemy\util\langhelpers.py", line 121, in __exit__
    raise exc_value.with_traceback(exc_tb)
  File "C:\Users\Yoel Abreu\Documents\epran\Astroweb\env\Lib\site-packages\sqlalchemy\pool\base.py", line 896, in __connect
    self.dbapi_connection = connection = pool._invoke_creator(self)
                                         ~~~~~~~~~~~~~~~~~~~~^^^^^^
  File "C:\Users\Yoel Abreu\Documents\epran\Astroweb\env\Lib\site-packages\sqlalchemy\engine\create.py", line 667, in connect
    return dialect.connect(*cargs_tup, **cparams)
           ~~~~~~~~~~~~~~~^^^^^^^^^^^^^^^^^^^^^^^
  File "C:\Users\Yoel Abreu\Documents\epran\Astroweb\env\Lib\site-packages\sqlalchemy\engine\default.py", line 630, in connect
    return self.loaded_dbapi.connect(*cargs, **cparams)  # type: ignore[no-any-return]  # NOQA: E501
           ~~~~~~~~~~~~~~~~~~~~~~~~~^^^^^^^^^^^^^^^^^^^
sqlalchemy.exc.OperationalError: (pyodbc.OperationalError) ('08001', '[08001] [Microsoft][ODBC Driver 17 for SQL Server]Named Pipes Provider: Could not open a connection to SQL Server [1231].  (1231) (SQLDriverConnect); [08001] [Microsoft][ODBC Driver 17 for SQL Server]TCP Provider: Timeout error [258].  (258); [08001] [Microsoft][ODBC Driver 17 for SQL Server]Login timeout expired (0); [08001] [Microsoft][ODBC Driver 17 for SQL Server]Unable to complete login process due to delay in prelogin response (258); [08001] [Microsoft][ODBC Driver 17 for SQL Server]A network-related or instance-specific error has occurred while establishing a connection to SQL Server. Server is not found or not accessible. Check if instance name is correct and if SQL Server is configured to allow remote connections. For more information see SQL Server Books Online. (1231)')
(Background on this error at: https://sqlalche.me/e/20/e3q8)
ERROR:    Exception in ASGI application
Traceback (most recent call last):
  File "C:\Users\Yoel Abreu\Documents\epran\Astroweb\env\Lib\site-packages\sqlalchemy\engine\base.py", line 143, in __init__
    self._dbapi_connection = engine.raw_connection()
                             ~~~~~~~~~~~~~~~~~~~~~^^
  File "C:\Users\Yoel Abreu\Documents\epran\Astroweb\env\Lib\site-packages\sqlalchemy\engine\base.py", line 3317, in raw_connection
    return self.pool.connect()
           ~~~~~~~~~~~~~~~~~^^
  File "C:\Users\Yoel Abreu\Documents\epran\Astroweb\env\Lib\site-packages\sqlalchemy\pool\base.py", line 448, in connect
    return _ConnectionFairy._checkout(self)
           ~~~~~~~~~~~~~~~~~~~~~~~~~~^^^^^^
  File "C:\Users\Yoel Abreu\Documents\epran\Astroweb\env\Lib\site-packages\sqlalchemy\pool\base.py", line 1272, in _checkout
    fairy = _ConnectionRecord.checkout(pool)
  File "C:\Users\Yoel Abreu\Documents\epran\Astroweb\env\Lib\site-packages\sqlalchemy\pool\base.py", line 717, in checkout
    with util.safe_reraise():
         ~~~~~~~~~~~~~~~~~^^
  File "C:\Users\Yoel Abreu\Documents\epran\Astroweb\env\Lib\site-packages\sqlalchemy\util\langhelpers.py", line 121, in __exit__
    raise exc_value.with_traceback(exc_tb)
  File "C:\Users\Yoel Abreu\Documents\epran\Astroweb\env\Lib\site-packages\sqlalchemy\pool\base.py", line 715, in checkout
    dbapi_connection = rec.get_connection()
  File "C:\Users\Yoel Abreu\Documents\epran\Astroweb\env\Lib\site-packages\sqlalchemy\pool\base.py", line 866, in get_connection
    self.__connect()
    ~~~~~~~~~~~~~~^^
  File "C:\Users\Yoel Abreu\Documents\epran\Astroweb\env\Lib\site-packages\sqlalchemy\pool\base.py", line 900, in __connect
    with util.safe_reraise():
         ~~~~~~~~~~~~~~~~~^^
  File "C:\Users\Yoel Abreu\Documents\epran\Astroweb\env\Lib\site-packages\sqlalchemy\util\langhelpers.py", line 121, in __exit__
    raise exc_value.with_traceback(exc_tb)
  File "C:\Users\Yoel Abreu\Documents\epran\Astroweb\env\Lib\site-packages\sqlalchemy\pool\base.py", line 896, in __connect
    self.dbapi_connection = connection = pool._invoke_creator(self)
                                         ~~~~~~~~~~~~~~~~~~~~^^^^^^
  File "C:\Users\Yoel Abreu\Documents\epran\Astroweb\env\Lib\site-packages\sqlalchemy\engine\create.py", line 667, in connect
    return dialect.connect(*cargs_tup, **cparams)
           ~~~~~~~~~~~~~~~^^^^^^^^^^^^^^^^^^^^^^^
  File "C:\Users\Yoel Abreu\Documents\epran\Astroweb\env\Lib\site-packages\sqlalchemy\engine\default.py", line 630, in connect
    return self.loaded_dbapi.connect(*cargs, **cparams)  # type: ignore[no-any-return]  # NOQA: E501
           ~~~~~~~~~~~~~~~~~~~~~~~~~^^^^^^^^^^^^^^^^^^^
pyodbc.OperationalError: ('08001', '[08001] [Microsoft][ODBC Driver 17 for SQL Server]Named Pipes Provider: Could not open a connection to SQL Server [1231].  (1231) (SQLDriverConnect); [08001] [Microsoft][ODBC Driver 17 for SQL Server]TCP Provider: Timeout error [258].  (258); [08001] [Microsoft][ODBC Driver 17 for SQL Server]Login timeout expired (0); [08001] [Microsoft][ODBC Driver 17 for SQL Server]Unable to complete login process due to delay in prelogin response (258); [08001] [Microsoft][ODBC Driver 17 for SQL Server]A network-related or instance-specific error has occurred while establishing a connection to SQL Server. Server is not found or not accessible. Check if instance name is correct and if SQL Server is configured to allow remote connections. For more information see SQL Server Books Online. (1231)')

The above exception was the direct cause of the following exception:

Traceback (most recent call last):
  File "C:\Users\Yoel Abreu\Documents\epran\Astroweb\env\Lib\site-packages\uvicorn\protocols\http\h11_impl.py", line 415, in run_asgi
    result = await app(  # type: ignore[func-returns-value]
             ^^^^^^^^^^^^^^^^^^^^^^^^^^^^^^^^^^^^^^^^^^^^^^
        self.scope, self.receive, self.send
        ^^^^^^^^^^^^^^^^^^^^^^^^^^^^^^^^^^^
    )
    ^
  File "C:\Users\Yoel Abreu\Documents\epran\Astroweb\env\Lib\site-packages\uvicorn\middleware\proxy_headers.py", line 56, in __call__
    return await self.app(scope, receive, send)
           ^^^^^^^^^^^^^^^^^^^^^^^^^^^^^^^^^^^^
  File "C:\Users\Yoel Abreu\Documents\epran\Astroweb\env\Lib\site-packages\fastapi\applications.py", line 1159, in __call__
    await super().__call__(scope, receive, send)
  File "C:\Users\Yoel Abreu\Documents\epran\Astroweb\env\Lib\site-packages\starlette\applications.py", line 90, in __call__
    await self.middleware_stack(scope, receive, send)
  File "C:\Users\Yoel Abreu\Documents\epran\Astroweb\env\Lib\site-packages\starlette\middleware\errors.py", line 186, in __call__
    raise exc
  File "C:\Users\Yoel Abreu\Documents\epran\Astroweb\env\Lib\site-packages\starlette\middleware\errors.py", line 164, in __call__
    await self.app(scope, receive, _send)
  File "C:\Users\Yoel Abreu\Documents\epran\Astroweb\env\Lib\site-packages\starlette\middleware\cors.py", line 88, in __call__
    await self.app(scope, receive, send)
  File "C:\Users\Yoel Abreu\Documents\epran\Astroweb\env\Lib\site-packages\starlette\middleware\exceptions.py", line 63, in __call__
    await wrap_app_handling_exceptions(self.app, conn)(scope, receive, send)
  File "C:\Users\Yoel Abreu\Documents\epran\Astroweb\env\Lib\site-packages\starlette\_exception_handler.py", line 53, in wrapped_app
    raise exc
  File "C:\Users\Yoel Abreu\Documents\epran\Astroweb\env\Lib\site-packages\starlette\_exception_handler.py", line 42, in wrapped_app
    await app(scope, receive, sender)
  File "C:\Users\Yoel Abreu\Documents\epran\Astroweb\env\Lib\site-packages\fastapi\middleware\asyncexitstack.py", line 18, in __call__
    await self.app(scope, receive, send)
  File "C:\Users\Yoel Abreu\Documents\epran\Astroweb\env\Lib\site-packages\starlette\routing.py", line 660, in __call__
    await self.middleware_stack(scope, receive, send)
  File "C:\Users\Yoel Abreu\Documents\epran\Astroweb\env\Lib\site-packages\starlette\routing.py", line 680, in app
    await route.handle(scope, receive, send)
  File "C:\Users\Yoel Abreu\Documents\epran\Astroweb\env\Lib\site-packages\starlette\routing.py", line 276, in handle
    await self.app(scope, receive, send)
  File "C:\Users\Yoel Abreu\Documents\epran\Astroweb\env\Lib\site-packages\fastapi\routing.py", line 134, in app
    await wrap_app_handling_exceptions(app, request)(scope, receive, send)
  File "C:\Users\Yoel Abreu\Documents\epran\Astroweb\env\Lib\site-packages\starlette\_exception_handler.py", line 53, in wrapped_app
    raise exc
  File "C:\Users\Yoel Abreu\Documents\epran\Astroweb\env\Lib\site-packages\starlette\_exception_handler.py", line 42, in wrapped_app
    await app(scope, receive, sender)
  File "C:\Users\Yoel Abreu\Documents\epran\Astroweb\env\Lib\site-packages\fastapi\routing.py", line 120, in app
    response = await f(request)
               ^^^^^^^^^^^^^^^^
  File "C:\Users\Yoel Abreu\Documents\epran\Astroweb\env\Lib\site-packages\fastapi\routing.py", line 457, in app
    solved_result = await solve_dependencies(
                    ^^^^^^^^^^^^^^^^^^^^^^^^^
    ...<6 lines>...
    )
    ^
  File "C:\Users\Yoel Abreu\Documents\epran\Astroweb\env\Lib\site-packages\fastapi\dependencies\utils.py", line 680, in solve_dependencies
    solved = await run_in_threadpool(call, **solved_result.values)
             ^^^^^^^^^^^^^^^^^^^^^^^^^^^^^^^^^^^^^^^^^^^^^^^^^^^^^
  File "C:\Users\Yoel Abreu\Documents\epran\Astroweb\env\Lib\site-packages\starlette\concurrency.py", line 32, in run_in_threadpool
    return await anyio.to_thread.run_sync(func)
           ^^^^^^^^^^^^^^^^^^^^^^^^^^^^^^^^^^^^
  File "C:\Users\Yoel Abreu\Documents\epran\Astroweb\env\Lib\site-packages\anyio\to_thread.py", line 63, in run_sync
    return await get_async_backend().run_sync_in_worker_thread(
           ^^^^^^^^^^^^^^^^^^^^^^^^^^^^^^^^^^^^^^^^^^^^^^^^^^^^
        func, args, abandon_on_cancel=abandon_on_cancel, limiter=limiter
        ^^^^^^^^^^^^^^^^^^^^^^^^^^^^^^^^^^^^^^^^^^^^^^^^^^^^^^^^^^^^^^^^
    )
    ^
  File "C:\Users\Yoel Abreu\Documents\epran\Astroweb\env\Lib\site-packages\anyio\_backends\_asyncio.py", line 2502, in run_sync_in_worker_thread
    return await future
           ^^^^^^^^^^^^
  File "C:\Users\Yoel Abreu\Documents\epran\Astroweb\env\Lib\site-packages\anyio\_backends\_asyncio.py", line 986, in run
    result = context.run(func, *args)
  File "C:\Users\Yoel Abreu\Documents\epran\Astroweb\.run-v2\AppWeb_v2\backend\app\core\dependencies.py", line 28, in get_current_user
    ).first()
      ~~~~~^^
  File "C:\Users\Yoel Abreu\Documents\epran\Astroweb\env\Lib\site-packages\sqlalchemy\orm\query.py", line 2766, in first
    return self.limit(1)._iter().first()  # type: ignore
           ~~~~~~~~~~~~~~~~~~~^^
  File "C:\Users\Yoel Abreu\Documents\epran\Astroweb\env\Lib\site-packages\sqlalchemy\orm\query.py", line 2864, in _iter
    result: Union[ScalarResult[_T], Result[_T]] = self.session.execute(
                                                  ~~~~~~~~~~~~~~~~~~~~^
        statement,
        ^^^^^^^^^^
        params,
        ^^^^^^^
        execution_options={"_sa_orm_load_options": self.load_options},
        ^^^^^^^^^^^^^^^^^^^^^^^^^^^^^^^^^^^^^^^^^^^^^^^^^^^^^^^^^^^^^^
    )
    ^
  File "C:\Users\Yoel Abreu\Documents\epran\Astroweb\env\Lib\site-packages\sqlalchemy\orm\session.py", line 2351, in execute
    return self._execute_internal(
           ~~~~~~~~~~~~~~~~~~~~~~^
        statement,
        ^^^^^^^^^^
    ...<4 lines>...
        _add_event=_add_event,
        ^^^^^^^^^^^^^^^^^^^^^^
    )
    ^
  File "C:\Users\Yoel Abreu\Documents\epran\Astroweb\env\Lib\site-packages\sqlalchemy\orm\session.py", line 2239, in _execute_internal
    conn = self._connection_for_bind(bind)
  File "C:\Users\Yoel Abreu\Documents\epran\Astroweb\env\Lib\site-packages\sqlalchemy\orm\session.py", line 2108, in _connection_for_bind
    return trans._connection_for_bind(engine, execution_options)
           ~~~~~~~~~~~~~~~~~~~~~~~~~~^^^^^^^^^^^^^^^^^^^^^^^^^^^
  File "<string>", line 2, in _connection_for_bind
  File "C:\Users\Yoel Abreu\Documents\epran\Astroweb\env\Lib\site-packages\sqlalchemy\orm\state_changes.py", line 137, in _go
    ret_value = fn(self, *arg, **kw)
  File "C:\Users\Yoel Abreu\Documents\epran\Astroweb\env\Lib\site-packages\sqlalchemy\orm\session.py", line 1187, in _connection_for_bind
    conn = bind.connect()
  File "C:\Users\Yoel Abreu\Documents\epran\Astroweb\env\Lib\site-packages\sqlalchemy\engine\base.py", line 3293, in connect
    return self._connection_cls(self)
           ~~~~~~~~~~~~~~~~~~~~^^^^^^
  File "C:\Users\Yoel Abreu\Documents\epran\Astroweb\env\Lib\site-packages\sqlalchemy\engine\base.py", line 145, in __init__
    Connection._handle_dbapi_exception_noconnection(
    ~~~~~~~~~~~~~~~~~~~~~~~~~~~~~~~~~~~~~~~~~~~~~~~^
        err, dialect, engine
        ^^^^^^^^^^^^^^^^^^^^
    )
    ^
  File "C:\Users\Yoel Abreu\Documents\epran\Astroweb\env\Lib\site-packages\sqlalchemy\engine\base.py", line 2448, in _handle_dbapi_exception_noconnection
    raise sqlalchemy_exception.with_traceback(exc_info[2]) from e
  File "C:\Users\Yoel Abreu\Documents\epran\Astroweb\env\Lib\site-packages\sqlalchemy\engine\base.py", line 143, in __init__
    self._dbapi_connection = engine.raw_connection()
                             ~~~~~~~~~~~~~~~~~~~~~^^
  File "C:\Users\Yoel Abreu\Documents\epran\Astroweb\env\Lib\site-packages\sqlalchemy\engine\base.py", line 3317, in raw_connection
    return self.pool.connect()
           ~~~~~~~~~~~~~~~~~^^
  File "C:\Users\Yoel Abreu\Documents\epran\Astroweb\env\Lib\site-packages\sqlalchemy\pool\base.py", line 448, in connect
    return _ConnectionFairy._checkout(self)
           ~~~~~~~~~~~~~~~~~~~~~~~~~~^^^^^^
  File "C:\Users\Yoel Abreu\Documents\epran\Astroweb\env\Lib\site-packages\sqlalchemy\pool\base.py", line 1272, in _checkout
    fairy = _ConnectionRecord.checkout(pool)
  File "C:\Users\Yoel Abreu\Documents\epran\Astroweb\env\Lib\site-packages\sqlalchemy\pool\base.py", line 717, in checkout
    with util.safe_reraise():
         ~~~~~~~~~~~~~~~~~^^
  File "C:\Users\Yoel Abreu\Documents\epran\Astroweb\env\Lib\site-packages\sqlalchemy\util\langhelpers.py", line 121, in __exit__
    raise exc_value.with_traceback(exc_tb)
  File "C:\Users\Yoel Abreu\Documents\epran\Astroweb\env\Lib\site-packages\sqlalchemy\pool\base.py", line 715, in checkout
    dbapi_connection = rec.get_connection()
  File "C:\Users\Yoel Abreu\Documents\epran\Astroweb\env\Lib\site-packages\sqlalchemy\pool\base.py", line 866, in get_connection
    self.__connect()
    ~~~~~~~~~~~~~~^^
  File "C:\Users\Yoel Abreu\Documents\epran\Astroweb\env\Lib\site-packages\sqlalchemy\pool\base.py", line 900, in __connect
    with util.safe_reraise():
         ~~~~~~~~~~~~~~~~~^^
  File "C:\Users\Yoel Abreu\Documents\epran\Astroweb\env\Lib\site-packages\sqlalchemy\util\langhelpers.py", line 121, in __exit__
    raise exc_value.with_traceback(exc_tb)
  File "C:\Users\Yoel Abreu\Documents\epran\Astroweb\env\Lib\site-packages\sqlalchemy\pool\base.py", line 896, in __connect
    self.dbapi_connection = connection = pool._invoke_creator(self)
                                         ~~~~~~~~~~~~~~~~~~~~^^^^^^
  File "C:\Users\Yoel Abreu\Documents\epran\Astroweb\env\Lib\site-packages\sqlalchemy\engine\create.py", line 667, in connect
    return dialect.connect(*cargs_tup, **cparams)
           ~~~~~~~~~~~~~~~^^^^^^^^^^^^^^^^^^^^^^^
  File "C:\Users\Yoel Abreu\Documents\epran\Astroweb\env\Lib\site-packages\sqlalchemy\engine\default.py", line 630, in connect
    return self.loaded_dbapi.connect(*cargs, **cparams)  # type: ignore[no-any-return]  # NOQA: E501
           ~~~~~~~~~~~~~~~~~~~~~~~~~^^^^^^^^^^^^^^^^^^^
sqlalchemy.exc.OperationalError: (pyodbc.OperationalError) ('08001', '[08001] [Microsoft][ODBC Driver 17 for SQL Server]Named Pipes Provider: Could not open a connection to SQL Server [1231].  (1231) (SQLDriverConnect); [08001] [Microsoft][ODBC Driver 17 for SQL Server]TCP Provider: Timeout error [258].  (258); [08001] [Microsoft][ODBC Driver 17 for SQL Server]Login timeout expired (0); [08001] [Microsoft][ODBC Driver 17 for SQL Server]Unable to complete login process due to delay in prelogin response (258); [08001] [Microsoft][ODBC Driver 17 for SQL Server]A network-related or instance-specific error has occurred while establishing a connection to SQL Server. Server is not found or not accessible. Check if instance name is correct and if SQL Server is configured to allow remote connections. For more information see SQL Server Books Online. (1231)')
(Background on this error at: https://sqlalche.me/e/20/e3q8)
CRASH DETECTED in /api/centro-mando/resumen-dia: (pyodbc.OperationalError) ('08001', '[08001] [Microsoft][ODBC Driver 17 for SQL Server]Named Pipes Provider: Could not open a connection to SQL Server [1231].  (1231) (SQLDriverConnect); [08001] [Microsoft][ODBC Driver 17 for SQL Server]TCP Provider: Timeout error [258].  (258); [08001] [Microsoft][ODBC Driver 17 for SQL Server]Login timeout expired (0); [08001] [Microsoft][ODBC Driver 17 for SQL Server]Unable to complete login process due to delay in prelogin response (258); [08001] [Microsoft][ODBC Driver 17 for SQL Server]A network-related or instance-specific error has occurred while establishing a connection to SQL Server. Server is not found or not accessible. Check if instance name is correct and if SQL Server is configured to allow remote connections. For more information see SQL Server Books Online. (1231)')
(Background on this error at: https://sqlalche.me/e/20/e3q8)
Traceback (most recent call last):
  File "C:\Users\Yoel Abreu\Documents\epran\Astroweb\env\Lib\site-packages\sqlalchemy\engine\base.py", line 143, in __init__
    self._dbapi_connection = engine.raw_connection()
                             ~~~~~~~~~~~~~~~~~~~~~^^
  File "C:\Users\Yoel Abreu\Documents\epran\Astroweb\env\Lib\site-packages\sqlalchemy\engine\base.py", line 3317, in raw_connection
    return self.pool.connect()
           ~~~~~~~~~~~~~~~~~^^
  File "C:\Users\Yoel Abreu\Documents\epran\Astroweb\env\Lib\site-packages\sqlalchemy\pool\base.py", line 448, in connect
    return _ConnectionFairy._checkout(self)
           ~~~~~~~~~~~~~~~~~~~~~~~~~~^^^^^^
  File "C:\Users\Yoel Abreu\Documents\epran\Astroweb\env\Lib\site-packages\sqlalchemy\pool\base.py", line 1272, in _checkout
    fairy = _ConnectionRecord.checkout(pool)
  File "C:\Users\Yoel Abreu\Documents\epran\Astroweb\env\Lib\site-packages\sqlalchemy\pool\base.py", line 717, in checkout
    with util.safe_reraise():
         ~~~~~~~~~~~~~~~~~^^
  File "C:\Users\Yoel Abreu\Documents\epran\Astroweb\env\Lib\site-packages\sqlalchemy\util\langhelpers.py", line 121, in __exit__
    raise exc_value.with_traceback(exc_tb)
  File "C:\Users\Yoel Abreu\Documents\epran\Astroweb\env\Lib\site-packages\sqlalchemy\pool\base.py", line 715, in checkout
    dbapi_connection = rec.get_connection()
  File "C:\Users\Yoel Abreu\Documents\epran\Astroweb\env\Lib\site-packages\sqlalchemy\pool\base.py", line 866, in get_connection
    self.__connect()
    ~~~~~~~~~~~~~~^^
  File "C:\Users\Yoel Abreu\Documents\epran\Astroweb\env\Lib\site-packages\sqlalchemy\pool\base.py", line 900, in __connect
    with util.safe_reraise():
         ~~~~~~~~~~~~~~~~~^^
  File "C:\Users\Yoel Abreu\Documents\epran\Astroweb\env\Lib\site-packages\sqlalchemy\util\langhelpers.py", line 121, in __exit__
    raise exc_value.with_traceback(exc_tb)
  File "C:\Users\Yoel Abreu\Documents\epran\Astroweb\env\Lib\site-packages\sqlalchemy\pool\base.py", line 896, in __connect
    self.dbapi_connection = connection = pool._invoke_creator(self)
                                         ~~~~~~~~~~~~~~~~~~~~^^^^^^
  File "C:\Users\Yoel Abreu\Documents\epran\Astroweb\env\Lib\site-packages\sqlalchemy\engine\create.py", line 667, in connect
    return dialect.connect(*cargs_tup, **cparams)
           ~~~~~~~~~~~~~~~^^^^^^^^^^^^^^^^^^^^^^^
  File "C:\Users\Yoel Abreu\Documents\epran\Astroweb\env\Lib\site-packages\sqlalchemy\engine\default.py", line 630, in connect
    return self.loaded_dbapi.connect(*cargs, **cparams)  # type: ignore[no-any-return]  # NOQA: E501
           ~~~~~~~~~~~~~~~~~~~~~~~~~^^^^^^^^^^^^^^^^^^^
pyodbc.OperationalError: ('08001', '[08001] [Microsoft][ODBC Driver 17 for SQL Server]Named Pipes Provider: Could not open a connection to SQL Server [1231].  (1231) (SQLDriverConnect); [08001] [Microsoft][ODBC Driver 17 for SQL Server]TCP Provider: Timeout error [258].  (258); [08001] [Microsoft][ODBC Driver 17 for SQL Server]Login timeout expired (0); [08001] [Microsoft][ODBC Driver 17 for SQL Server]Unable to complete login process due to delay in prelogin response (258); [08001] [Microsoft][ODBC Driver 17 for SQL Server]A network-related or instance-specific error has occurred while establishing a connection to SQL Server. Server is not found or not accessible. Check if instance name is correct and if SQL Server is configured to allow remote connections. For more information see SQL Server Books Online. (1231)')

The above exception was the direct cause of the following exception:

Traceback (most recent call last):
  File "C:\Users\Yoel Abreu\Documents\epran\Astroweb\env\Lib\site-packages\starlette\middleware\errors.py", line 164, in __call__
    await self.app(scope, receive, _send)
  File "C:\Users\Yoel Abreu\Documents\epran\Astroweb\env\Lib\site-packages\starlette\middleware\cors.py", line 88, in __call__
    await self.app(scope, receive, send)
  File "C:\Users\Yoel Abreu\Documents\epran\Astroweb\env\Lib\site-packages\starlette\middleware\exceptions.py", line 63, in __call__
    await wrap_app_handling_exceptions(self.app, conn)(scope, receive, send)
  File "C:\Users\Yoel Abreu\Documents\epran\Astroweb\env\Lib\site-packages\starlette\_exception_handler.py", line 53, in wrapped_app
    raise exc
  File "C:\Users\Yoel Abreu\Documents\epran\Astroweb\env\Lib\site-packages\starlette\_exception_handler.py", line 42, in wrapped_app
    await app(scope, receive, sender)
  File "C:\Users\Yoel Abreu\Documents\epran\Astroweb\env\Lib\site-packages\fastapi\middleware\asyncexitstack.py", line 18, in __call__
    await self.app(scope, receive, send)
  File "C:\Users\Yoel Abreu\Documents\epran\Astroweb\env\Lib\site-packages\starlette\routing.py", line 660, in __call__
    await self.middleware_stack(scope, receive, send)
  File "C:\Users\Yoel Abreu\Documents\epran\Astroweb\env\Lib\site-packages\starlette\routing.py", line 680, in app
    await route.handle(scope, receive, send)
  File "C:\Users\Yoel Abreu\Documents\epran\Astroweb\env\Lib\site-packages\starlette\routing.py", line 276, in handle
    await self.app(scope, receive, send)
  File "C:\Users\Yoel Abreu\Documents\epran\Astroweb\env\Lib\site-packages\fastapi\routing.py", line 134, in app
    await wrap_app_handling_exceptions(app, request)(scope, receive, send)
  File "C:\Users\Yoel Abreu\Documents\epran\Astroweb\env\Lib\site-packages\starlette\_exception_handler.py", line 53, in wrapped_app
    raise exc
  File "C:\Users\Yoel Abreu\Documents\epran\Astroweb\env\Lib\site-packages\starlette\_exception_handler.py", line 42, in wrapped_app
    await app(scope, receive, sender)
  File "C:\Users\Yoel Abreu\Documents\epran\Astroweb\env\Lib\site-packages\fastapi\routing.py", line 120, in app
    response = await f(request)
               ^^^^^^^^^^^^^^^^
  File "C:\Users\Yoel Abreu\Documents\epran\Astroweb\env\Lib\site-packages\fastapi\routing.py", line 457, in app
    solved_result = await solve_dependencies(
                    ^^^^^^^^^^^^^^^^^^^^^^^^^
    ...<6 lines>...
    )
    ^
  File "C:\Users\Yoel Abreu\Documents\epran\Astroweb\env\Lib\site-packages\fastapi\dependencies\utils.py", line 680, in solve_dependencies
    solved = await run_in_threadpool(call, **solved_result.values)
             ^^^^^^^^^^^^^^^^^^^^^^^^^^^^^^^^^^^^^^^^^^^^^^^^^^^^^
  File "C:\Users\Yoel Abreu\Documents\epran\Astroweb\env\Lib\site-packages\starlette\concurrency.py", line 32, in run_in_threadpool
    return await anyio.to_thread.run_sync(func)
           ^^^^^^^^^^^^^^^^^^^^^^^^^^^^^^^^^^^^
  File "C:\Users\Yoel Abreu\Documents\epran\Astroweb\env\Lib\site-packages\anyio\to_thread.py", line 63, in run_sync
    return await get_async_backend().run_sync_in_worker_thread(
           ^^^^^^^^^^^^^^^^^^^^^^^^^^^^^^^^^^^^^^^^^^^^^^^^^^^^
        func, args, abandon_on_cancel=abandon_on_cancel, limiter=limiter
        ^^^^^^^^^^^^^^^^^^^^^^^^^^^^^^^^^^^^^^^^^^^^^^^^^^^^^^^^^^^^^^^^
    )
    ^
  File "C:\Users\Yoel Abreu\Documents\epran\Astroweb\env\Lib\site-packages\anyio\_backends\_asyncio.py", line 2502, in run_sync_in_worker_thread
    return await future
           ^^^^^^^^^^^^
  File "C:\Users\Yoel Abreu\Documents\epran\Astroweb\env\Lib\site-packages\anyio\_backends\_asyncio.py", line 986, in run
    result = context.run(func, *args)
  File "C:\Users\Yoel Abreu\Documents\epran\Astroweb\.run-v2\AppWeb_v2\backend\app\core\dependencies.py", line 28, in get_current_user
    ).first()
      ~~~~~^^
  File "C:\Users\Yoel Abreu\Documents\epran\Astroweb\env\Lib\site-packages\sqlalchemy\orm\query.py", line 2766, in first
    return self.limit(1)._iter().first()  # type: ignore
           ~~~~~~~~~~~~~~~~~~~^^
  File "C:\Users\Yoel Abreu\Documents\epran\Astroweb\env\Lib\site-packages\sqlalchemy\orm\query.py", line 2864, in _iter
    result: Union[ScalarResult[_T], Result[_T]] = self.session.execute(
                                                  ~~~~~~~~~~~~~~~~~~~~^
        statement,
        ^^^^^^^^^^
        params,
        ^^^^^^^
        execution_options={"_sa_orm_load_options": self.load_options},
        ^^^^^^^^^^^^^^^^^^^^^^^^^^^^^^^^^^^^^^^^^^^^^^^^^^^^^^^^^^^^^^
    )
    ^
  File "C:\Users\Yoel Abreu\Documents\epran\Astroweb\env\Lib\site-packages\sqlalchemy\orm\session.py", line 2351, in execute
    return self._execute_internal(
           ~~~~~~~~~~~~~~~~~~~~~~^
        statement,
        ^^^^^^^^^^
    ...<4 lines>...
        _add_event=_add_event,
        ^^^^^^^^^^^^^^^^^^^^^^
    )
    ^
  File "C:\Users\Yoel Abreu\Documents\epran\Astroweb\env\Lib\site-packages\sqlalchemy\orm\session.py", line 2239, in _execute_internal
    conn = self._connection_for_bind(bind)
  File "C:\Users\Yoel Abreu\Documents\epran\Astroweb\env\Lib\site-packages\sqlalchemy\orm\session.py", line 2108, in _connection_for_bind
    return trans._connection_for_bind(engine, execution_options)
           ~~~~~~~~~~~~~~~~~~~~~~~~~~^^^^^^^^^^^^^^^^^^^^^^^^^^^
  File "<string>", line 2, in _connection_for_bind
  File "C:\Users\Yoel Abreu\Documents\epran\Astroweb\env\Lib\site-packages\sqlalchemy\orm\state_changes.py", line 137, in _go
    ret_value = fn(self, *arg, **kw)
  File "C:\Users\Yoel Abreu\Documents\epran\Astroweb\env\Lib\site-packages\sqlalchemy\orm\session.py", line 1187, in _connection_for_bind
    conn = bind.connect()
  File "C:\Users\Yoel Abreu\Documents\epran\Astroweb\env\Lib\site-packages\sqlalchemy\engine\base.py", line 3293, in connect
    return self._connection_cls(self)
           ~~~~~~~~~~~~~~~~~~~~^^^^^^
  File "C:\Users\Yoel Abreu\Documents\epran\Astroweb\env\Lib\site-packages\sqlalchemy\engine\base.py", line 145, in __init__
    Connection._handle_dbapi_exception_noconnection(
    ~~~~~~~~~~~~~~~~~~~~~~~~~~~~~~~~~~~~~~~~~~~~~~~^
        err, dialect, engine
        ^^^^^^^^^^^^^^^^^^^^
    )
    ^
  File "C:\Users\Yoel Abreu\Documents\epran\Astroweb\env\Lib\site-packages\sqlalchemy\engine\base.py", line 2448, in _handle_dbapi_exception_noconnection
    raise sqlalchemy_exception.with_traceback(exc_info[2]) from e
  File "C:\Users\Yoel Abreu\Documents\epran\Astroweb\env\Lib\site-packages\sqlalchemy\engine\base.py", line 143, in __init__
    self._dbapi_connection = engine.raw_connection()
                             ~~~~~~~~~~~~~~~~~~~~~^^
  File "C:\Users\Yoel Abreu\Documents\epran\Astroweb\env\Lib\site-packages\sqlalchemy\engine\base.py", line 3317, in raw_connection
    return self.pool.connect()
           ~~~~~~~~~~~~~~~~~^^
  File "C:\Users\Yoel Abreu\Documents\epran\Astroweb\env\Lib\site-packages\sqlalchemy\pool\base.py", line 448, in connect
    return _ConnectionFairy._checkout(self)
           ~~~~~~~~~~~~~~~~~~~~~~~~~~^^^^^^
  File "C:\Users\Yoel Abreu\Documents\epran\Astroweb\env\Lib\site-packages\sqlalchemy\pool\base.py", line 1272, in _checkout
    fairy = _ConnectionRecord.checkout(pool)
  File "C:\Users\Yoel Abreu\Documents\epran\Astroweb\env\Lib\site-packages\sqlalchemy\pool\base.py", line 717, in checkout
    with util.safe_reraise():
         ~~~~~~~~~~~~~~~~~^^
  File "C:\Users\Yoel Abreu\Documents\epran\Astroweb\env\Lib\site-packages\sqlalchemy\util\langhelpers.py", line 121, in __exit__
    raise exc_value.with_traceback(exc_tb)
  File "C:\Users\Yoel Abreu\Documents\epran\Astroweb\env\Lib\site-packages\sqlalchemy\pool\base.py", line 715, in checkout
    dbapi_connection = rec.get_connection()
  File "C:\Users\Yoel Abreu\Documents\epran\Astroweb\env\Lib\site-packages\sqlalchemy\pool\base.py", line 866, in get_connection
    self.__connect()
    ~~~~~~~~~~~~~~^^
  File "C:\Users\Yoel Abreu\Documents\epran\Astroweb\env\Lib\site-packages\sqlalchemy\pool\base.py", line 900, in __connect
    with util.safe_reraise():
         ~~~~~~~~~~~~~~~~~^^
  File "C:\Users\Yoel Abreu\Documents\epran\Astroweb\env\Lib\site-packages\sqlalchemy\util\langhelpers.py", line 121, in __exit__
    raise exc_value.with_traceback(exc_tb)
  File "C:\Users\Yoel Abreu\Documents\epran\Astroweb\env\Lib\site-packages\sqlalchemy\pool\base.py", line 896, in __connect
    self.dbapi_connection = connection = pool._invoke_creator(self)
                                         ~~~~~~~~~~~~~~~~~~~~^^^^^^
  File "C:\Users\Yoel Abreu\Documents\epran\Astroweb\env\Lib\site-packages\sqlalchemy\engine\create.py", line 667, in connect
    return dialect.connect(*cargs_tup, **cparams)
           ~~~~~~~~~~~~~~~^^^^^^^^^^^^^^^^^^^^^^^
  File "C:\Users\Yoel Abreu\Documents\epran\Astroweb\env\Lib\site-packages\sqlalchemy\engine\default.py", line 630, in connect
    return self.loaded_dbapi.connect(*cargs, **cparams)  # type: ignore[no-any-return]  # NOQA: E501
           ~~~~~~~~~~~~~~~~~~~~~~~~~^^^^^^^^^^^^^^^^^^^
sqlalchemy.exc.OperationalError: (pyodbc.OperationalError) ('08001', '[08001] [Microsoft][ODBC Driver 17 for SQL Server]Named Pipes Provider: Could not open a connection to SQL Server [1231].  (1231) (SQLDriverConnect); [08001] [Microsoft][ODBC Driver 17 for SQL Server]TCP Provider: Timeout error [258].  (258); [08001] [Microsoft][ODBC Driver 17 for SQL Server]Login timeout expired (0); [08001] [Microsoft][ODBC Driver 17 for SQL Server]Unable to complete login process due to delay in prelogin response (258); [08001] [Microsoft][ODBC Driver 17 for SQL Server]A network-related or instance-specific error has occurred while establishing a connection to SQL Server. Server is not found or not accessible. Check if instance name is correct and if SQL Server is configured to allow remote connections. For more information see SQL Server Books Online. (1231)')
(Background on this error at: https://sqlalche.me/e/20/e3q8)
2026-06-20 23:07:56,118 - app - ERROR - Error no manejado en /api/centro-mando/resumen-dia: (pyodbc.OperationalError) ('08001', '[08001] [Microsoft][ODBC Driver 17 for SQL Server]Named Pipes Provider: Could not open a connection to SQL Server [1231].  (1231) (SQLDriverConnect); [08001] [Microsoft][ODBC Driver 17 for SQL Server]TCP Provider: Timeout error [258].  (258); [08001] [Microsoft][ODBC Driver 17 for SQL Server]Login timeout expired (0); [08001] [Microsoft][ODBC Driver 17 for SQL Server]Unable to complete login process due to delay in prelogin response (258); [08001] [Microsoft][ODBC Driver 17 for SQL Server]A network-related or instance-specific error has occurred while establishing a connection to SQL Server. Server is not found or not accessible. Check if instance name is correct and if SQL Server is configured to allow remote connections. For more information see SQL Server Books Online. (1231)')
(Background on this error at: https://sqlalche.me/e/20/e3q8)
Traceback (most recent call last):
  File "C:\Users\Yoel Abreu\Documents\epran\Astroweb\env\Lib\site-packages\sqlalchemy\engine\base.py", line 143, in __init__
    self._dbapi_connection = engine.raw_connection()
                             ~~~~~~~~~~~~~~~~~~~~~^^
  File "C:\Users\Yoel Abreu\Documents\epran\Astroweb\env\Lib\site-packages\sqlalchemy\engine\base.py", line 3317, in raw_connection
    return self.pool.connect()
           ~~~~~~~~~~~~~~~~~^^
  File "C:\Users\Yoel Abreu\Documents\epran\Astroweb\env\Lib\site-packages\sqlalchemy\pool\base.py", line 448, in connect
    return _ConnectionFairy._checkout(self)
           ~~~~~~~~~~~~~~~~~~~~~~~~~~^^^^^^
  File "C:\Users\Yoel Abreu\Documents\epran\Astroweb\env\Lib\site-packages\sqlalchemy\pool\base.py", line 1272, in _checkout
    fairy = _ConnectionRecord.checkout(pool)
  File "C:\Users\Yoel Abreu\Documents\epran\Astroweb\env\Lib\site-packages\sqlalchemy\pool\base.py", line 717, in checkout
    with util.safe_reraise():
         ~~~~~~~~~~~~~~~~~^^
  File "C:\Users\Yoel Abreu\Documents\epran\Astroweb\env\Lib\site-packages\sqlalchemy\util\langhelpers.py", line 121, in __exit__
    raise exc_value.with_traceback(exc_tb)
  File "C:\Users\Yoel Abreu\Documents\epran\Astroweb\env\Lib\site-packages\sqlalchemy\pool\base.py", line 715, in checkout
    dbapi_connection = rec.get_connection()
  File "C:\Users\Yoel Abreu\Documents\epran\Astroweb\env\Lib\site-packages\sqlalchemy\pool\base.py", line 866, in get_connection
    self.__connect()
    ~~~~~~~~~~~~~~^^
  File "C:\Users\Yoel Abreu\Documents\epran\Astroweb\env\Lib\site-packages\sqlalchemy\pool\base.py", line 900, in __connect
    with util.safe_reraise():
         ~~~~~~~~~~~~~~~~~^^
  File "C:\Users\Yoel Abreu\Documents\epran\Astroweb\env\Lib\site-packages\sqlalchemy\util\langhelpers.py", line 121, in __exit__
    raise exc_value.with_traceback(exc_tb)
  File "C:\Users\Yoel Abreu\Documents\epran\Astroweb\env\Lib\site-packages\sqlalchemy\pool\base.py", line 896, in __connect
    self.dbapi_connection = connection = pool._invoke_creator(self)
                                         ~~~~~~~~~~~~~~~~~~~~^^^^^^
  File "C:\Users\Yoel Abreu\Documents\epran\Astroweb\env\Lib\site-packages\sqlalchemy\engine\create.py", line 667, in connect
    return dialect.connect(*cargs_tup, **cparams)
           ~~~~~~~~~~~~~~~^^^^^^^^^^^^^^^^^^^^^^^
  File "C:\Users\Yoel Abreu\Documents\epran\Astroweb\env\Lib\site-packages\sqlalchemy\engine\default.py", line 630, in connect
    return self.loaded_dbapi.connect(*cargs, **cparams)  # type: ignore[no-any-return]  # NOQA: E501
           ~~~~~~~~~~~~~~~~~~~~~~~~~^^^^^^^^^^^^^^^^^^^
pyodbc.OperationalError: ('08001', '[08001] [Microsoft][ODBC Driver 17 for SQL Server]Named Pipes Provider: Could not open a connection to SQL Server [1231].  (1231) (SQLDriverConnect); [08001] [Microsoft][ODBC Driver 17 for SQL Server]TCP Provider: Timeout error [258].  (258); [08001] [Microsoft][ODBC Driver 17 for SQL Server]Login timeout expired (0); [08001] [Microsoft][ODBC Driver 17 for SQL Server]Unable to complete login process due to delay in prelogin response (258); [08001] [Microsoft][ODBC Driver 17 for SQL Server]A network-related or instance-specific error has occurred while establishing a connection to SQL Server. Server is not found or not accessible. Check if instance name is correct and if SQL Server is configured to allow remote connections. For more information see SQL Server Books Online. (1231)')

The above exception was the direct cause of the following exception:

Traceback (most recent call last):
  File "C:\Users\Yoel Abreu\Documents\epran\Astroweb\env\Lib\site-packages\starlette\middleware\errors.py", line 164, in __call__
    await self.app(scope, receive, _send)
  File "C:\Users\Yoel Abreu\Documents\epran\Astroweb\env\Lib\site-packages\starlette\middleware\cors.py", line 88, in __call__
    await self.app(scope, receive, send)
  File "C:\Users\Yoel Abreu\Documents\epran\Astroweb\env\Lib\site-packages\starlette\middleware\exceptions.py", line 63, in __call__
    await wrap_app_handling_exceptions(self.app, conn)(scope, receive, send)
  File "C:\Users\Yoel Abreu\Documents\epran\Astroweb\env\Lib\site-packages\starlette\_exception_handler.py", line 53, in wrapped_app
    raise exc
  File "C:\Users\Yoel Abreu\Documents\epran\Astroweb\env\Lib\site-packages\starlette\_exception_handler.py", line 42, in wrapped_app
    await app(scope, receive, sender)
  File "C:\Users\Yoel Abreu\Documents\epran\Astroweb\env\Lib\site-packages\fastapi\middleware\asyncexitstack.py", line 18, in __call__
    await self.app(scope, receive, send)
  File "C:\Users\Yoel Abreu\Documents\epran\Astroweb\env\Lib\site-packages\starlette\routing.py", line 660, in __call__
    await self.middleware_stack(scope, receive, send)
  File "C:\Users\Yoel Abreu\Documents\epran\Astroweb\env\Lib\site-packages\starlette\routing.py", line 680, in app
    await route.handle(scope, receive, send)
  File "C:\Users\Yoel Abreu\Documents\epran\Astroweb\env\Lib\site-packages\starlette\routing.py", line 276, in handle
    await self.app(scope, receive, send)
  File "C:\Users\Yoel Abreu\Documents\epran\Astroweb\env\Lib\site-packages\fastapi\routing.py", line 134, in app
    await wrap_app_handling_exceptions(app, request)(scope, receive, send)
  File "C:\Users\Yoel Abreu\Documents\epran\Astroweb\env\Lib\site-packages\starlette\_exception_handler.py", line 53, in wrapped_app
    raise exc
  File "C:\Users\Yoel Abreu\Documents\epran\Astroweb\env\Lib\site-packages\starlette\_exception_handler.py", line 42, in wrapped_app
    await app(scope, receive, sender)
  File "C:\Users\Yoel Abreu\Documents\epran\Astroweb\env\Lib\site-packages\fastapi\routing.py", line 120, in app
    response = await f(request)
               ^^^^^^^^^^^^^^^^
  File "C:\Users\Yoel Abreu\Documents\epran\Astroweb\env\Lib\site-packages\fastapi\routing.py", line 457, in app
    solved_result = await solve_dependencies(
                    ^^^^^^^^^^^^^^^^^^^^^^^^^
    ...<6 lines>...
    )
    ^
  File "C:\Users\Yoel Abreu\Documents\epran\Astroweb\env\Lib\site-packages\fastapi\dependencies\utils.py", line 680, in solve_dependencies
    solved = await run_in_threadpool(call, **solved_result.values)
             ^^^^^^^^^^^^^^^^^^^^^^^^^^^^^^^^^^^^^^^^^^^^^^^^^^^^^
  File "C:\Users\Yoel Abreu\Documents\epran\Astroweb\env\Lib\site-packages\starlette\concurrency.py", line 32, in run_in_threadpool
    return await anyio.to_thread.run_sync(func)
           ^^^^^^^^^^^^^^^^^^^^^^^^^^^^^^^^^^^^
  File "C:\Users\Yoel Abreu\Documents\epran\Astroweb\env\Lib\site-packages\anyio\to_thread.py", line 63, in run_sync
    return await get_async_backend().run_sync_in_worker_thread(
           ^^^^^^^^^^^^^^^^^^^^^^^^^^^^^^^^^^^^^^^^^^^^^^^^^^^^
        func, args, abandon_on_cancel=abandon_on_cancel, limiter=limiter
        ^^^^^^^^^^^^^^^^^^^^^^^^^^^^^^^^^^^^^^^^^^^^^^^^^^^^^^^^^^^^^^^^
    )
    ^
  File "C:\Users\Yoel Abreu\Documents\epran\Astroweb\env\Lib\site-packages\anyio\_backends\_asyncio.py", line 2502, in run_sync_in_worker_thread
    return await future
           ^^^^^^^^^^^^
  File "C:\Users\Yoel Abreu\Documents\epran\Astroweb\env\Lib\site-packages\anyio\_backends\_asyncio.py", line 986, in run
    result = context.run(func, *args)
  File "C:\Users\Yoel Abreu\Documents\epran\Astroweb\.run-v2\AppWeb_v2\backend\app\core\dependencies.py", line 28, in get_current_user
    ).first()
      ~~~~~^^
  File "C:\Users\Yoel Abreu\Documents\epran\Astroweb\env\Lib\site-packages\sqlalchemy\orm\query.py", line 2766, in first
    return self.limit(1)._iter().first()  # type: ignore
           ~~~~~~~~~~~~~~~~~~~^^
  File "C:\Users\Yoel Abreu\Documents\epran\Astroweb\env\Lib\site-packages\sqlalchemy\orm\query.py", line 2864, in _iter
    result: Union[ScalarResult[_T], Result[_T]] = self.session.execute(
                                                  ~~~~~~~~~~~~~~~~~~~~^
        statement,
        ^^^^^^^^^^
        params,
        ^^^^^^^
        execution_options={"_sa_orm_load_options": self.load_options},
        ^^^^^^^^^^^^^^^^^^^^^^^^^^^^^^^^^^^^^^^^^^^^^^^^^^^^^^^^^^^^^^
    )
    ^
  File "C:\Users\Yoel Abreu\Documents\epran\Astroweb\env\Lib\site-packages\sqlalchemy\orm\session.py", line 2351, in execute
    return self._execute_internal(
           ~~~~~~~~~~~~~~~~~~~~~~^
        statement,
        ^^^^^^^^^^
    ...<4 lines>...
        _add_event=_add_event,
        ^^^^^^^^^^^^^^^^^^^^^^
    )
    ^
  File "C:\Users\Yoel Abreu\Documents\epran\Astroweb\env\Lib\site-packages\sqlalchemy\orm\session.py", line 2239, in _execute_internal
    conn = self._connection_for_bind(bind)
  File "C:\Users\Yoel Abreu\Documents\epran\Astroweb\env\Lib\site-packages\sqlalchemy\orm\session.py", line 2108, in _connection_for_bind
    return trans._connection_for_bind(engine, execution_options)
           ~~~~~~~~~~~~~~~~~~~~~~~~~~^^^^^^^^^^^^^^^^^^^^^^^^^^^
  File "<string>", line 2, in _connection_for_bind
  File "C:\Users\Yoel Abreu\Documents\epran\Astroweb\env\Lib\site-packages\sqlalchemy\orm\state_changes.py", line 137, in _go
    ret_value = fn(self, *arg, **kw)
  File "C:\Users\Yoel Abreu\Documents\epran\Astroweb\env\Lib\site-packages\sqlalchemy\orm\session.py", line 1187, in _connection_for_bind
    conn = bind.connect()
  File "C:\Users\Yoel Abreu\Documents\epran\Astroweb\env\Lib\site-packages\sqlalchemy\engine\base.py", line 3293, in connect
    return self._connection_cls(self)
           ~~~~~~~~~~~~~~~~~~~~^^^^^^
  File "C:\Users\Yoel Abreu\Documents\epran\Astroweb\env\Lib\site-packages\sqlalchemy\engine\base.py", line 145, in __init__
    Connection._handle_dbapi_exception_noconnection(
    ~~~~~~~~~~~~~~~~~~~~~~~~~~~~~~~~~~~~~~~~~~~~~~~^
        err, dialect, engine
        ^^^^^^^^^^^^^^^^^^^^
    )
    ^
  File "C:\Users\Yoel Abreu\Documents\epran\Astroweb\env\Lib\site-packages\sqlalchemy\engine\base.py", line 2448, in _handle_dbapi_exception_noconnection
    raise sqlalchemy_exception.with_traceback(exc_info[2]) from e
  File "C:\Users\Yoel Abreu\Documents\epran\Astroweb\env\Lib\site-packages\sqlalchemy\engine\base.py", line 143, in __init__
    self._dbapi_connection = engine.raw_connection()
                             ~~~~~~~~~~~~~~~~~~~~~^^
  File "C:\Users\Yoel Abreu\Documents\epran\Astroweb\env\Lib\site-packages\sqlalchemy\engine\base.py", line 3317, in raw_connection
    return self.pool.connect()
           ~~~~~~~~~~~~~~~~~^^
  File "C:\Users\Yoel Abreu\Documents\epran\Astroweb\env\Lib\site-packages\sqlalchemy\pool\base.py", line 448, in connect
    return _ConnectionFairy._checkout(self)
           ~~~~~~~~~~~~~~~~~~~~~~~~~~^^^^^^
  File "C:\Users\Yoel Abreu\Documents\epran\Astroweb\env\Lib\site-packages\sqlalchemy\pool\base.py", line 1272, in _checkout
    fairy = _ConnectionRecord.checkout(pool)
  File "C:\Users\Yoel Abreu\Documents\epran\Astroweb\env\Lib\site-packages\sqlalchemy\pool\base.py", line 717, in checkout
    with util.safe_reraise():
         ~~~~~~~~~~~~~~~~~^^
  File "C:\Users\Yoel Abreu\Documents\epran\Astroweb\env\Lib\site-packages\sqlalchemy\util\langhelpers.py", line 121, in __exit__
    raise exc_value.with_traceback(exc_tb)
  File "C:\Users\Yoel Abreu\Documents\epran\Astroweb\env\Lib\site-packages\sqlalchemy\pool\base.py", line 715, in checkout
    dbapi_connection = rec.get_connection()
  File "C:\Users\Yoel Abreu\Documents\epran\Astroweb\env\Lib\site-packages\sqlalchemy\pool\base.py", line 866, in get_connection
    self.__connect()
    ~~~~~~~~~~~~~~^^
  File "C:\Users\Yoel Abreu\Documents\epran\Astroweb\env\Lib\site-packages\sqlalchemy\pool\base.py", line 900, in __connect
    with util.safe_reraise():
         ~~~~~~~~~~~~~~~~~^^
  File "C:\Users\Yoel Abreu\Documents\epran\Astroweb\env\Lib\site-packages\sqlalchemy\util\langhelpers.py", line 121, in __exit__
    raise exc_value.with_traceback(exc_tb)
  File "C:\Users\Yoel Abreu\Documents\epran\Astroweb\env\Lib\site-packages\sqlalchemy\pool\base.py", line 896, in __connect
    self.dbapi_connection = connection = pool._invoke_creator(self)
                                         ~~~~~~~~~~~~~~~~~~~~^^^^^^
  File "C:\Users\Yoel Abreu\Documents\epran\Astroweb\env\Lib\site-packages\sqlalchemy\engine\create.py", line 667, in connect
    return dialect.connect(*cargs_tup, **cparams)
           ~~~~~~~~~~~~~~~^^^^^^^^^^^^^^^^^^^^^^^
  File "C:\Users\Yoel Abreu\Documents\epran\Astroweb\env\Lib\site-packages\sqlalchemy\engine\default.py", line 630, in connect
    return self.loaded_dbapi.connect(*cargs, **cparams)  # type: ignore[no-any-return]  # NOQA: E501
           ~~~~~~~~~~~~~~~~~~~~~~~~~^^^^^^^^^^^^^^^^^^^
sqlalchemy.exc.OperationalError: (pyodbc.OperationalError) ('08001', '[08001] [Microsoft][ODBC Driver 17 for SQL Server]Named Pipes Provider: Could not open a connection to SQL Server [1231].  (1231) (SQLDriverConnect); [08001] [Microsoft][ODBC Driver 17 for SQL Server]TCP Provider: Timeout error [258].  (258); [08001] [Microsoft][ODBC Driver 17 for SQL Server]Login timeout expired (0); [08001] [Microsoft][ODBC Driver 17 for SQL Server]Unable to complete login process due to delay in prelogin response (258); [08001] [Microsoft][ODBC Driver 17 for SQL Server]A network-related or instance-specific error has occurred while establishing a connection to SQL Server. Server is not found or not accessible. Check if instance name is correct and if SQL Server is configured to allow remote connections. For more information see SQL Server Books Online. (1231)')
(Background on this error at: https://sqlalche.me/e/20/e3q8)
ERROR:    Exception in ASGI application
Traceback (most recent call last):
  File "C:\Users\Yoel Abreu\Documents\epran\Astroweb\env\Lib\site-packages\sqlalchemy\engine\base.py", line 143, in __init__
    self._dbapi_connection = engine.raw_connection()
                             ~~~~~~~~~~~~~~~~~~~~~^^
  File "C:\Users\Yoel Abreu\Documents\epran\Astroweb\env\Lib\site-packages\sqlalchemy\engine\base.py", line 3317, in raw_connection
    return self.pool.connect()
           ~~~~~~~~~~~~~~~~~^^
  File "C:\Users\Yoel Abreu\Documents\epran\Astroweb\env\Lib\site-packages\sqlalchemy\pool\base.py", line 448, in connect
    return _ConnectionFairy._checkout(self)
           ~~~~~~~~~~~~~~~~~~~~~~~~~~^^^^^^
  File "C:\Users\Yoel Abreu\Documents\epran\Astroweb\env\Lib\site-packages\sqlalchemy\pool\base.py", line 1272, in _checkout
    fairy = _ConnectionRecord.checkout(pool)
  File "C:\Users\Yoel Abreu\Documents\epran\Astroweb\env\Lib\site-packages\sqlalchemy\pool\base.py", line 717, in checkout
    with util.safe_reraise():
         ~~~~~~~~~~~~~~~~~^^
  File "C:\Users\Yoel Abreu\Documents\epran\Astroweb\env\Lib\site-packages\sqlalchemy\util\langhelpers.py", line 121, in __exit__
    raise exc_value.with_traceback(exc_tb)
  File "C:\Users\Yoel Abreu\Documents\epran\Astroweb\env\Lib\site-packages\sqlalchemy\pool\base.py", line 715, in checkout
    dbapi_connection = rec.get_connection()
  File "C:\Users\Yoel Abreu\Documents\epran\Astroweb\env\Lib\site-packages\sqlalchemy\pool\base.py", line 866, in get_connection
    self.__connect()
    ~~~~~~~~~~~~~~^^
  File "C:\Users\Yoel Abreu\Documents\epran\Astroweb\env\Lib\site-packages\sqlalchemy\pool\base.py", line 900, in __connect
    with util.safe_reraise():
         ~~~~~~~~~~~~~~~~~^^
  File "C:\Users\Yoel Abreu\Documents\epran\Astroweb\env\Lib\site-packages\sqlalchemy\util\langhelpers.py", line 121, in __exit__
    raise exc_value.with_traceback(exc_tb)
  File "C:\Users\Yoel Abreu\Documents\epran\Astroweb\env\Lib\site-packages\sqlalchemy\pool\base.py", line 896, in __connect
    self.dbapi_connection = connection = pool._invoke_creator(self)
                                         ~~~~~~~~~~~~~~~~~~~~^^^^^^
  File "C:\Users\Yoel Abreu\Documents\epran\Astroweb\env\Lib\site-packages\sqlalchemy\engine\create.py", line 667, in connect
    return dialect.connect(*cargs_tup, **cparams)
           ~~~~~~~~~~~~~~~^^^^^^^^^^^^^^^^^^^^^^^
  File "C:\Users\Yoel Abreu\Documents\epran\Astroweb\env\Lib\site-packages\sqlalchemy\engine\default.py", line 630, in connect
    return self.loaded_dbapi.connect(*cargs, **cparams)  # type: ignore[no-any-return]  # NOQA: E501
           ~~~~~~~~~~~~~~~~~~~~~~~~~^^^^^^^^^^^^^^^^^^^
pyodbc.OperationalError: ('08001', '[08001] [Microsoft][ODBC Driver 17 for SQL Server]Named Pipes Provider: Could not open a connection to SQL Server [1231].  (1231) (SQLDriverConnect); [08001] [Microsoft][ODBC Driver 17 for SQL Server]TCP Provider: Timeout error [258].  (258); [08001] [Microsoft][ODBC Driver 17 for SQL Server]Login timeout expired (0); [08001] [Microsoft][ODBC Driver 17 for SQL Server]Unable to complete login process due to delay in prelogin response (258); [08001] [Microsoft][ODBC Driver 17 for SQL Server]A network-related or instance-specific error has occurred while establishing a connection to SQL Server. Server is not found or not accessible. Check if instance name is correct and if SQL Server is configured to allow remote connections. For more information see SQL Server Books Online. (1231)')

The above exception was the direct cause of the following exception:

Traceback (most recent call last):
  File "C:\Users\Yoel Abreu\Documents\epran\Astroweb\env\Lib\site-packages\uvicorn\protocols\http\h11_impl.py", line 415, in run_asgi
    result = await app(  # type: ignore[func-returns-value]
             ^^^^^^^^^^^^^^^^^^^^^^^^^^^^^^^^^^^^^^^^^^^^^^
        self.scope, self.receive, self.send
        ^^^^^^^^^^^^^^^^^^^^^^^^^^^^^^^^^^^
    )
    ^
  File "C:\Users\Yoel Abreu\Documents\epran\Astroweb\env\Lib\site-packages\uvicorn\middleware\proxy_headers.py", line 56, in __call__
    return await self.app(scope, receive, send)
           ^^^^^^^^^^^^^^^^^^^^^^^^^^^^^^^^^^^^
  File "C:\Users\Yoel Abreu\Documents\epran\Astroweb\env\Lib\site-packages\fastapi\applications.py", line 1159, in __call__
    await super().__call__(scope, receive, send)
  File "C:\Users\Yoel Abreu\Documents\epran\Astroweb\env\Lib\site-packages\starlette\applications.py", line 90, in __call__
    await self.middleware_stack(scope, receive, send)
  File "C:\Users\Yoel Abreu\Documents\epran\Astroweb\env\Lib\site-packages\starlette\middleware\errors.py", line 186, in __call__
    raise exc
  File "C:\Users\Yoel Abreu\Documents\epran\Astroweb\env\Lib\site-packages\starlette\middleware\errors.py", line 164, in __call__
    await self.app(scope, receive, _send)
  File "C:\Users\Yoel Abreu\Documents\epran\Astroweb\env\Lib\site-packages\starlette\middleware\cors.py", line 88, in __call__
    await self.app(scope, receive, send)
  File "C:\Users\Yoel Abreu\Documents\epran\Astroweb\env\Lib\site-packages\starlette\middleware\exceptions.py", line 63, in __call__
    await wrap_app_handling_exceptions(self.app, conn)(scope, receive, send)
  File "C:\Users\Yoel Abreu\Documents\epran\Astroweb\env\Lib\site-packages\starlette\_exception_handler.py", line 53, in wrapped_app
    raise exc
  File "C:\Users\Yoel Abreu\Documents\epran\Astroweb\env\Lib\site-packages\starlette\_exception_handler.py", line 42, in wrapped_app
    await app(scope, receive, sender)
  File "C:\Users\Yoel Abreu\Documents\epran\Astroweb\env\Lib\site-packages\fastapi\middleware\asyncexitstack.py", line 18, in __call__
    await self.app(scope, receive, send)
  File "C:\Users\Yoel Abreu\Documents\epran\Astroweb\env\Lib\site-packages\starlette\routing.py", line 660, in __call__
    await self.middleware_stack(scope, receive, send)
  File "C:\Users\Yoel Abreu\Documents\epran\Astroweb\env\Lib\site-packages\starlette\routing.py", line 680, in app
    await route.handle(scope, receive, send)
  File "C:\Users\Yoel Abreu\Documents\epran\Astroweb\env\Lib\site-packages\starlette\routing.py", line 276, in handle
    await self.app(scope, receive, send)
  File "C:\Users\Yoel Abreu\Documents\epran\Astroweb\env\Lib\site-packages\fastapi\routing.py", line 134, in app
    await wrap_app_handling_exceptions(app, request)(scope, receive, send)
  File "C:\Users\Yoel Abreu\Documents\epran\Astroweb\env\Lib\site-packages\starlette\_exception_handler.py", line 53, in wrapped_app
    raise exc
  File "C:\Users\Yoel Abreu\Documents\epran\Astroweb\env\Lib\site-packages\starlette\_exception_handler.py", line 42, in wrapped_app
    await app(scope, receive, sender)
  File "C:\Users\Yoel Abreu\Documents\epran\Astroweb\env\Lib\site-packages\fastapi\routing.py", line 120, in app
    response = await f(request)
               ^^^^^^^^^^^^^^^^
  File "C:\Users\Yoel Abreu\Documents\epran\Astroweb\env\Lib\site-packages\fastapi\routing.py", line 457, in app
    solved_result = await solve_dependencies(
                    ^^^^^^^^^^^^^^^^^^^^^^^^^
    ...<6 lines>...
    )
    ^
  File "C:\Users\Yoel Abreu\Documents\epran\Astroweb\env\Lib\site-packages\fastapi\dependencies\utils.py", line 680, in solve_dependencies
    solved = await run_in_threadpool(call, **solved_result.values)
             ^^^^^^^^^^^^^^^^^^^^^^^^^^^^^^^^^^^^^^^^^^^^^^^^^^^^^
  File "C:\Users\Yoel Abreu\Documents\epran\Astroweb\env\Lib\site-packages\starlette\concurrency.py", line 32, in run_in_threadpool
    return await anyio.to_thread.run_sync(func)
           ^^^^^^^^^^^^^^^^^^^^^^^^^^^^^^^^^^^^
  File "C:\Users\Yoel Abreu\Documents\epran\Astroweb\env\Lib\site-packages\anyio\to_thread.py", line 63, in run_sync
    return await get_async_backend().run_sync_in_worker_thread(
           ^^^^^^^^^^^^^^^^^^^^^^^^^^^^^^^^^^^^^^^^^^^^^^^^^^^^
        func, args, abandon_on_cancel=abandon_on_cancel, limiter=limiter
        ^^^^^^^^^^^^^^^^^^^^^^^^^^^^^^^^^^^^^^^^^^^^^^^^^^^^^^^^^^^^^^^^
    )
    ^
  File "C:\Users\Yoel Abreu\Documents\epran\Astroweb\env\Lib\site-packages\anyio\_backends\_asyncio.py", line 2502, in run_sync_in_worker_thread
    return await future
           ^^^^^^^^^^^^
  File "C:\Users\Yoel Abreu\Documents\epran\Astroweb\env\Lib\site-packages\anyio\_backends\_asyncio.py", line 986, in run
    result = context.run(func, *args)
  File "C:\Users\Yoel Abreu\Documents\epran\Astroweb\.run-v2\AppWeb_v2\backend\app\core\dependencies.py", line 28, in get_current_user
    ).first()
      ~~~~~^^
  File "C:\Users\Yoel Abreu\Documents\epran\Astroweb\env\Lib\site-packages\sqlalchemy\orm\query.py", line 2766, in first
    return self.limit(1)._iter().first()  # type: ignore
           ~~~~~~~~~~~~~~~~~~~^^
  File "C:\Users\Yoel Abreu\Documents\epran\Astroweb\env\Lib\site-packages\sqlalchemy\orm\query.py", line 2864, in _iter
    result: Union[ScalarResult[_T], Result[_T]] = self.session.execute(
                                                  ~~~~~~~~~~~~~~~~~~~~^
        statement,
        ^^^^^^^^^^
        params,
        ^^^^^^^
        execution_options={"_sa_orm_load_options": self.load_options},
        ^^^^^^^^^^^^^^^^^^^^^^^^^^^^^^^^^^^^^^^^^^^^^^^^^^^^^^^^^^^^^^
    )
    ^
  File "C:\Users\Yoel Abreu\Documents\epran\Astroweb\env\Lib\site-packages\sqlalchemy\orm\session.py", line 2351, in execute
    return self._execute_internal(
           ~~~~~~~~~~~~~~~~~~~~~~^
        statement,
        ^^^^^^^^^^
    ...<4 lines>...
        _add_event=_add_event,
        ^^^^^^^^^^^^^^^^^^^^^^
    )
    ^
  File "C:\Users\Yoel Abreu\Documents\epran\Astroweb\env\Lib\site-packages\sqlalchemy\orm\session.py", line 2239, in _execute_internal
    conn = self._connection_for_bind(bind)
  File "C:\Users\Yoel Abreu\Documents\epran\Astroweb\env\Lib\site-packages\sqlalchemy\orm\session.py", line 2108, in _connection_for_bind
    return trans._connection_for_bind(engine, execution_options)
           ~~~~~~~~~~~~~~~~~~~~~~~~~~^^^^^^^^^^^^^^^^^^^^^^^^^^^
  File "<string>", line 2, in _connection_for_bind
  File "C:\Users\Yoel Abreu\Documents\epran\Astroweb\env\Lib\site-packages\sqlalchemy\orm\state_changes.py", line 137, in _go
    ret_value = fn(self, *arg, **kw)
  File "C:\Users\Yoel Abreu\Documents\epran\Astroweb\env\Lib\site-packages\sqlalchemy\orm\session.py", line 1187, in _connection_for_bind
    conn = bind.connect()
  File "C:\Users\Yoel Abreu\Documents\epran\Astroweb\env\Lib\site-packages\sqlalchemy\engine\base.py", line 3293, in connect
    return self._connection_cls(self)
           ~~~~~~~~~~~~~~~~~~~~^^^^^^
  File "C:\Users\Yoel Abreu\Documents\epran\Astroweb\env\Lib\site-packages\sqlalchemy\engine\base.py", line 145, in __init__
    Connection._handle_dbapi_exception_noconnection(
    ~~~~~~~~~~~~~~~~~~~~~~~~~~~~~~~~~~~~~~~~~~~~~~~^
        err, dialect, engine
        ^^^^^^^^^^^^^^^^^^^^
    )
    ^
  File "C:\Users\Yoel Abreu\Documents\epran\Astroweb\env\Lib\site-packages\sqlalchemy\engine\base.py", line 2448, in _handle_dbapi_exception_noconnection
    raise sqlalchemy_exception.with_traceback(exc_info[2]) from e
  File "C:\Users\Yoel Abreu\Documents\epran\Astroweb\env\Lib\site-packages\sqlalchemy\engine\base.py", line 143, in __init__
    self._dbapi_connection = engine.raw_connection()
                             ~~~~~~~~~~~~~~~~~~~~~^^
  File "C:\Users\Yoel Abreu\Documents\epran\Astroweb\env\Lib\site-packages\sqlalchemy\engine\base.py", line 3317, in raw_connection
    return self.pool.connect()
           ~~~~~~~~~~~~~~~~~^^
  File "C:\Users\Yoel Abreu\Documents\epran\Astroweb\env\Lib\site-packages\sqlalchemy\pool\base.py", line 448, in connect
    return _ConnectionFairy._checkout(self)
           ~~~~~~~~~~~~~~~~~~~~~~~~~~^^^^^^
  File "C:\Users\Yoel Abreu\Documents\epran\Astroweb\env\Lib\site-packages\sqlalchemy\pool\base.py", line 1272, in _checkout
    fairy = _ConnectionRecord.checkout(pool)
  File "C:\Users\Yoel Abreu\Documents\epran\Astroweb\env\Lib\site-packages\sqlalchemy\pool\base.py", line 717, in checkout
    with util.safe_reraise():
         ~~~~~~~~~~~~~~~~~^^
  File "C:\Users\Yoel Abreu\Documents\epran\Astroweb\env\Lib\site-packages\sqlalchemy\util\langhelpers.py", line 121, in __exit__
    raise exc_value.with_traceback(exc_tb)
  File "C:\Users\Yoel Abreu\Documents\epran\Astroweb\env\Lib\site-packages\sqlalchemy\pool\base.py", line 715, in checkout
    dbapi_connection = rec.get_connection()
  File "C:\Users\Yoel Abreu\Documents\epran\Astroweb\env\Lib\site-packages\sqlalchemy\pool\base.py", line 866, in get_connection
    self.__connect()
    ~~~~~~~~~~~~~~^^
  File "C:\Users\Yoel Abreu\Documents\epran\Astroweb\env\Lib\site-packages\sqlalchemy\pool\base.py", line 900, in __connect
    with util.safe_reraise():
         ~~~~~~~~~~~~~~~~~^^
  File "C:\Users\Yoel Abreu\Documents\epran\Astroweb\env\Lib\site-packages\sqlalchemy\util\langhelpers.py", line 121, in __exit__
    raise exc_value.with_traceback(exc_tb)
  File "C:\Users\Yoel Abreu\Documents\epran\Astroweb\env\Lib\site-packages\sqlalchemy\pool\base.py", line 896, in __connect
    self.dbapi_connection = connection = pool._invoke_creator(self)
                                         ~~~~~~~~~~~~~~~~~~~~^^^^^^
  File "C:\Users\Yoel Abreu\Documents\epran\Astroweb\env\Lib\site-packages\sqlalchemy\engine\create.py", line 667, in connect
    return dialect.connect(*cargs_tup, **cparams)
           ~~~~~~~~~~~~~~~^^^^^^^^^^^^^^^^^^^^^^^
  File "C:\Users\Yoel Abreu\Documents\epran\Astroweb\env\Lib\site-packages\sqlalchemy\engine\default.py", line 630, in connect
    return self.loaded_dbapi.connect(*cargs, **cparams)  # type: ignore[no-any-return]  # NOQA: E501
           ~~~~~~~~~~~~~~~~~~~~~~~~~^^^^^^^^^^^^^^^^^^^
sqlalchemy.exc.OperationalError: (pyodbc.OperationalError) ('08001', '[08001] [Microsoft][ODBC Driver 17 for SQL Server]Named Pipes Provider: Could not open a connection to SQL Server [1231].  (1231) (SQLDriverConnect); [08001] [Microsoft][ODBC Driver 17 for SQL Server]TCP Provider: Timeout error [258].  (258); [08001] [Microsoft][ODBC Driver 17 for SQL Server]Login timeout expired (0); [08001] [Microsoft][ODBC Driver 17 for SQL Server]Unable to complete login process due to delay in prelogin response (258); [08001] [Microsoft][ODBC Driver 17 for SQL Server]A network-related or instance-specific error has occurred while establishing a connection to SQL Server. Server is not found or not accessible. Check if instance name is correct and if SQL Server is configured to allow remote connections. For more information see SQL Server Books Online. (1231)')
(Background on this error at: https://sqlalche.me/e/20/e3q8)
CRASH DETECTED in /api/centro-mando/activaciones: (pyodbc.OperationalError) ('08001', '[08001] [Microsoft][ODBC Driver 17 for SQL Server]Named Pipes Provider: Could not open a connection to SQL Server [1231].  (1231) (SQLDriverConnect); [08001] [Microsoft][ODBC Driver 17 for SQL Server]TCP Provider: Timeout error [258].  (258); [08001] [Microsoft][ODBC Driver 17 for SQL Server]Login timeout expired (0); [08001] [Microsoft][ODBC Driver 17 for SQL Server]Unable to complete login process due to delay in prelogin response (258); [08001] [Microsoft][ODBC Driver 17 for SQL Server]A network-related or instance-specific error has occurred while establishing a connection to SQL Server. Server is not found or not accessible. Check if instance name is correct and if SQL Server is configured to allow remote connections. For more information see SQL Server Books Online. (1231)')
(Background on this error at: https://sqlalche.me/e/20/e3q8)
Traceback (most recent call last):
  File "C:\Users\Yoel Abreu\Documents\epran\Astroweb\env\Lib\site-packages\sqlalchemy\engine\base.py", line 143, in __init__
    self._dbapi_connection = engine.raw_connection()
                             ~~~~~~~~~~~~~~~~~~~~~^^
  File "C:\Users\Yoel Abreu\Documents\epran\Astroweb\env\Lib\site-packages\sqlalchemy\engine\base.py", line 3317, in raw_connection
    return self.pool.connect()
           ~~~~~~~~~~~~~~~~~^^
  File "C:\Users\Yoel Abreu\Documents\epran\Astroweb\env\Lib\site-packages\sqlalchemy\pool\base.py", line 448, in connect
    return _ConnectionFairy._checkout(self)
           ~~~~~~~~~~~~~~~~~~~~~~~~~~^^^^^^
  File "C:\Users\Yoel Abreu\Documents\epran\Astroweb\env\Lib\site-packages\sqlalchemy\pool\base.py", line 1272, in _checkout
    fairy = _ConnectionRecord.checkout(pool)
  File "C:\Users\Yoel Abreu\Documents\epran\Astroweb\env\Lib\site-packages\sqlalchemy\pool\base.py", line 717, in checkout
    with util.safe_reraise():
         ~~~~~~~~~~~~~~~~~^^
  File "C:\Users\Yoel Abreu\Documents\epran\Astroweb\env\Lib\site-packages\sqlalchemy\util\langhelpers.py", line 121, in __exit__
    raise exc_value.with_traceback(exc_tb)
  File "C:\Users\Yoel Abreu\Documents\epran\Astroweb\env\Lib\site-packages\sqlalchemy\pool\base.py", line 715, in checkout
    dbapi_connection = rec.get_connection()
  File "C:\Users\Yoel Abreu\Documents\epran\Astroweb\env\Lib\site-packages\sqlalchemy\pool\base.py", line 866, in get_connection
    self.__connect()
    ~~~~~~~~~~~~~~^^
  File "C:\Users\Yoel Abreu\Documents\epran\Astroweb\env\Lib\site-packages\sqlalchemy\pool\base.py", line 900, in __connect
    with util.safe_reraise():
         ~~~~~~~~~~~~~~~~~^^
  File "C:\Users\Yoel Abreu\Documents\epran\Astroweb\env\Lib\site-packages\sqlalchemy\util\langhelpers.py", line 121, in __exit__
    raise exc_value.with_traceback(exc_tb)
  File "C:\Users\Yoel Abreu\Documents\epran\Astroweb\env\Lib\site-packages\sqlalchemy\pool\base.py", line 896, in __connect
    self.dbapi_connection = connection = pool._invoke_creator(self)
                                         ~~~~~~~~~~~~~~~~~~~~^^^^^^
  File "C:\Users\Yoel Abreu\Documents\epran\Astroweb\env\Lib\site-packages\sqlalchemy\engine\create.py", line 667, in connect
    return dialect.connect(*cargs_tup, **cparams)
           ~~~~~~~~~~~~~~~^^^^^^^^^^^^^^^^^^^^^^^
  File "C:\Users\Yoel Abreu\Documents\epran\Astroweb\env\Lib\site-packages\sqlalchemy\engine\default.py", line 630, in connect
    return self.loaded_dbapi.connect(*cargs, **cparams)  # type: ignore[no-any-return]  # NOQA: E501
           ~~~~~~~~~~~~~~~~~~~~~~~~~^^^^^^^^^^^^^^^^^^^
pyodbc.OperationalError: ('08001', '[08001] [Microsoft][ODBC Driver 17 for SQL Server]Named Pipes Provider: Could not open a connection to SQL Server [1231].  (1231) (SQLDriverConnect); [08001] [Microsoft][ODBC Driver 17 for SQL Server]TCP Provider: Timeout error [258].  (258); [08001] [Microsoft][ODBC Driver 17 for SQL Server]Login timeout expired (0); [08001] [Microsoft][ODBC Driver 17 for SQL Server]Unable to complete login process due to delay in prelogin response (258); [08001] [Microsoft][ODBC Driver 17 for SQL Server]A network-related or instance-specific error has occurred while establishing a connection to SQL Server. Server is not found or not accessible. Check if instance name is correct and if SQL Server is configured to allow remote connections. For more information see SQL Server Books Online. (1231)')

The above exception was the direct cause of the following exception:

Traceback (most recent call last):
  File "C:\Users\Yoel Abreu\Documents\epran\Astroweb\env\Lib\site-packages\starlette\middleware\errors.py", line 164, in __call__
    await self.app(scope, receive, _send)
  File "C:\Users\Yoel Abreu\Documents\epran\Astroweb\env\Lib\site-packages\starlette\middleware\cors.py", line 88, in __call__
    await self.app(scope, receive, send)
  File "C:\Users\Yoel Abreu\Documents\epran\Astroweb\env\Lib\site-packages\starlette\middleware\exceptions.py", line 63, in __call__
    await wrap_app_handling_exceptions(self.app, conn)(scope, receive, send)
  File "C:\Users\Yoel Abreu\Documents\epran\Astroweb\env\Lib\site-packages\starlette\_exception_handler.py", line 53, in wrapped_app
    raise exc
  File "C:\Users\Yoel Abreu\Documents\epran\Astroweb\env\Lib\site-packages\starlette\_exception_handler.py", line 42, in wrapped_app
    await app(scope, receive, sender)
  File "C:\Users\Yoel Abreu\Documents\epran\Astroweb\env\Lib\site-packages\fastapi\middleware\asyncexitstack.py", line 18, in __call__
    await self.app(scope, receive, send)
  File "C:\Users\Yoel Abreu\Documents\epran\Astroweb\env\Lib\site-packages\starlette\routing.py", line 660, in __call__
    await self.middleware_stack(scope, receive, send)
  File "C:\Users\Yoel Abreu\Documents\epran\Astroweb\env\Lib\site-packages\starlette\routing.py", line 680, in app
    await route.handle(scope, receive, send)
  File "C:\Users\Yoel Abreu\Documents\epran\Astroweb\env\Lib\site-packages\starlette\routing.py", line 276, in handle
    await self.app(scope, receive, send)
  File "C:\Users\Yoel Abreu\Documents\epran\Astroweb\env\Lib\site-packages\fastapi\routing.py", line 134, in app
    await wrap_app_handling_exceptions(app, request)(scope, receive, send)
  File "C:\Users\Yoel Abreu\Documents\epran\Astroweb\env\Lib\site-packages\starlette\_exception_handler.py", line 53, in wrapped_app
    raise exc
  File "C:\Users\Yoel Abreu\Documents\epran\Astroweb\env\Lib\site-packages\starlette\_exception_handler.py", line 42, in wrapped_app
    await app(scope, receive, sender)
  File "C:\Users\Yoel Abreu\Documents\epran\Astroweb\env\Lib\site-packages\fastapi\routing.py", line 120, in app
    response = await f(request)
               ^^^^^^^^^^^^^^^^
  File "C:\Users\Yoel Abreu\Documents\epran\Astroweb\env\Lib\site-packages\fastapi\routing.py", line 457, in app
    solved_result = await solve_dependencies(
                    ^^^^^^^^^^^^^^^^^^^^^^^^^
    ...<6 lines>...
    )
    ^
  File "C:\Users\Yoel Abreu\Documents\epran\Astroweb\env\Lib\site-packages\fastapi\dependencies\utils.py", line 680, in solve_dependencies
    solved = await run_in_threadpool(call, **solved_result.values)
             ^^^^^^^^^^^^^^^^^^^^^^^^^^^^^^^^^^^^^^^^^^^^^^^^^^^^^
  File "C:\Users\Yoel Abreu\Documents\epran\Astroweb\env\Lib\site-packages\starlette\concurrency.py", line 32, in run_in_threadpool
    return await anyio.to_thread.run_sync(func)
           ^^^^^^^^^^^^^^^^^^^^^^^^^^^^^^^^^^^^
  File "C:\Users\Yoel Abreu\Documents\epran\Astroweb\env\Lib\site-packages\anyio\to_thread.py", line 63, in run_sync
    return await get_async_backend().run_sync_in_worker_thread(
           ^^^^^^^^^^^^^^^^^^^^^^^^^^^^^^^^^^^^^^^^^^^^^^^^^^^^
        func, args, abandon_on_cancel=abandon_on_cancel, limiter=limiter
        ^^^^^^^^^^^^^^^^^^^^^^^^^^^^^^^^^^^^^^^^^^^^^^^^^^^^^^^^^^^^^^^^
    )
    ^
  File "C:\Users\Yoel Abreu\Documents\epran\Astroweb\env\Lib\site-packages\anyio\_backends\_asyncio.py", line 2502, in run_sync_in_worker_thread
    return await future
           ^^^^^^^^^^^^
  File "C:\Users\Yoel Abreu\Documents\epran\Astroweb\env\Lib\site-packages\anyio\_backends\_asyncio.py", line 986, in run
    result = context.run(func, *args)
  File "C:\Users\Yoel Abreu\Documents\epran\Astroweb\.run-v2\AppWeb_v2\backend\app\core\dependencies.py", line 28, in get_current_user
    ).first()
      ~~~~~^^
  File "C:\Users\Yoel Abreu\Documents\epran\Astroweb\env\Lib\site-packages\sqlalchemy\orm\query.py", line 2766, in first
    return self.limit(1)._iter().first()  # type: ignore
           ~~~~~~~~~~~~~~~~~~~^^
  File "C:\Users\Yoel Abreu\Documents\epran\Astroweb\env\Lib\site-packages\sqlalchemy\orm\query.py", line 2864, in _iter
    result: Union[ScalarResult[_T], Result[_T]] = self.session.execute(
                                                  ~~~~~~~~~~~~~~~~~~~~^
        statement,
        ^^^^^^^^^^
        params,
        ^^^^^^^
        execution_options={"_sa_orm_load_options": self.load_options},
        ^^^^^^^^^^^^^^^^^^^^^^^^^^^^^^^^^^^^^^^^^^^^^^^^^^^^^^^^^^^^^^
    )
    ^
  File "C:\Users\Yoel Abreu\Documents\epran\Astroweb\env\Lib\site-packages\sqlalchemy\orm\session.py", line 2351, in execute
    return self._execute_internal(
           ~~~~~~~~~~~~~~~~~~~~~~^
        statement,
        ^^^^^^^^^^
    ...<4 lines>...
        _add_event=_add_event,
        ^^^^^^^^^^^^^^^^^^^^^^
    )
    ^
  File "C:\Users\Yoel Abreu\Documents\epran\Astroweb\env\Lib\site-packages\sqlalchemy\orm\session.py", line 2239, in _execute_internal
    conn = self._connection_for_bind(bind)
  File "C:\Users\Yoel Abreu\Documents\epran\Astroweb\env\Lib\site-packages\sqlalchemy\orm\session.py", line 2108, in _connection_for_bind
    return trans._connection_for_bind(engine, execution_options)
           ~~~~~~~~~~~~~~~~~~~~~~~~~~^^^^^^^^^^^^^^^^^^^^^^^^^^^
  File "<string>", line 2, in _connection_for_bind
  File "C:\Users\Yoel Abreu\Documents\epran\Astroweb\env\Lib\site-packages\sqlalchemy\orm\state_changes.py", line 137, in _go
    ret_value = fn(self, *arg, **kw)
  File "C:\Users\Yoel Abreu\Documents\epran\Astroweb\env\Lib\site-packages\sqlalchemy\orm\session.py", line 1187, in _connection_for_bind
    conn = bind.connect()
  File "C:\Users\Yoel Abreu\Documents\epran\Astroweb\env\Lib\site-packages\sqlalchemy\engine\base.py", line 3293, in connect
    return self._connection_cls(self)
           ~~~~~~~~~~~~~~~~~~~~^^^^^^
  File "C:\Users\Yoel Abreu\Documents\epran\Astroweb\env\Lib\site-packages\sqlalchemy\engine\base.py", line 145, in __init__
    Connection._handle_dbapi_exception_noconnection(
    ~~~~~~~~~~~~~~~~~~~~~~~~~~~~~~~~~~~~~~~~~~~~~~~^
        err, dialect, engine
        ^^^^^^^^^^^^^^^^^^^^
    )
    ^
  File "C:\Users\Yoel Abreu\Documents\epran\Astroweb\env\Lib\site-packages\sqlalchemy\engine\base.py", line 2448, in _handle_dbapi_exception_noconnection
    raise sqlalchemy_exception.with_traceback(exc_info[2]) from e
  File "C:\Users\Yoel Abreu\Documents\epran\Astroweb\env\Lib\site-packages\sqlalchemy\engine\base.py", line 143, in __init__
    self._dbapi_connection = engine.raw_connection()
                             ~~~~~~~~~~~~~~~~~~~~~^^
  File "C:\Users\Yoel Abreu\Documents\epran\Astroweb\env\Lib\site-packages\sqlalchemy\engine\base.py", line 3317, in raw_connection
    return self.pool.connect()
           ~~~~~~~~~~~~~~~~~^^
  File "C:\Users\Yoel Abreu\Documents\epran\Astroweb\env\Lib\site-packages\sqlalchemy\pool\base.py", line 448, in connect
    return _ConnectionFairy._checkout(self)
           ~~~~~~~~~~~~~~~~~~~~~~~~~~^^^^^^
  File "C:\Users\Yoel Abreu\Documents\epran\Astroweb\env\Lib\site-packages\sqlalchemy\pool\base.py", line 1272, in _checkout
    fairy = _ConnectionRecord.checkout(pool)
  File "C:\Users\Yoel Abreu\Documents\epran\Astroweb\env\Lib\site-packages\sqlalchemy\pool\base.py", line 717, in checkout
    with util.safe_reraise():
         ~~~~~~~~~~~~~~~~~^^
  File "C:\Users\Yoel Abreu\Documents\epran\Astroweb\env\Lib\site-packages\sqlalchemy\util\langhelpers.py", line 121, in __exit__
    raise exc_value.with_traceback(exc_tb)
  File "C:\Users\Yoel Abreu\Documents\epran\Astroweb\env\Lib\site-packages\sqlalchemy\pool\base.py", line 715, in checkout
    dbapi_connection = rec.get_connection()
  File "C:\Users\Yoel Abreu\Documents\epran\Astroweb\env\Lib\site-packages\sqlalchemy\pool\base.py", line 866, in get_connection
    self.__connect()
    ~~~~~~~~~~~~~~^^
  File "C:\Users\Yoel Abreu\Documents\epran\Astroweb\env\Lib\site-packages\sqlalchemy\pool\base.py", line 900, in __connect
    with util.safe_reraise():
         ~~~~~~~~~~~~~~~~~^^
  File "C:\Users\Yoel Abreu\Documents\epran\Astroweb\env\Lib\site-packages\sqlalchemy\util\langhelpers.py", line 121, in __exit__
    raise exc_value.with_traceback(exc_tb)
  File "C:\Users\Yoel Abreu\Documents\epran\Astroweb\env\Lib\site-packages\sqlalchemy\pool\base.py", line 896, in __connect
    self.dbapi_connection = connection = pool._invoke_creator(self)
                                         ~~~~~~~~~~~~~~~~~~~~^^^^^^
  File "C:\Users\Yoel Abreu\Documents\epran\Astroweb\env\Lib\site-packages\sqlalchemy\engine\create.py", line 667, in connect
    return dialect.connect(*cargs_tup, **cparams)
           ~~~~~~~~~~~~~~~^^^^^^^^^^^^^^^^^^^^^^^
  File "C:\Users\Yoel Abreu\Documents\epran\Astroweb\env\Lib\site-packages\sqlalchemy\engine\default.py", line 630, in connect
    return self.loaded_dbapi.connect(*cargs, **cparams)  # type: ignore[no-any-return]  # NOQA: E501
           ~~~~~~~~~~~~~~~~~~~~~~~~~^^^^^^^^^^^^^^^^^^^
sqlalchemy.exc.OperationalError: (pyodbc.OperationalError) ('08001', '[08001] [Microsoft][ODBC Driver 17 for SQL Server]Named Pipes Provider: Could not open a connection to SQL Server [1231].  (1231) (SQLDriverConnect); [08001] [Microsoft][ODBC Driver 17 for SQL Server]TCP Provider: Timeout error [258].  (258); [08001] [Microsoft][ODBC Driver 17 for SQL Server]Login timeout expired (0); [08001] [Microsoft][ODBC Driver 17 for SQL Server]Unable to complete login process due to delay in prelogin response (258); [08001] [Microsoft][ODBC Driver 17 for SQL Server]A network-related or instance-specific error has occurred while establishing a connection to SQL Server. Server is not found or not accessible. Check if instance name is correct and if SQL Server is configured to allow remote connections. For more information see SQL Server Books Online. (1231)')
(Background on this error at: https://sqlalche.me/e/20/e3q8)
2026-06-20 23:07:56,156 - app - ERROR - Error no manejado en /api/centro-mando/activaciones: (pyodbc.OperationalError) ('08001', '[08001] [Microsoft][ODBC Driver 17 for SQL Server]Named Pipes Provider: Could not open a connection to SQL Server [1231].  (1231) (SQLDriverConnect); [08001] [Microsoft][ODBC Driver 17 for SQL Server]TCP Provider: Timeout error [258].  (258); [08001] [Microsoft][ODBC Driver 17 for SQL Server]Login timeout expired (0); [08001] [Microsoft][ODBC Driver 17 for SQL Server]Unable to complete login process due to delay in prelogin response (258); [08001] [Microsoft][ODBC Driver 17 for SQL Server]A network-related or instance-specific error has occurred while establishing a connection to SQL Server. Server is not found or not accessible. Check if instance name is correct and if SQL Server is configured to allow remote connections. For more information see SQL Server Books Online. (1231)')
(Background on this error at: https://sqlalche.me/e/20/e3q8)
Traceback (most recent call last):
  File "C:\Users\Yoel Abreu\Documents\epran\Astroweb\env\Lib\site-packages\sqlalchemy\engine\base.py", line 143, in __init__
    self._dbapi_connection = engine.raw_connection()
                             ~~~~~~~~~~~~~~~~~~~~~^^
  File "C:\Users\Yoel Abreu\Documents\epran\Astroweb\env\Lib\site-packages\sqlalchemy\engine\base.py", line 3317, in raw_connection
    return self.pool.connect()
           ~~~~~~~~~~~~~~~~~^^
  File "C:\Users\Yoel Abreu\Documents\epran\Astroweb\env\Lib\site-packages\sqlalchemy\pool\base.py", line 448, in connect
    return _ConnectionFairy._checkout(self)
           ~~~~~~~~~~~~~~~~~~~~~~~~~~^^^^^^
  File "C:\Users\Yoel Abreu\Documents\epran\Astroweb\env\Lib\site-packages\sqlalchemy\pool\base.py", line 1272, in _checkout
    fairy = _ConnectionRecord.checkout(pool)
  File "C:\Users\Yoel Abreu\Documents\epran\Astroweb\env\Lib\site-packages\sqlalchemy\pool\base.py", line 717, in checkout
    with util.safe_reraise():
         ~~~~~~~~~~~~~~~~~^^
  File "C:\Users\Yoel Abreu\Documents\epran\Astroweb\env\Lib\site-packages\sqlalchemy\util\langhelpers.py", line 121, in __exit__
    raise exc_value.with_traceback(exc_tb)
  File "C:\Users\Yoel Abreu\Documents\epran\Astroweb\env\Lib\site-packages\sqlalchemy\pool\base.py", line 715, in checkout
    dbapi_connection = rec.get_connection()
  File "C:\Users\Yoel Abreu\Documents\epran\Astroweb\env\Lib\site-packages\sqlalchemy\pool\base.py", line 866, in get_connection
    self.__connect()
    ~~~~~~~~~~~~~~^^
  File "C:\Users\Yoel Abreu\Documents\epran\Astroweb\env\Lib\site-packages\sqlalchemy\pool\base.py", line 900, in __connect
    with util.safe_reraise():
         ~~~~~~~~~~~~~~~~~^^
  File "C:\Users\Yoel Abreu\Documents\epran\Astroweb\env\Lib\site-packages\sqlalchemy\util\langhelpers.py", line 121, in __exit__
    raise exc_value.with_traceback(exc_tb)
  File "C:\Users\Yoel Abreu\Documents\epran\Astroweb\env\Lib\site-packages\sqlalchemy\pool\base.py", line 896, in __connect
    self.dbapi_connection = connection = pool._invoke_creator(self)
                                         ~~~~~~~~~~~~~~~~~~~~^^^^^^
  File "C:\Users\Yoel Abreu\Documents\epran\Astroweb\env\Lib\site-packages\sqlalchemy\engine\create.py", line 667, in connect
    return dialect.connect(*cargs_tup, **cparams)
           ~~~~~~~~~~~~~~~^^^^^^^^^^^^^^^^^^^^^^^
  File "C:\Users\Yoel Abreu\Documents\epran\Astroweb\env\Lib\site-packages\sqlalchemy\engine\default.py", line 630, in connect
    return self.loaded_dbapi.connect(*cargs, **cparams)  # type: ignore[no-any-return]  # NOQA: E501
           ~~~~~~~~~~~~~~~~~~~~~~~~~^^^^^^^^^^^^^^^^^^^
pyodbc.OperationalError: ('08001', '[08001] [Microsoft][ODBC Driver 17 for SQL Server]Named Pipes Provider: Could not open a connection to SQL Server [1231].  (1231) (SQLDriverConnect); [08001] [Microsoft][ODBC Driver 17 for SQL Server]TCP Provider: Timeout error [258].  (258); [08001] [Microsoft][ODBC Driver 17 for SQL Server]Login timeout expired (0); [08001] [Microsoft][ODBC Driver 17 for SQL Server]Unable to complete login process due to delay in prelogin response (258); [08001] [Microsoft][ODBC Driver 17 for SQL Server]A network-related or instance-specific error has occurred while establishing a connection to SQL Server. Server is not found or not accessible. Check if instance name is correct and if SQL Server is configured to allow remote connections. For more information see SQL Server Books Online. (1231)')

The above exception was the direct cause of the following exception:

Traceback (most recent call last):
  File "C:\Users\Yoel Abreu\Documents\epran\Astroweb\env\Lib\site-packages\starlette\middleware\errors.py", line 164, in __call__
    await self.app(scope, receive, _send)
  File "C:\Users\Yoel Abreu\Documents\epran\Astroweb\env\Lib\site-packages\starlette\middleware\cors.py", line 88, in __call__
    await self.app(scope, receive, send)
  File "C:\Users\Yoel Abreu\Documents\epran\Astroweb\env\Lib\site-packages\starlette\middleware\exceptions.py", line 63, in __call__
    await wrap_app_handling_exceptions(self.app, conn)(scope, receive, send)
  File "C:\Users\Yoel Abreu\Documents\epran\Astroweb\env\Lib\site-packages\starlette\_exception_handler.py", line 53, in wrapped_app
    raise exc
  File "C:\Users\Yoel Abreu\Documents\epran\Astroweb\env\Lib\site-packages\starlette\_exception_handler.py", line 42, in wrapped_app
    await app(scope, receive, sender)
  File "C:\Users\Yoel Abreu\Documents\epran\Astroweb\env\Lib\site-packages\fastapi\middleware\asyncexitstack.py", line 18, in __call__
    await self.app(scope, receive, send)
  File "C:\Users\Yoel Abreu\Documents\epran\Astroweb\env\Lib\site-packages\starlette\routing.py", line 660, in __call__
    await self.middleware_stack(scope, receive, send)
  File "C:\Users\Yoel Abreu\Documents\epran\Astroweb\env\Lib\site-packages\starlette\routing.py", line 680, in app
    await route.handle(scope, receive, send)
  File "C:\Users\Yoel Abreu\Documents\epran\Astroweb\env\Lib\site-packages\starlette\routing.py", line 276, in handle
    await self.app(scope, receive, send)
  File "C:\Users\Yoel Abreu\Documents\epran\Astroweb\env\Lib\site-packages\fastapi\routing.py", line 134, in app
    await wrap_app_handling_exceptions(app, request)(scope, receive, send)
  File "C:\Users\Yoel Abreu\Documents\epran\Astroweb\env\Lib\site-packages\starlette\_exception_handler.py", line 53, in wrapped_app
    raise exc
  File "C:\Users\Yoel Abreu\Documents\epran\Astroweb\env\Lib\site-packages\starlette\_exception_handler.py", line 42, in wrapped_app
    await app(scope, receive, sender)
  File "C:\Users\Yoel Abreu\Documents\epran\Astroweb\env\Lib\site-packages\fastapi\routing.py", line 120, in app
    response = await f(request)
               ^^^^^^^^^^^^^^^^
  File "C:\Users\Yoel Abreu\Documents\epran\Astroweb\env\Lib\site-packages\fastapi\routing.py", line 457, in app
    solved_result = await solve_dependencies(
                    ^^^^^^^^^^^^^^^^^^^^^^^^^
    ...<6 lines>...
    )
    ^
  File "C:\Users\Yoel Abreu\Documents\epran\Astroweb\env\Lib\site-packages\fastapi\dependencies\utils.py", line 680, in solve_dependencies
    solved = await run_in_threadpool(call, **solved_result.values)
             ^^^^^^^^^^^^^^^^^^^^^^^^^^^^^^^^^^^^^^^^^^^^^^^^^^^^^
  File "C:\Users\Yoel Abreu\Documents\epran\Astroweb\env\Lib\site-packages\starlette\concurrency.py", line 32, in run_in_threadpool
    return await anyio.to_thread.run_sync(func)
           ^^^^^^^^^^^^^^^^^^^^^^^^^^^^^^^^^^^^
  File "C:\Users\Yoel Abreu\Documents\epran\Astroweb\env\Lib\site-packages\anyio\to_thread.py", line 63, in run_sync
    return await get_async_backend().run_sync_in_worker_thread(
           ^^^^^^^^^^^^^^^^^^^^^^^^^^^^^^^^^^^^^^^^^^^^^^^^^^^^
        func, args, abandon_on_cancel=abandon_on_cancel, limiter=limiter
        ^^^^^^^^^^^^^^^^^^^^^^^^^^^^^^^^^^^^^^^^^^^^^^^^^^^^^^^^^^^^^^^^
    )
    ^
  File "C:\Users\Yoel Abreu\Documents\epran\Astroweb\env\Lib\site-packages\anyio\_backends\_asyncio.py", line 2502, in run_sync_in_worker_thread
    return await future
           ^^^^^^^^^^^^
  File "C:\Users\Yoel Abreu\Documents\epran\Astroweb\env\Lib\site-packages\anyio\_backends\_asyncio.py", line 986, in run
    result = context.run(func, *args)
  File "C:\Users\Yoel Abreu\Documents\epran\Astroweb\.run-v2\AppWeb_v2\backend\app\core\dependencies.py", line 28, in get_current_user
    ).first()
      ~~~~~^^
  File "C:\Users\Yoel Abreu\Documents\epran\Astroweb\env\Lib\site-packages\sqlalchemy\orm\query.py", line 2766, in first
    return self.limit(1)._iter().first()  # type: ignore
           ~~~~~~~~~~~~~~~~~~~^^
  File "C:\Users\Yoel Abreu\Documents\epran\Astroweb\env\Lib\site-packages\sqlalchemy\orm\query.py", line 2864, in _iter
    result: Union[ScalarResult[_T], Result[_T]] = self.session.execute(
                                                  ~~~~~~~~~~~~~~~~~~~~^
        statement,
        ^^^^^^^^^^
        params,
        ^^^^^^^
        execution_options={"_sa_orm_load_options": self.load_options},
        ^^^^^^^^^^^^^^^^^^^^^^^^^^^^^^^^^^^^^^^^^^^^^^^^^^^^^^^^^^^^^^
    )
    ^
  File "C:\Users\Yoel Abreu\Documents\epran\Astroweb\env\Lib\site-packages\sqlalchemy\orm\session.py", line 2351, in execute
    return self._execute_internal(
           ~~~~~~~~~~~~~~~~~~~~~~^
        statement,
        ^^^^^^^^^^
    ...<4 lines>...
        _add_event=_add_event,
        ^^^^^^^^^^^^^^^^^^^^^^
    )
    ^
  File "C:\Users\Yoel Abreu\Documents\epran\Astroweb\env\Lib\site-packages\sqlalchemy\orm\session.py", line 2239, in _execute_internal
    conn = self._connection_for_bind(bind)
  File "C:\Users\Yoel Abreu\Documents\epran\Astroweb\env\Lib\site-packages\sqlalchemy\orm\session.py", line 2108, in _connection_for_bind
    return trans._connection_for_bind(engine, execution_options)
           ~~~~~~~~~~~~~~~~~~~~~~~~~~^^^^^^^^^^^^^^^^^^^^^^^^^^^
  File "<string>", line 2, in _connection_for_bind
  File "C:\Users\Yoel Abreu\Documents\epran\Astroweb\env\Lib\site-packages\sqlalchemy\orm\state_changes.py", line 137, in _go
    ret_value = fn(self, *arg, **kw)
  File "C:\Users\Yoel Abreu\Documents\epran\Astroweb\env\Lib\site-packages\sqlalchemy\orm\session.py", line 1187, in _connection_for_bind
    conn = bind.connect()
  File "C:\Users\Yoel Abreu\Documents\epran\Astroweb\env\Lib\site-packages\sqlalchemy\engine\base.py", line 3293, in connect
    return self._connection_cls(self)
           ~~~~~~~~~~~~~~~~~~~~^^^^^^
  File "C:\Users\Yoel Abreu\Documents\epran\Astroweb\env\Lib\site-packages\sqlalchemy\engine\base.py", line 145, in __init__
    Connection._handle_dbapi_exception_noconnection(
    ~~~~~~~~~~~~~~~~~~~~~~~~~~~~~~~~~~~~~~~~~~~~~~~^
        err, dialect, engine
        ^^^^^^^^^^^^^^^^^^^^
    )
    ^
  File "C:\Users\Yoel Abreu\Documents\epran\Astroweb\env\Lib\site-packages\sqlalchemy\engine\base.py", line 2448, in _handle_dbapi_exception_noconnection
    raise sqlalchemy_exception.with_traceback(exc_info[2]) from e
  File "C:\Users\Yoel Abreu\Documents\epran\Astroweb\env\Lib\site-packages\sqlalchemy\engine\base.py", line 143, in __init__
    self._dbapi_connection = engine.raw_connection()
                             ~~~~~~~~~~~~~~~~~~~~~^^
  File "C:\Users\Yoel Abreu\Documents\epran\Astroweb\env\Lib\site-packages\sqlalchemy\engine\base.py", line 3317, in raw_connection
    return self.pool.connect()
           ~~~~~~~~~~~~~~~~~^^
  File "C:\Users\Yoel Abreu\Documents\epran\Astroweb\env\Lib\site-packages\sqlalchemy\pool\base.py", line 448, in connect
    return _ConnectionFairy._checkout(self)
           ~~~~~~~~~~~~~~~~~~~~~~~~~~^^^^^^
  File "C:\Users\Yoel Abreu\Documents\epran\Astroweb\env\Lib\site-packages\sqlalchemy\pool\base.py", line 1272, in _checkout
    fairy = _ConnectionRecord.checkout(pool)
  File "C:\Users\Yoel Abreu\Documents\epran\Astroweb\env\Lib\site-packages\sqlalchemy\pool\base.py", line 717, in checkout
    with util.safe_reraise():
         ~~~~~~~~~~~~~~~~~^^
  File "C:\Users\Yoel Abreu\Documents\epran\Astroweb\env\Lib\site-packages\sqlalchemy\util\langhelpers.py", line 121, in __exit__
    raise exc_value.with_traceback(exc_tb)
  File "C:\Users\Yoel Abreu\Documents\epran\Astroweb\env\Lib\site-packages\sqlalchemy\pool\base.py", line 715, in checkout
    dbapi_connection = rec.get_connection()
  File "C:\Users\Yoel Abreu\Documents\epran\Astroweb\env\Lib\site-packages\sqlalchemy\pool\base.py", line 866, in get_connection
    self.__connect()
    ~~~~~~~~~~~~~~^^
  File "C:\Users\Yoel Abreu\Documents\epran\Astroweb\env\Lib\site-packages\sqlalchemy\pool\base.py", line 900, in __connect
    with util.safe_reraise():
         ~~~~~~~~~~~~~~~~~^^
  File "C:\Users\Yoel Abreu\Documents\epran\Astroweb\env\Lib\site-packages\sqlalchemy\util\langhelpers.py", line 121, in __exit__
    raise exc_value.with_traceback(exc_tb)
  File "C:\Users\Yoel Abreu\Documents\epran\Astroweb\env\Lib\site-packages\sqlalchemy\pool\base.py", line 896, in __connect
    self.dbapi_connection = connection = pool._invoke_creator(self)
                                         ~~~~~~~~~~~~~~~~~~~~^^^^^^
  File "C:\Users\Yoel Abreu\Documents\epran\Astroweb\env\Lib\site-packages\sqlalchemy\engine\create.py", line 667, in connect
    return dialect.connect(*cargs_tup, **cparams)
           ~~~~~~~~~~~~~~~^^^^^^^^^^^^^^^^^^^^^^^
  File "C:\Users\Yoel Abreu\Documents\epran\Astroweb\env\Lib\site-packages\sqlalchemy\engine\default.py", line 630, in connect
    return self.loaded_dbapi.connect(*cargs, **cparams)  # type: ignore[no-any-return]  # NOQA: E501
           ~~~~~~~~~~~~~~~~~~~~~~~~~^^^^^^^^^^^^^^^^^^^
sqlalchemy.exc.OperationalError: (pyodbc.OperationalError) ('08001', '[08001] [Microsoft][ODBC Driver 17 for SQL Server]Named Pipes Provider: Could not open a connection to SQL Server [1231].  (1231) (SQLDriverConnect); [08001] [Microsoft][ODBC Driver 17 for SQL Server]TCP Provider: Timeout error [258].  (258); [08001] [Microsoft][ODBC Driver 17 for SQL Server]Login timeout expired (0); [08001] [Microsoft][ODBC Driver 17 for SQL Server]Unable to complete login process due to delay in prelogin response (258); [08001] [Microsoft][ODBC Driver 17 for SQL Server]A network-related or instance-specific error has occurred while establishing a connection to SQL Server. Server is not found or not accessible. Check if instance name is correct and if SQL Server is configured to allow remote connections. For more information see SQL Server Books Online. (1231)')
(Background on this error at: https://sqlalche.me/e/20/e3q8)
ERROR:    Exception in ASGI application
Traceback (most recent call last):
  File "C:\Users\Yoel Abreu\Documents\epran\Astroweb\env\Lib\site-packages\sqlalchemy\engine\base.py", line 143, in __init__
    self._dbapi_connection = engine.raw_connection()
                             ~~~~~~~~~~~~~~~~~~~~~^^
  File "C:\Users\Yoel Abreu\Documents\epran\Astroweb\env\Lib\site-packages\sqlalchemy\engine\base.py", line 3317, in raw_connection
    return self.pool.connect()
           ~~~~~~~~~~~~~~~~~^^
  File "C:\Users\Yoel Abreu\Documents\epran\Astroweb\env\Lib\site-packages\sqlalchemy\pool\base.py", line 448, in connect
    return _ConnectionFairy._checkout(self)
           ~~~~~~~~~~~~~~~~~~~~~~~~~~^^^^^^
  File "C:\Users\Yoel Abreu\Documents\epran\Astroweb\env\Lib\site-packages\sqlalchemy\pool\base.py", line 1272, in _checkout
    fairy = _ConnectionRecord.checkout(pool)
  File "C:\Users\Yoel Abreu\Documents\epran\Astroweb\env\Lib\site-packages\sqlalchemy\pool\base.py", line 717, in checkout
    with util.safe_reraise():
         ~~~~~~~~~~~~~~~~~^^
  File "C:\Users\Yoel Abreu\Documents\epran\Astroweb\env\Lib\site-packages\sqlalchemy\util\langhelpers.py", line 121, in __exit__
    raise exc_value.with_traceback(exc_tb)
  File "C:\Users\Yoel Abreu\Documents\epran\Astroweb\env\Lib\site-packages\sqlalchemy\pool\base.py", line 715, in checkout
    dbapi_connection = rec.get_connection()
  File "C:\Users\Yoel Abreu\Documents\epran\Astroweb\env\Lib\site-packages\sqlalchemy\pool\base.py", line 866, in get_connection
    self.__connect()
    ~~~~~~~~~~~~~~^^
  File "C:\Users\Yoel Abreu\Documents\epran\Astroweb\env\Lib\site-packages\sqlalchemy\pool\base.py", line 900, in __connect
    with util.safe_reraise():
         ~~~~~~~~~~~~~~~~~^^
  File "C:\Users\Yoel Abreu\Documents\epran\Astroweb\env\Lib\site-packages\sqlalchemy\util\langhelpers.py", line 121, in __exit__
    raise exc_value.with_traceback(exc_tb)
  File "C:\Users\Yoel Abreu\Documents\epran\Astroweb\env\Lib\site-packages\sqlalchemy\pool\base.py", line 896, in __connect
    self.dbapi_connection = connection = pool._invoke_creator(self)
                                         ~~~~~~~~~~~~~~~~~~~~^^^^^^
  File "C:\Users\Yoel Abreu\Documents\epran\Astroweb\env\Lib\site-packages\sqlalchemy\engine\create.py", line 667, in connect
    return dialect.connect(*cargs_tup, **cparams)
           ~~~~~~~~~~~~~~~^^^^^^^^^^^^^^^^^^^^^^^
  File "C:\Users\Yoel Abreu\Documents\epran\Astroweb\env\Lib\site-packages\sqlalchemy\engine\default.py", line 630, in connect
    return self.loaded_dbapi.connect(*cargs, **cparams)  # type: ignore[no-any-return]  # NOQA: E501
           ~~~~~~~~~~~~~~~~~~~~~~~~~^^^^^^^^^^^^^^^^^^^
pyodbc.OperationalError: ('08001', '[08001] [Microsoft][ODBC Driver 17 for SQL Server]Named Pipes Provider: Could not open a connection to SQL Server [1231].  (1231) (SQLDriverConnect); [08001] [Microsoft][ODBC Driver 17 for SQL Server]TCP Provider: Timeout error [258].  (258); [08001] [Microsoft][ODBC Driver 17 for SQL Server]Login timeout expired (0); [08001] [Microsoft][ODBC Driver 17 for SQL Server]Unable to complete login process due to delay in prelogin response (258); [08001] [Microsoft][ODBC Driver 17 for SQL Server]A network-related or instance-specific error has occurred while establishing a connection to SQL Server. Server is not found or not accessible. Check if instance name is correct and if SQL Server is configured to allow remote connections. For more information see SQL Server Books Online. (1231)')

The above exception was the direct cause of the following exception:

Traceback (most recent call last):
  File "C:\Users\Yoel Abreu\Documents\epran\Astroweb\env\Lib\site-packages\uvicorn\protocols\http\h11_impl.py", line 415, in run_asgi
    result = await app(  # type: ignore[func-returns-value]
             ^^^^^^^^^^^^^^^^^^^^^^^^^^^^^^^^^^^^^^^^^^^^^^
        self.scope, self.receive, self.send
        ^^^^^^^^^^^^^^^^^^^^^^^^^^^^^^^^^^^
    )
    ^
  File "C:\Users\Yoel Abreu\Documents\epran\Astroweb\env\Lib\site-packages\uvicorn\middleware\proxy_headers.py", line 56, in __call__
    return await self.app(scope, receive, send)
           ^^^^^^^^^^^^^^^^^^^^^^^^^^^^^^^^^^^^
  File "C:\Users\Yoel Abreu\Documents\epran\Astroweb\env\Lib\site-packages\fastapi\applications.py", line 1159, in __call__
    await super().__call__(scope, receive, send)
  File "C:\Users\Yoel Abreu\Documents\epran\Astroweb\env\Lib\site-packages\starlette\applications.py", line 90, in __call__
    await self.middleware_stack(scope, receive, send)
  File "C:\Users\Yoel Abreu\Documents\epran\Astroweb\env\Lib\site-packages\starlette\middleware\errors.py", line 186, in __call__
    raise exc
  File "C:\Users\Yoel Abreu\Documents\epran\Astroweb\env\Lib\site-packages\starlette\middleware\errors.py", line 164, in __call__
    await self.app(scope, receive, _send)
  File "C:\Users\Yoel Abreu\Documents\epran\Astroweb\env\Lib\site-packages\starlette\middleware\cors.py", line 88, in __call__
    await self.app(scope, receive, send)
  File "C:\Users\Yoel Abreu\Documents\epran\Astroweb\env\Lib\site-packages\starlette\middleware\exceptions.py", line 63, in __call__
    await wrap_app_handling_exceptions(self.app, conn)(scope, receive, send)
  File "C:\Users\Yoel Abreu\Documents\epran\Astroweb\env\Lib\site-packages\starlette\_exception_handler.py", line 53, in wrapped_app
    raise exc
  File "C:\Users\Yoel Abreu\Documents\epran\Astroweb\env\Lib\site-packages\starlette\_exception_handler.py", line 42, in wrapped_app
    await app(scope, receive, sender)
  File "C:\Users\Yoel Abreu\Documents\epran\Astroweb\env\Lib\site-packages\fastapi\middleware\asyncexitstack.py", line 18, in __call__
    await self.app(scope, receive, send)
  File "C:\Users\Yoel Abreu\Documents\epran\Astroweb\env\Lib\site-packages\starlette\routing.py", line 660, in __call__
    await self.middleware_stack(scope, receive, send)
  File "C:\Users\Yoel Abreu\Documents\epran\Astroweb\env\Lib\site-packages\starlette\routing.py", line 680, in app
    await route.handle(scope, receive, send)
  File "C:\Users\Yoel Abreu\Documents\epran\Astroweb\env\Lib\site-packages\starlette\routing.py", line 276, in handle
    await self.app(scope, receive, send)
  File "C:\Users\Yoel Abreu\Documents\epran\Astroweb\env\Lib\site-packages\fastapi\routing.py", line 134, in app
    await wrap_app_handling_exceptions(app, request)(scope, receive, send)
  File "C:\Users\Yoel Abreu\Documents\epran\Astroweb\env\Lib\site-packages\starlette\_exception_handler.py", line 53, in wrapped_app
    raise exc
  File "C:\Users\Yoel Abreu\Documents\epran\Astroweb\env\Lib\site-packages\starlette\_exception_handler.py", line 42, in wrapped_app
    await app(scope, receive, sender)
  File "C:\Users\Yoel Abreu\Documents\epran\Astroweb\env\Lib\site-packages\fastapi\routing.py", line 120, in app
    response = await f(request)
               ^^^^^^^^^^^^^^^^
  File "C:\Users\Yoel Abreu\Documents\epran\Astroweb\env\Lib\site-packages\fastapi\routing.py", line 457, in app
    solved_result = await solve_dependencies(
                    ^^^^^^^^^^^^^^^^^^^^^^^^^
    ...<6 lines>...
    )
    ^
  File "C:\Users\Yoel Abreu\Documents\epran\Astroweb\env\Lib\site-packages\fastapi\dependencies\utils.py", line 680, in solve_dependencies
    solved = await run_in_threadpool(call, **solved_result.values)
             ^^^^^^^^^^^^^^^^^^^^^^^^^^^^^^^^^^^^^^^^^^^^^^^^^^^^^
  File "C:\Users\Yoel Abreu\Documents\epran\Astroweb\env\Lib\site-packages\starlette\concurrency.py", line 32, in run_in_threadpool
    return await anyio.to_thread.run_sync(func)
           ^^^^^^^^^^^^^^^^^^^^^^^^^^^^^^^^^^^^
  File "C:\Users\Yoel Abreu\Documents\epran\Astroweb\env\Lib\site-packages\anyio\to_thread.py", line 63, in run_sync
    return await get_async_backend().run_sync_in_worker_thread(
           ^^^^^^^^^^^^^^^^^^^^^^^^^^^^^^^^^^^^^^^^^^^^^^^^^^^^
        func, args, abandon_on_cancel=abandon_on_cancel, limiter=limiter
        ^^^^^^^^^^^^^^^^^^^^^^^^^^^^^^^^^^^^^^^^^^^^^^^^^^^^^^^^^^^^^^^^
    )
    ^
  File "C:\Users\Yoel Abreu\Documents\epran\Astroweb\env\Lib\site-packages\anyio\_backends\_asyncio.py", line 2502, in run_sync_in_worker_thread
    return await future
           ^^^^^^^^^^^^
  File "C:\Users\Yoel Abreu\Documents\epran\Astroweb\env\Lib\site-packages\anyio\_backends\_asyncio.py", line 986, in run
    result = context.run(func, *args)
  File "C:\Users\Yoel Abreu\Documents\epran\Astroweb\.run-v2\AppWeb_v2\backend\app\core\dependencies.py", line 28, in get_current_user
    ).first()
      ~~~~~^^
  File "C:\Users\Yoel Abreu\Documents\epran\Astroweb\env\Lib\site-packages\sqlalchemy\orm\query.py", line 2766, in first
    return self.limit(1)._iter().first()  # type: ignore
           ~~~~~~~~~~~~~~~~~~~^^
  File "C:\Users\Yoel Abreu\Documents\epran\Astroweb\env\Lib\site-packages\sqlalchemy\orm\query.py", line 2864, in _iter
    result: Union[ScalarResult[_T], Result[_T]] = self.session.execute(
                                                  ~~~~~~~~~~~~~~~~~~~~^
        statement,
        ^^^^^^^^^^
        params,
        ^^^^^^^
        execution_options={"_sa_orm_load_options": self.load_options},
        ^^^^^^^^^^^^^^^^^^^^^^^^^^^^^^^^^^^^^^^^^^^^^^^^^^^^^^^^^^^^^^
    )
    ^
  File "C:\Users\Yoel Abreu\Documents\epran\Astroweb\env\Lib\site-packages\sqlalchemy\orm\session.py", line 2351, in execute
    return self._execute_internal(
           ~~~~~~~~~~~~~~~~~~~~~~^
        statement,
        ^^^^^^^^^^
    ...<4 lines>...
        _add_event=_add_event,
        ^^^^^^^^^^^^^^^^^^^^^^
    )
    ^
  File "C:\Users\Yoel Abreu\Documents\epran\Astroweb\env\Lib\site-packages\sqlalchemy\orm\session.py", line 2239, in _execute_internal
    conn = self._connection_for_bind(bind)
  File "C:\Users\Yoel Abreu\Documents\epran\Astroweb\env\Lib\site-packages\sqlalchemy\orm\session.py", line 2108, in _connection_for_bind
    return trans._connection_for_bind(engine, execution_options)
           ~~~~~~~~~~~~~~~~~~~~~~~~~~^^^^^^^^^^^^^^^^^^^^^^^^^^^
  File "<string>", line 2, in _connection_for_bind
  File "C:\Users\Yoel Abreu\Documents\epran\Astroweb\env\Lib\site-packages\sqlalchemy\orm\state_changes.py", line 137, in _go
    ret_value = fn(self, *arg, **kw)
  File "C:\Users\Yoel Abreu\Documents\epran\Astroweb\env\Lib\site-packages\sqlalchemy\orm\session.py", line 1187, in _connection_for_bind
    conn = bind.connect()
  File "C:\Users\Yoel Abreu\Documents\epran\Astroweb\env\Lib\site-packages\sqlalchemy\engine\base.py", line 3293, in connect
    return self._connection_cls(self)
           ~~~~~~~~~~~~~~~~~~~~^^^^^^
  File "C:\Users\Yoel Abreu\Documents\epran\Astroweb\env\Lib\site-packages\sqlalchemy\engine\base.py", line 145, in __init__
    Connection._handle_dbapi_exception_noconnection(
    ~~~~~~~~~~~~~~~~~~~~~~~~~~~~~~~~~~~~~~~~~~~~~~~^
        err, dialect, engine
        ^^^^^^^^^^^^^^^^^^^^
    )
    ^
  File "C:\Users\Yoel Abreu\Documents\epran\Astroweb\env\Lib\site-packages\sqlalchemy\engine\base.py", line 2448, in _handle_dbapi_exception_noconnection
    raise sqlalchemy_exception.with_traceback(exc_info[2]) from e
  File "C:\Users\Yoel Abreu\Documents\epran\Astroweb\env\Lib\site-packages\sqlalchemy\engine\base.py", line 143, in __init__
    self._dbapi_connection = engine.raw_connection()
                             ~~~~~~~~~~~~~~~~~~~~~^^
  File "C:\Users\Yoel Abreu\Documents\epran\Astroweb\env\Lib\site-packages\sqlalchemy\engine\base.py", line 3317, in raw_connection
    return self.pool.connect()
           ~~~~~~~~~~~~~~~~~^^
  File "C:\Users\Yoel Abreu\Documents\epran\Astroweb\env\Lib\site-packages\sqlalchemy\pool\base.py", line 448, in connect
    return _ConnectionFairy._checkout(self)
           ~~~~~~~~~~~~~~~~~~~~~~~~~~^^^^^^
  File "C:\Users\Yoel Abreu\Documents\epran\Astroweb\env\Lib\site-packages\sqlalchemy\pool\base.py", line 1272, in _checkout
    fairy = _ConnectionRecord.checkout(pool)
  File "C:\Users\Yoel Abreu\Documents\epran\Astroweb\env\Lib\site-packages\sqlalchemy\pool\base.py", line 717, in checkout
    with util.safe_reraise():
         ~~~~~~~~~~~~~~~~~^^
  File "C:\Users\Yoel Abreu\Documents\epran\Astroweb\env\Lib\site-packages\sqlalchemy\util\langhelpers.py", line 121, in __exit__
    raise exc_value.with_traceback(exc_tb)
  File "C:\Users\Yoel Abreu\Documents\epran\Astroweb\env\Lib\site-packages\sqlalchemy\pool\base.py", line 715, in checkout
    dbapi_connection = rec.get_connection()
  File "C:\Users\Yoel Abreu\Documents\epran\Astroweb\env\Lib\site-packages\sqlalchemy\pool\base.py", line 866, in get_connection
    self.__connect()
    ~~~~~~~~~~~~~~^^
  File "C:\Users\Yoel Abreu\Documents\epran\Astroweb\env\Lib\site-packages\sqlalchemy\pool\base.py", line 900, in __connect
    with util.safe_reraise():
         ~~~~~~~~~~~~~~~~~^^
  File "C:\Users\Yoel Abreu\Documents\epran\Astroweb\env\Lib\site-packages\sqlalchemy\util\langhelpers.py", line 121, in __exit__
    raise exc_value.with_traceback(exc_tb)
  File "C:\Users\Yoel Abreu\Documents\epran\Astroweb\env\Lib\site-packages\sqlalchemy\pool\base.py", line 896, in __connect
    self.dbapi_connection = connection = pool._invoke_creator(self)
                                         ~~~~~~~~~~~~~~~~~~~~^^^^^^
  File "C:\Users\Yoel Abreu\Documents\epran\Astroweb\env\Lib\site-packages\sqlalchemy\engine\create.py", line 667, in connect
    return dialect.connect(*cargs_tup, **cparams)
           ~~~~~~~~~~~~~~~^^^^^^^^^^^^^^^^^^^^^^^
  File "C:\Users\Yoel Abreu\Documents\epran\Astroweb\env\Lib\site-packages\sqlalchemy\engine\default.py", line 630, in connect
    return self.loaded_dbapi.connect(*cargs, **cparams)  # type: ignore[no-any-return]  # NOQA: E501
           ~~~~~~~~~~~~~~~~~~~~~~~~~^^^^^^^^^^^^^^^^^^^
sqlalchemy.exc.OperationalError: (pyodbc.OperationalError) ('08001', '[08001] [Microsoft][ODBC Driver 17 for SQL Server]Named Pipes Provider: Could not open a connection to SQL Server [1231].  (1231) (SQLDriverConnect); [08001] [Microsoft][ODBC Driver 17 for SQL Server]TCP Provider: Timeout error [258].  (258); [08001] [Microsoft][ODBC Driver 17 for SQL Server]Login timeout expired (0); [08001] [Microsoft][ODBC Driver 17 for SQL Server]Unable to complete login process due to delay in prelogin response (258); [08001] [Microsoft][ODBC Driver 17 for SQL Server]A network-related or instance-specific error has occurred while establishing a connection to SQL Server. Server is not found or not accessible. Check if instance name is correct and if SQL Server is configured to allow remote connections. For more information see SQL Server Books Online. (1231)')
(Background on this error at: https://sqlalche.me/e/20/e3q8)
CRASH DETECTED in /api/centro-mando/clientes: (pyodbc.OperationalError) ('08001', '[08001] [Microsoft][ODBC Driver 17 for SQL Server]Named Pipes Provider: Could not open a connection to SQL Server [1231].  (1231) (SQLDriverConnect); [08001] [Microsoft][ODBC Driver 17 for SQL Server]TCP Provider: Timeout error [258].  (258); [08001] [Microsoft][ODBC Driver 17 for SQL Server]Login timeout expired (0); [08001] [Microsoft][ODBC Driver 17 for SQL Server]Unable to complete login process due to delay in prelogin response (258); [08001] [Microsoft][ODBC Driver 17 for SQL Server]A network-related or instance-specific error has occurred while establishing a connection to SQL Server. Server is not found or not accessible. Check if instance name is correct and if SQL Server is configured to allow remote connections. For more information see SQL Server Books Online. (1231)')
(Background on this error at: https://sqlalche.me/e/20/e3q8)
Traceback (most recent call last):
  File "C:\Users\Yoel Abreu\Documents\epran\Astroweb\env\Lib\site-packages\sqlalchemy\engine\base.py", line 143, in __init__
    self._dbapi_connection = engine.raw_connection()
                             ~~~~~~~~~~~~~~~~~~~~~^^
  File "C:\Users\Yoel Abreu\Documents\epran\Astroweb\env\Lib\site-packages\sqlalchemy\engine\base.py", line 3317, in raw_connection
    return self.pool.connect()
           ~~~~~~~~~~~~~~~~~^^
  File "C:\Users\Yoel Abreu\Documents\epran\Astroweb\env\Lib\site-packages\sqlalchemy\pool\base.py", line 448, in connect
    return _ConnectionFairy._checkout(self)
           ~~~~~~~~~~~~~~~~~~~~~~~~~~^^^^^^
  File "C:\Users\Yoel Abreu\Documents\epran\Astroweb\env\Lib\site-packages\sqlalchemy\pool\base.py", line 1272, in _checkout
    fairy = _ConnectionRecord.checkout(pool)
  File "C:\Users\Yoel Abreu\Documents\epran\Astroweb\env\Lib\site-packages\sqlalchemy\pool\base.py", line 717, in checkout
    with util.safe_reraise():
         ~~~~~~~~~~~~~~~~~^^
  File "C:\Users\Yoel Abreu\Documents\epran\Astroweb\env\Lib\site-packages\sqlalchemy\util\langhelpers.py", line 121, in __exit__
    raise exc_value.with_traceback(exc_tb)
  File "C:\Users\Yoel Abreu\Documents\epran\Astroweb\env\Lib\site-packages\sqlalchemy\pool\base.py", line 715, in checkout
    dbapi_connection = rec.get_connection()
  File "C:\Users\Yoel Abreu\Documents\epran\Astroweb\env\Lib\site-packages\sqlalchemy\pool\base.py", line 866, in get_connection
    self.__connect()
    ~~~~~~~~~~~~~~^^
  File "C:\Users\Yoel Abreu\Documents\epran\Astroweb\env\Lib\site-packages\sqlalchemy\pool\base.py", line 900, in __connect
    with util.safe_reraise():
         ~~~~~~~~~~~~~~~~~^^
  File "C:\Users\Yoel Abreu\Documents\epran\Astroweb\env\Lib\site-packages\sqlalchemy\util\langhelpers.py", line 121, in __exit__
    raise exc_value.with_traceback(exc_tb)
  File "C:\Users\Yoel Abreu\Documents\epran\Astroweb\env\Lib\site-packages\sqlalchemy\pool\base.py", line 896, in __connect
    self.dbapi_connection = connection = pool._invoke_creator(self)
                                         ~~~~~~~~~~~~~~~~~~~~^^^^^^
  File "C:\Users\Yoel Abreu\Documents\epran\Astroweb\env\Lib\site-packages\sqlalchemy\engine\create.py", line 667, in connect
    return dialect.connect(*cargs_tup, **cparams)
           ~~~~~~~~~~~~~~~^^^^^^^^^^^^^^^^^^^^^^^
  File "C:\Users\Yoel Abreu\Documents\epran\Astroweb\env\Lib\site-packages\sqlalchemy\engine\default.py", line 630, in connect
    return self.loaded_dbapi.connect(*cargs, **cparams)  # type: ignore[no-any-return]  # NOQA: E501
           ~~~~~~~~~~~~~~~~~~~~~~~~~^^^^^^^^^^^^^^^^^^^
pyodbc.OperationalError: ('08001', '[08001] [Microsoft][ODBC Driver 17 for SQL Server]Named Pipes Provider: Could not open a connection to SQL Server [1231].  (1231) (SQLDriverConnect); [08001] [Microsoft][ODBC Driver 17 for SQL Server]TCP Provider: Timeout error [258].  (258); [08001] [Microsoft][ODBC Driver 17 for SQL Server]Login timeout expired (0); [08001] [Microsoft][ODBC Driver 17 for SQL Server]Unable to complete login process due to delay in prelogin response (258); [08001] [Microsoft][ODBC Driver 17 for SQL Server]A network-related or instance-specific error has occurred while establishing a connection to SQL Server. Server is not found or not accessible. Check if instance name is correct and if SQL Server is configured to allow remote connections. For more information see SQL Server Books Online. (1231)')

The above exception was the direct cause of the following exception:

Traceback (most recent call last):
  File "C:\Users\Yoel Abreu\Documents\epran\Astroweb\env\Lib\site-packages\starlette\middleware\errors.py", line 164, in __call__
    await self.app(scope, receive, _send)
  File "C:\Users\Yoel Abreu\Documents\epran\Astroweb\env\Lib\site-packages\starlette\middleware\cors.py", line 88, in __call__
    await self.app(scope, receive, send)
  File "C:\Users\Yoel Abreu\Documents\epran\Astroweb\env\Lib\site-packages\starlette\middleware\exceptions.py", line 63, in __call__
    await wrap_app_handling_exceptions(self.app, conn)(scope, receive, send)
  File "C:\Users\Yoel Abreu\Documents\epran\Astroweb\env\Lib\site-packages\starlette\_exception_handler.py", line 53, in wrapped_app
    raise exc
  File "C:\Users\Yoel Abreu\Documents\epran\Astroweb\env\Lib\site-packages\starlette\_exception_handler.py", line 42, in wrapped_app
    await app(scope, receive, sender)
  File "C:\Users\Yoel Abreu\Documents\epran\Astroweb\env\Lib\site-packages\fastapi\middleware\asyncexitstack.py", line 18, in __call__
    await self.app(scope, receive, send)
  File "C:\Users\Yoel Abreu\Documents\epran\Astroweb\env\Lib\site-packages\starlette\routing.py", line 660, in __call__
    await self.middleware_stack(scope, receive, send)
  File "C:\Users\Yoel Abreu\Documents\epran\Astroweb\env\Lib\site-packages\starlette\routing.py", line 680, in app
    await route.handle(scope, receive, send)
  File "C:\Users\Yoel Abreu\Documents\epran\Astroweb\env\Lib\site-packages\starlette\routing.py", line 276, in handle
    await self.app(scope, receive, send)
  File "C:\Users\Yoel Abreu\Documents\epran\Astroweb\env\Lib\site-packages\fastapi\routing.py", line 134, in app
    await wrap_app_handling_exceptions(app, request)(scope, receive, send)
  File "C:\Users\Yoel Abreu\Documents\epran\Astroweb\env\Lib\site-packages\starlette\_exception_handler.py", line 53, in wrapped_app
    raise exc
  File "C:\Users\Yoel Abreu\Documents\epran\Astroweb\env\Lib\site-packages\starlette\_exception_handler.py", line 42, in wrapped_app
    await app(scope, receive, sender)
  File "C:\Users\Yoel Abreu\Documents\epran\Astroweb\env\Lib\site-packages\fastapi\routing.py", line 120, in app
    response = await f(request)
               ^^^^^^^^^^^^^^^^
  File "C:\Users\Yoel Abreu\Documents\epran\Astroweb\env\Lib\site-packages\fastapi\routing.py", line 457, in app
    solved_result = await solve_dependencies(
                    ^^^^^^^^^^^^^^^^^^^^^^^^^
    ...<6 lines>...
    )
    ^
  File "C:\Users\Yoel Abreu\Documents\epran\Astroweb\env\Lib\site-packages\fastapi\dependencies\utils.py", line 680, in solve_dependencies
    solved = await run_in_threadpool(call, **solved_result.values)
             ^^^^^^^^^^^^^^^^^^^^^^^^^^^^^^^^^^^^^^^^^^^^^^^^^^^^^
  File "C:\Users\Yoel Abreu\Documents\epran\Astroweb\env\Lib\site-packages\starlette\concurrency.py", line 32, in run_in_threadpool
    return await anyio.to_thread.run_sync(func)
           ^^^^^^^^^^^^^^^^^^^^^^^^^^^^^^^^^^^^
  File "C:\Users\Yoel Abreu\Documents\epran\Astroweb\env\Lib\site-packages\anyio\to_thread.py", line 63, in run_sync
    return await get_async_backend().run_sync_in_worker_thread(
           ^^^^^^^^^^^^^^^^^^^^^^^^^^^^^^^^^^^^^^^^^^^^^^^^^^^^
        func, args, abandon_on_cancel=abandon_on_cancel, limiter=limiter
        ^^^^^^^^^^^^^^^^^^^^^^^^^^^^^^^^^^^^^^^^^^^^^^^^^^^^^^^^^^^^^^^^
    )
    ^
  File "C:\Users\Yoel Abreu\Documents\epran\Astroweb\env\Lib\site-packages\anyio\_backends\_asyncio.py", line 2502, in run_sync_in_worker_thread
    return await future
           ^^^^^^^^^^^^
  File "C:\Users\Yoel Abreu\Documents\epran\Astroweb\env\Lib\site-packages\anyio\_backends\_asyncio.py", line 986, in run
    result = context.run(func, *args)
  File "C:\Users\Yoel Abreu\Documents\epran\Astroweb\.run-v2\AppWeb_v2\backend\app\core\dependencies.py", line 28, in get_current_user
    ).first()
      ~~~~~^^
  File "C:\Users\Yoel Abreu\Documents\epran\Astroweb\env\Lib\site-packages\sqlalchemy\orm\query.py", line 2766, in first
    return self.limit(1)._iter().first()  # type: ignore
           ~~~~~~~~~~~~~~~~~~~^^
  File "C:\Users\Yoel Abreu\Documents\epran\Astroweb\env\Lib\site-packages\sqlalchemy\orm\query.py", line 2864, in _iter
    result: Union[ScalarResult[_T], Result[_T]] = self.session.execute(
                                                  ~~~~~~~~~~~~~~~~~~~~^
        statement,
        ^^^^^^^^^^
        params,
        ^^^^^^^
        execution_options={"_sa_orm_load_options": self.load_options},
        ^^^^^^^^^^^^^^^^^^^^^^^^^^^^^^^^^^^^^^^^^^^^^^^^^^^^^^^^^^^^^^
    )
    ^
  File "C:\Users\Yoel Abreu\Documents\epran\Astroweb\env\Lib\site-packages\sqlalchemy\orm\session.py", line 2351, in execute
    return self._execute_internal(
           ~~~~~~~~~~~~~~~~~~~~~~^
        statement,
        ^^^^^^^^^^
    ...<4 lines>...
        _add_event=_add_event,
        ^^^^^^^^^^^^^^^^^^^^^^
    )
    ^
  File "C:\Users\Yoel Abreu\Documents\epran\Astroweb\env\Lib\site-packages\sqlalchemy\orm\session.py", line 2239, in _execute_internal
    conn = self._connection_for_bind(bind)
  File "C:\Users\Yoel Abreu\Documents\epran\Astroweb\env\Lib\site-packages\sqlalchemy\orm\session.py", line 2108, in _connection_for_bind
    return trans._connection_for_bind(engine, execution_options)
           ~~~~~~~~~~~~~~~~~~~~~~~~~~^^^^^^^^^^^^^^^^^^^^^^^^^^^
  File "<string>", line 2, in _connection_for_bind
  File "C:\Users\Yoel Abreu\Documents\epran\Astroweb\env\Lib\site-packages\sqlalchemy\orm\state_changes.py", line 137, in _go
    ret_value = fn(self, *arg, **kw)
  File "C:\Users\Yoel Abreu\Documents\epran\Astroweb\env\Lib\site-packages\sqlalchemy\orm\session.py", line 1187, in _connection_for_bind
    conn = bind.connect()
  File "C:\Users\Yoel Abreu\Documents\epran\Astroweb\env\Lib\site-packages\sqlalchemy\engine\base.py", line 3293, in connect
    return self._connection_cls(self)
           ~~~~~~~~~~~~~~~~~~~~^^^^^^
  File "C:\Users\Yoel Abreu\Documents\epran\Astroweb\env\Lib\site-packages\sqlalchemy\engine\base.py", line 145, in __init__
    Connection._handle_dbapi_exception_noconnection(
    ~~~~~~~~~~~~~~~~~~~~~~~~~~~~~~~~~~~~~~~~~~~~~~~^
        err, dialect, engine
        ^^^^^^^^^^^^^^^^^^^^
    )
    ^
  File "C:\Users\Yoel Abreu\Documents\epran\Astroweb\env\Lib\site-packages\sqlalchemy\engine\base.py", line 2448, in _handle_dbapi_exception_noconnection
    raise sqlalchemy_exception.with_traceback(exc_info[2]) from e
  File "C:\Users\Yoel Abreu\Documents\epran\Astroweb\env\Lib\site-packages\sqlalchemy\engine\base.py", line 143, in __init__
    self._dbapi_connection = engine.raw_connection()
                             ~~~~~~~~~~~~~~~~~~~~~^^
  File "C:\Users\Yoel Abreu\Documents\epran\Astroweb\env\Lib\site-packages\sqlalchemy\engine\base.py", line 3317, in raw_connection
    return self.pool.connect()
           ~~~~~~~~~~~~~~~~~^^
  File "C:\Users\Yoel Abreu\Documents\epran\Astroweb\env\Lib\site-packages\sqlalchemy\pool\base.py", line 448, in connect
    return _ConnectionFairy._checkout(self)
           ~~~~~~~~~~~~~~~~~~~~~~~~~~^^^^^^
  File "C:\Users\Yoel Abreu\Documents\epran\Astroweb\env\Lib\site-packages\sqlalchemy\pool\base.py", line 1272, in _checkout
    fairy = _ConnectionRecord.checkout(pool)
  File "C:\Users\Yoel Abreu\Documents\epran\Astroweb\env\Lib\site-packages\sqlalchemy\pool\base.py", line 717, in checkout
    with util.safe_reraise():
         ~~~~~~~~~~~~~~~~~^^
  File "C:\Users\Yoel Abreu\Documents\epran\Astroweb\env\Lib\site-packages\sqlalchemy\util\langhelpers.py", line 121, in __exit__
    raise exc_value.with_traceback(exc_tb)
  File "C:\Users\Yoel Abreu\Documents\epran\Astroweb\env\Lib\site-packages\sqlalchemy\pool\base.py", line 715, in checkout
    dbapi_connection = rec.get_connection()
  File "C:\Users\Yoel Abreu\Documents\epran\Astroweb\env\Lib\site-packages\sqlalchemy\pool\base.py", line 866, in get_connection
    self.__connect()
    ~~~~~~~~~~~~~~^^
  File "C:\Users\Yoel Abreu\Documents\epran\Astroweb\env\Lib\site-packages\sqlalchemy\pool\base.py", line 900, in __connect
    with util.safe_reraise():
         ~~~~~~~~~~~~~~~~~^^
  File "C:\Users\Yoel Abreu\Documents\epran\Astroweb\env\Lib\site-packages\sqlalchemy\util\langhelpers.py", line 121, in __exit__
    raise exc_value.with_traceback(exc_tb)
  File "C:\Users\Yoel Abreu\Documents\epran\Astroweb\env\Lib\site-packages\sqlalchemy\pool\base.py", line 896, in __connect
    self.dbapi_connection = connection = pool._invoke_creator(self)
                                         ~~~~~~~~~~~~~~~~~~~~^^^^^^
  File "C:\Users\Yoel Abreu\Documents\epran\Astroweb\env\Lib\site-packages\sqlalchemy\engine\create.py", line 667, in connect
    return dialect.connect(*cargs_tup, **cparams)
           ~~~~~~~~~~~~~~~^^^^^^^^^^^^^^^^^^^^^^^
  File "C:\Users\Yoel Abreu\Documents\epran\Astroweb\env\Lib\site-packages\sqlalchemy\engine\default.py", line 630, in connect
    return self.loaded_dbapi.connect(*cargs, **cparams)  # type: ignore[no-any-return]  # NOQA: E501
           ~~~~~~~~~~~~~~~~~~~~~~~~~^^^^^^^^^^^^^^^^^^^
sqlalchemy.exc.OperationalError: (pyodbc.OperationalError) ('08001', '[08001] [Microsoft][ODBC Driver 17 for SQL Server]Named Pipes Provider: Could not open a connection to SQL Server [1231].  (1231) (SQLDriverConnect); [08001] [Microsoft][ODBC Driver 17 for SQL Server]TCP Provider: Timeout error [258].  (258); [08001] [Microsoft][ODBC Driver 17 for SQL Server]Login timeout expired (0); [08001] [Microsoft][ODBC Driver 17 for SQL Server]Unable to complete login process due to delay in prelogin response (258); [08001] [Microsoft][ODBC Driver 17 for SQL Server]A network-related or instance-specific error has occurred while establishing a connection to SQL Server. Server is not found or not accessible. Check if instance name is correct and if SQL Server is configured to allow remote connections. For more information see SQL Server Books Online. (1231)')
(Background on this error at: https://sqlalche.me/e/20/e3q8)
2026-06-20 23:07:56,196 - app - ERROR - Error no manejado en /api/centro-mando/clientes: (pyodbc.OperationalError) ('08001', '[08001] [Microsoft][ODBC Driver 17 for SQL Server]Named Pipes Provider: Could not open a connection to SQL Server [1231].  (1231) (SQLDriverConnect); [08001] [Microsoft][ODBC Driver 17 for SQL Server]TCP Provider: Timeout error [258].  (258); [08001] [Microsoft][ODBC Driver 17 for SQL Server]Login timeout expired (0); [08001] [Microsoft][ODBC Driver 17 for SQL Server]Unable to complete login process due to delay in prelogin response (258); [08001] [Microsoft][ODBC Driver 17 for SQL Server]A network-related or instance-specific error has occurred while establishing a connection to SQL Server. Server is not found or not accessible. Check if instance name is correct and if SQL Server is configured to allow remote connections. For more information see SQL Server Books Online. (1231)')
(Background on this error at: https://sqlalche.me/e/20/e3q8)
Traceback (most recent call last):
  File "C:\Users\Yoel Abreu\Documents\epran\Astroweb\env\Lib\site-packages\sqlalchemy\engine\base.py", line 143, in __init__
    self._dbapi_connection = engine.raw_connection()
                             ~~~~~~~~~~~~~~~~~~~~~^^
  File "C:\Users\Yoel Abreu\Documents\epran\Astroweb\env\Lib\site-packages\sqlalchemy\engine\base.py", line 3317, in raw_connection
    return self.pool.connect()
           ~~~~~~~~~~~~~~~~~^^
  File "C:\Users\Yoel Abreu\Documents\epran\Astroweb\env\Lib\site-packages\sqlalchemy\pool\base.py", line 448, in connect
    return _ConnectionFairy._checkout(self)
           ~~~~~~~~~~~~~~~~~~~~~~~~~~^^^^^^
  File "C:\Users\Yoel Abreu\Documents\epran\Astroweb\env\Lib\site-packages\sqlalchemy\pool\base.py", line 1272, in _checkout
    fairy = _ConnectionRecord.checkout(pool)
  File "C:\Users\Yoel Abreu\Documents\epran\Astroweb\env\Lib\site-packages\sqlalchemy\pool\base.py", line 717, in checkout
    with util.safe_reraise():
         ~~~~~~~~~~~~~~~~~^^
  File "C:\Users\Yoel Abreu\Documents\epran\Astroweb\env\Lib\site-packages\sqlalchemy\util\langhelpers.py", line 121, in __exit__
    raise exc_value.with_traceback(exc_tb)
  File "C:\Users\Yoel Abreu\Documents\epran\Astroweb\env\Lib\site-packages\sqlalchemy\pool\base.py", line 715, in checkout
    dbapi_connection = rec.get_connection()
  File "C:\Users\Yoel Abreu\Documents\epran\Astroweb\env\Lib\site-packages\sqlalchemy\pool\base.py", line 866, in get_connection
    self.__connect()
    ~~~~~~~~~~~~~~^^
  File "C:\Users\Yoel Abreu\Documents\epran\Astroweb\env\Lib\site-packages\sqlalchemy\pool\base.py", line 900, in __connect
    with util.safe_reraise():
         ~~~~~~~~~~~~~~~~~^^
  File "C:\Users\Yoel Abreu\Documents\epran\Astroweb\env\Lib\site-packages\sqlalchemy\util\langhelpers.py", line 121, in __exit__
    raise exc_value.with_traceback(exc_tb)
  File "C:\Users\Yoel Abreu\Documents\epran\Astroweb\env\Lib\site-packages\sqlalchemy\pool\base.py", line 896, in __connect
    self.dbapi_connection = connection = pool._invoke_creator(self)
                                         ~~~~~~~~~~~~~~~~~~~~^^^^^^
  File "C:\Users\Yoel Abreu\Documents\epran\Astroweb\env\Lib\site-packages\sqlalchemy\engine\create.py", line 667, in connect
    return dialect.connect(*cargs_tup, **cparams)
           ~~~~~~~~~~~~~~~^^^^^^^^^^^^^^^^^^^^^^^
  File "C:\Users\Yoel Abreu\Documents\epran\Astroweb\env\Lib\site-packages\sqlalchemy\engine\default.py", line 630, in connect
    return self.loaded_dbapi.connect(*cargs, **cparams)  # type: ignore[no-any-return]  # NOQA: E501
           ~~~~~~~~~~~~~~~~~~~~~~~~~^^^^^^^^^^^^^^^^^^^
pyodbc.OperationalError: ('08001', '[08001] [Microsoft][ODBC Driver 17 for SQL Server]Named Pipes Provider: Could not open a connection to SQL Server [1231].  (1231) (SQLDriverConnect); [08001] [Microsoft][ODBC Driver 17 for SQL Server]TCP Provider: Timeout error [258].  (258); [08001] [Microsoft][ODBC Driver 17 for SQL Server]Login timeout expired (0); [08001] [Microsoft][ODBC Driver 17 for SQL Server]Unable to complete login process due to delay in prelogin response (258); [08001] [Microsoft][ODBC Driver 17 for SQL Server]A network-related or instance-specific error has occurred while establishing a connection to SQL Server. Server is not found or not accessible. Check if instance name is correct and if SQL Server is configured to allow remote connections. For more information see SQL Server Books Online. (1231)')

The above exception was the direct cause of the following exception:

Traceback (most recent call last):
  File "C:\Users\Yoel Abreu\Documents\epran\Astroweb\env\Lib\site-packages\starlette\middleware\errors.py", line 164, in __call__
    await self.app(scope, receive, _send)
  File "C:\Users\Yoel Abreu\Documents\epran\Astroweb\env\Lib\site-packages\starlette\middleware\cors.py", line 88, in __call__
    await self.app(scope, receive, send)
  File "C:\Users\Yoel Abreu\Documents\epran\Astroweb\env\Lib\site-packages\starlette\middleware\exceptions.py", line 63, in __call__
    await wrap_app_handling_exceptions(self.app, conn)(scope, receive, send)
  File "C:\Users\Yoel Abreu\Documents\epran\Astroweb\env\Lib\site-packages\starlette\_exception_handler.py", line 53, in wrapped_app
    raise exc
  File "C:\Users\Yoel Abreu\Documents\epran\Astroweb\env\Lib\site-packages\starlette\_exception_handler.py", line 42, in wrapped_app
    await app(scope, receive, sender)
  File "C:\Users\Yoel Abreu\Documents\epran\Astroweb\env\Lib\site-packages\fastapi\middleware\asyncexitstack.py", line 18, in __call__
    await self.app(scope, receive, send)
  File "C:\Users\Yoel Abreu\Documents\epran\Astroweb\env\Lib\site-packages\starlette\routing.py", line 660, in __call__
    await self.middleware_stack(scope, receive, send)
  File "C:\Users\Yoel Abreu\Documents\epran\Astroweb\env\Lib\site-packages\starlette\routing.py", line 680, in app
    await route.handle(scope, receive, send)
  File "C:\Users\Yoel Abreu\Documents\epran\Astroweb\env\Lib\site-packages\starlette\routing.py", line 276, in handle
    await self.app(scope, receive, send)
  File "C:\Users\Yoel Abreu\Documents\epran\Astroweb\env\Lib\site-packages\fastapi\routing.py", line 134, in app
    await wrap_app_handling_exceptions(app, request)(scope, receive, send)
  File "C:\Users\Yoel Abreu\Documents\epran\Astroweb\env\Lib\site-packages\starlette\_exception_handler.py", line 53, in wrapped_app
    raise exc
  File "C:\Users\Yoel Abreu\Documents\epran\Astroweb\env\Lib\site-packages\starlette\_exception_handler.py", line 42, in wrapped_app
    await app(scope, receive, sender)
  File "C:\Users\Yoel Abreu\Documents\epran\Astroweb\env\Lib\site-packages\fastapi\routing.py", line 120, in app
    response = await f(request)
               ^^^^^^^^^^^^^^^^
  File "C:\Users\Yoel Abreu\Documents\epran\Astroweb\env\Lib\site-packages\fastapi\routing.py", line 457, in app
    solved_result = await solve_dependencies(
                    ^^^^^^^^^^^^^^^^^^^^^^^^^
    ...<6 lines>...
    )
    ^
  File "C:\Users\Yoel Abreu\Documents\epran\Astroweb\env\Lib\site-packages\fastapi\dependencies\utils.py", line 680, in solve_dependencies
    solved = await run_in_threadpool(call, **solved_result.values)
             ^^^^^^^^^^^^^^^^^^^^^^^^^^^^^^^^^^^^^^^^^^^^^^^^^^^^^
  File "C:\Users\Yoel Abreu\Documents\epran\Astroweb\env\Lib\site-packages\starlette\concurrency.py", line 32, in run_in_threadpool
    return await anyio.to_thread.run_sync(func)
           ^^^^^^^^^^^^^^^^^^^^^^^^^^^^^^^^^^^^
  File "C:\Users\Yoel Abreu\Documents\epran\Astroweb\env\Lib\site-packages\anyio\to_thread.py", line 63, in run_sync
    return await get_async_backend().run_sync_in_worker_thread(
           ^^^^^^^^^^^^^^^^^^^^^^^^^^^^^^^^^^^^^^^^^^^^^^^^^^^^
        func, args, abandon_on_cancel=abandon_on_cancel, limiter=limiter
        ^^^^^^^^^^^^^^^^^^^^^^^^^^^^^^^^^^^^^^^^^^^^^^^^^^^^^^^^^^^^^^^^
    )
    ^
  File "C:\Users\Yoel Abreu\Documents\epran\Astroweb\env\Lib\site-packages\anyio\_backends\_asyncio.py", line 2502, in run_sync_in_worker_thread
    return await future
           ^^^^^^^^^^^^
  File "C:\Users\Yoel Abreu\Documents\epran\Astroweb\env\Lib\site-packages\anyio\_backends\_asyncio.py", line 986, in run
    result = context.run(func, *args)
  File "C:\Users\Yoel Abreu\Documents\epran\Astroweb\.run-v2\AppWeb_v2\backend\app\core\dependencies.py", line 28, in get_current_user
    ).first()
      ~~~~~^^
  File "C:\Users\Yoel Abreu\Documents\epran\Astroweb\env\Lib\site-packages\sqlalchemy\orm\query.py", line 2766, in first
    return self.limit(1)._iter().first()  # type: ignore
           ~~~~~~~~~~~~~~~~~~~^^
  File "C:\Users\Yoel Abreu\Documents\epran\Astroweb\env\Lib\site-packages\sqlalchemy\orm\query.py", line 2864, in _iter
    result: Union[ScalarResult[_T], Result[_T]] = self.session.execute(
                                                  ~~~~~~~~~~~~~~~~~~~~^
        statement,
        ^^^^^^^^^^
        params,
        ^^^^^^^
        execution_options={"_sa_orm_load_options": self.load_options},
        ^^^^^^^^^^^^^^^^^^^^^^^^^^^^^^^^^^^^^^^^^^^^^^^^^^^^^^^^^^^^^^
    )
    ^
  File "C:\Users\Yoel Abreu\Documents\epran\Astroweb\env\Lib\site-packages\sqlalchemy\orm\session.py", line 2351, in execute
    return self._execute_internal(
           ~~~~~~~~~~~~~~~~~~~~~~^
        statement,
        ^^^^^^^^^^
    ...<4 lines>...
        _add_event=_add_event,
        ^^^^^^^^^^^^^^^^^^^^^^
    )
    ^
  File "C:\Users\Yoel Abreu\Documents\epran\Astroweb\env\Lib\site-packages\sqlalchemy\orm\session.py", line 2239, in _execute_internal
    conn = self._connection_for_bind(bind)
  File "C:\Users\Yoel Abreu\Documents\epran\Astroweb\env\Lib\site-packages\sqlalchemy\orm\session.py", line 2108, in _connection_for_bind
    return trans._connection_for_bind(engine, execution_options)
           ~~~~~~~~~~~~~~~~~~~~~~~~~~^^^^^^^^^^^^^^^^^^^^^^^^^^^
  File "<string>", line 2, in _connection_for_bind
  File "C:\Users\Yoel Abreu\Documents\epran\Astroweb\env\Lib\site-packages\sqlalchemy\orm\state_changes.py", line 137, in _go
    ret_value = fn(self, *arg, **kw)
  File "C:\Users\Yoel Abreu\Documents\epran\Astroweb\env\Lib\site-packages\sqlalchemy\orm\session.py", line 1187, in _connection_for_bind
    conn = bind.connect()
  File "C:\Users\Yoel Abreu\Documents\epran\Astroweb\env\Lib\site-packages\sqlalchemy\engine\base.py", line 3293, in connect
    return self._connection_cls(self)
           ~~~~~~~~~~~~~~~~~~~~^^^^^^
  File "C:\Users\Yoel Abreu\Documents\epran\Astroweb\env\Lib\site-packages\sqlalchemy\engine\base.py", line 145, in __init__
    Connection._handle_dbapi_exception_noconnection(
    ~~~~~~~~~~~~~~~~~~~~~~~~~~~~~~~~~~~~~~~~~~~~~~~^
        err, dialect, engine
        ^^^^^^^^^^^^^^^^^^^^
    )
    ^
  File "C:\Users\Yoel Abreu\Documents\epran\Astroweb\env\Lib\site-packages\sqlalchemy\engine\base.py", line 2448, in _handle_dbapi_exception_noconnection
    raise sqlalchemy_exception.with_traceback(exc_info[2]) from e
  File "C:\Users\Yoel Abreu\Documents\epran\Astroweb\env\Lib\site-packages\sqlalchemy\engine\base.py", line 143, in __init__
    self._dbapi_connection = engine.raw_connection()
                             ~~~~~~~~~~~~~~~~~~~~~^^
  File "C:\Users\Yoel Abreu\Documents\epran\Astroweb\env\Lib\site-packages\sqlalchemy\engine\base.py", line 3317, in raw_connection
    return self.pool.connect()
           ~~~~~~~~~~~~~~~~~^^
  File "C:\Users\Yoel Abreu\Documents\epran\Astroweb\env\Lib\site-packages\sqlalchemy\pool\base.py", line 448, in connect
    return _ConnectionFairy._checkout(self)
           ~~~~~~~~~~~~~~~~~~~~~~~~~~^^^^^^
  File "C:\Users\Yoel Abreu\Documents\epran\Astroweb\env\Lib\site-packages\sqlalchemy\pool\base.py", line 1272, in _checkout
    fairy = _ConnectionRecord.checkout(pool)
  File "C:\Users\Yoel Abreu\Documents\epran\Astroweb\env\Lib\site-packages\sqlalchemy\pool\base.py", line 717, in checkout
    with util.safe_reraise():
         ~~~~~~~~~~~~~~~~~^^
  File "C:\Users\Yoel Abreu\Documents\epran\Astroweb\env\Lib\site-packages\sqlalchemy\util\langhelpers.py", line 121, in __exit__
    raise exc_value.with_traceback(exc_tb)
  File "C:\Users\Yoel Abreu\Documents\epran\Astroweb\env\Lib\site-packages\sqlalchemy\pool\base.py", line 715, in checkout
    dbapi_connection = rec.get_connection()
  File "C:\Users\Yoel Abreu\Documents\epran\Astroweb\env\Lib\site-packages\sqlalchemy\pool\base.py", line 866, in get_connection
    self.__connect()
    ~~~~~~~~~~~~~~^^
  File "C:\Users\Yoel Abreu\Documents\epran\Astroweb\env\Lib\site-packages\sqlalchemy\pool\base.py", line 900, in __connect
    with util.safe_reraise():
         ~~~~~~~~~~~~~~~~~^^
  File "C:\Users\Yoel Abreu\Documents\epran\Astroweb\env\Lib\site-packages\sqlalchemy\util\langhelpers.py", line 121, in __exit__
    raise exc_value.with_traceback(exc_tb)
  File "C:\Users\Yoel Abreu\Documents\epran\Astroweb\env\Lib\site-packages\sqlalchemy\pool\base.py", line 896, in __connect
    self.dbapi_connection = connection = pool._invoke_creator(self)
                                         ~~~~~~~~~~~~~~~~~~~~^^^^^^
  File "C:\Users\Yoel Abreu\Documents\epran\Astroweb\env\Lib\site-packages\sqlalchemy\engine\create.py", line 667, in connect
    return dialect.connect(*cargs_tup, **cparams)
           ~~~~~~~~~~~~~~~^^^^^^^^^^^^^^^^^^^^^^^
  File "C:\Users\Yoel Abreu\Documents\epran\Astroweb\env\Lib\site-packages\sqlalchemy\engine\default.py", line 630, in connect
    return self.loaded_dbapi.connect(*cargs, **cparams)  # type: ignore[no-any-return]  # NOQA: E501
           ~~~~~~~~~~~~~~~~~~~~~~~~~^^^^^^^^^^^^^^^^^^^
sqlalchemy.exc.OperationalError: (pyodbc.OperationalError) ('08001', '[08001] [Microsoft][ODBC Driver 17 for SQL Server]Named Pipes Provider: Could not open a connection to SQL Server [1231].  (1231) (SQLDriverConnect); [08001] [Microsoft][ODBC Driver 17 for SQL Server]TCP Provider: Timeout error [258].  (258); [08001] [Microsoft][ODBC Driver 17 for SQL Server]Login timeout expired (0); [08001] [Microsoft][ODBC Driver 17 for SQL Server]Unable to complete login process due to delay in prelogin response (258); [08001] [Microsoft][ODBC Driver 17 for SQL Server]A network-related or instance-specific error has occurred while establishing a connection to SQL Server. Server is not found or not accessible. Check if instance name is correct and if SQL Server is configured to allow remote connections. For more information see SQL Server Books Online. (1231)')
(Background on this error at: https://sqlalche.me/e/20/e3q8)
ERROR:    Exception in ASGI application
Traceback (most recent call last):
  File "C:\Users\Yoel Abreu\Documents\epran\Astroweb\env\Lib\site-packages\sqlalchemy\engine\base.py", line 143, in __init__
    self._dbapi_connection = engine.raw_connection()
                             ~~~~~~~~~~~~~~~~~~~~~^^
  File "C:\Users\Yoel Abreu\Documents\epran\Astroweb\env\Lib\site-packages\sqlalchemy\engine\base.py", line 3317, in raw_connection
    return self.pool.connect()
           ~~~~~~~~~~~~~~~~~^^
  File "C:\Users\Yoel Abreu\Documents\epran\Astroweb\env\Lib\site-packages\sqlalchemy\pool\base.py", line 448, in connect
    return _ConnectionFairy._checkout(self)
           ~~~~~~~~~~~~~~~~~~~~~~~~~~^^^^^^
  File "C:\Users\Yoel Abreu\Documents\epran\Astroweb\env\Lib\site-packages\sqlalchemy\pool\base.py", line 1272, in _checkout
    fairy = _ConnectionRecord.checkout(pool)
  File "C:\Users\Yoel Abreu\Documents\epran\Astroweb\env\Lib\site-packages\sqlalchemy\pool\base.py", line 717, in checkout
    with util.safe_reraise():
         ~~~~~~~~~~~~~~~~~^^
  File "C:\Users\Yoel Abreu\Documents\epran\Astroweb\env\Lib\site-packages\sqlalchemy\util\langhelpers.py", line 121, in __exit__
    raise exc_value.with_traceback(exc_tb)
  File "C:\Users\Yoel Abreu\Documents\epran\Astroweb\env\Lib\site-packages\sqlalchemy\pool\base.py", line 715, in checkout
    dbapi_connection = rec.get_connection()
  File "C:\Users\Yoel Abreu\Documents\epran\Astroweb\env\Lib\site-packages\sqlalchemy\pool\base.py", line 866, in get_connection
    self.__connect()
    ~~~~~~~~~~~~~~^^
  File "C:\Users\Yoel Abreu\Documents\epran\Astroweb\env\Lib\site-packages\sqlalchemy\pool\base.py", line 900, in __connect
    with util.safe_reraise():
         ~~~~~~~~~~~~~~~~~^^
  File "C:\Users\Yoel Abreu\Documents\epran\Astroweb\env\Lib\site-packages\sqlalchemy\util\langhelpers.py", line 121, in __exit__
    raise exc_value.with_traceback(exc_tb)
  File "C:\Users\Yoel Abreu\Documents\epran\Astroweb\env\Lib\site-packages\sqlalchemy\pool\base.py", line 896, in __connect
    self.dbapi_connection = connection = pool._invoke_creator(self)
                                         ~~~~~~~~~~~~~~~~~~~~^^^^^^
  File "C:\Users\Yoel Abreu\Documents\epran\Astroweb\env\Lib\site-packages\sqlalchemy\engine\create.py", line 667, in connect
    return dialect.connect(*cargs_tup, **cparams)
           ~~~~~~~~~~~~~~~^^^^^^^^^^^^^^^^^^^^^^^
  File "C:\Users\Yoel Abreu\Documents\epran\Astroweb\env\Lib\site-packages\sqlalchemy\engine\default.py", line 630, in connect
    return self.loaded_dbapi.connect(*cargs, **cparams)  # type: ignore[no-any-return]  # NOQA: E501
           ~~~~~~~~~~~~~~~~~~~~~~~~~^^^^^^^^^^^^^^^^^^^
pyodbc.OperationalError: ('08001', '[08001] [Microsoft][ODBC Driver 17 for SQL Server]Named Pipes Provider: Could not open a connection to SQL Server [1231].  (1231) (SQLDriverConnect); [08001] [Microsoft][ODBC Driver 17 for SQL Server]TCP Provider: Timeout error [258].  (258); [08001] [Microsoft][ODBC Driver 17 for SQL Server]Login timeout expired (0); [08001] [Microsoft][ODBC Driver 17 for SQL Server]Unable to complete login process due to delay in prelogin response (258); [08001] [Microsoft][ODBC Driver 17 for SQL Server]A network-related or instance-specific error has occurred while establishing a connection to SQL Server. Server is not found or not accessible. Check if instance name is correct and if SQL Server is configured to allow remote connections. For more information see SQL Server Books Online. (1231)')

The above exception was the direct cause of the following exception:

Traceback (most recent call last):
  File "C:\Users\Yoel Abreu\Documents\epran\Astroweb\env\Lib\site-packages\uvicorn\protocols\http\h11_impl.py", line 415, in run_asgi
    result = await app(  # type: ignore[func-returns-value]
             ^^^^^^^^^^^^^^^^^^^^^^^^^^^^^^^^^^^^^^^^^^^^^^
        self.scope, self.receive, self.send
        ^^^^^^^^^^^^^^^^^^^^^^^^^^^^^^^^^^^
    )
    ^
  File "C:\Users\Yoel Abreu\Documents\epran\Astroweb\env\Lib\site-packages\uvicorn\middleware\proxy_headers.py", line 56, in __call__
    return await self.app(scope, receive, send)
           ^^^^^^^^^^^^^^^^^^^^^^^^^^^^^^^^^^^^
  File "C:\Users\Yoel Abreu\Documents\epran\Astroweb\env\Lib\site-packages\fastapi\applications.py", line 1159, in __call__
    await super().__call__(scope, receive, send)
  File "C:\Users\Yoel Abreu\Documents\epran\Astroweb\env\Lib\site-packages\starlette\applications.py", line 90, in __call__
    await self.middleware_stack(scope, receive, send)
  File "C:\Users\Yoel Abreu\Documents\epran\Astroweb\env\Lib\site-packages\starlette\middleware\errors.py", line 186, in __call__
    raise exc
  File "C:\Users\Yoel Abreu\Documents\epran\Astroweb\env\Lib\site-packages\starlette\middleware\errors.py", line 164, in __call__
    await self.app(scope, receive, _send)
  File "C:\Users\Yoel Abreu\Documents\epran\Astroweb\env\Lib\site-packages\starlette\middleware\cors.py", line 88, in __call__
    await self.app(scope, receive, send)
  File "C:\Users\Yoel Abreu\Documents\epran\Astroweb\env\Lib\site-packages\starlette\middleware\exceptions.py", line 63, in __call__
    await wrap_app_handling_exceptions(self.app, conn)(scope, receive, send)
  File "C:\Users\Yoel Abreu\Documents\epran\Astroweb\env\Lib\site-packages\starlette\_exception_handler.py", line 53, in wrapped_app
    raise exc
  File "C:\Users\Yoel Abreu\Documents\epran\Astroweb\env\Lib\site-packages\starlette\_exception_handler.py", line 42, in wrapped_app
    await app(scope, receive, sender)
  File "C:\Users\Yoel Abreu\Documents\epran\Astroweb\env\Lib\site-packages\fastapi\middleware\asyncexitstack.py", line 18, in __call__
    await self.app(scope, receive, send)
  File "C:\Users\Yoel Abreu\Documents\epran\Astroweb\env\Lib\site-packages\starlette\routing.py", line 660, in __call__
    await self.middleware_stack(scope, receive, send)
  File "C:\Users\Yoel Abreu\Documents\epran\Astroweb\env\Lib\site-packages\starlette\routing.py", line 680, in app
    await route.handle(scope, receive, send)
  File "C:\Users\Yoel Abreu\Documents\epran\Astroweb\env\Lib\site-packages\starlette\routing.py", line 276, in handle
    await self.app(scope, receive, send)
  File "C:\Users\Yoel Abreu\Documents\epran\Astroweb\env\Lib\site-packages\fastapi\routing.py", line 134, in app
    await wrap_app_handling_exceptions(app, request)(scope, receive, send)
  File "C:\Users\Yoel Abreu\Documents\epran\Astroweb\env\Lib\site-packages\starlette\_exception_handler.py", line 53, in wrapped_app
    raise exc
  File "C:\Users\Yoel Abreu\Documents\epran\Astroweb\env\Lib\site-packages\starlette\_exception_handler.py", line 42, in wrapped_app
    await app(scope, receive, sender)
  File "C:\Users\Yoel Abreu\Documents\epran\Astroweb\env\Lib\site-packages\fastapi\routing.py", line 120, in app
    response = await f(request)
               ^^^^^^^^^^^^^^^^
  File "C:\Users\Yoel Abreu\Documents\epran\Astroweb\env\Lib\site-packages\fastapi\routing.py", line 457, in app
    solved_result = await solve_dependencies(
                    ^^^^^^^^^^^^^^^^^^^^^^^^^
    ...<6 lines>...
    )
    ^
  File "C:\Users\Yoel Abreu\Documents\epran\Astroweb\env\Lib\site-packages\fastapi\dependencies\utils.py", line 680, in solve_dependencies
    solved = await run_in_threadpool(call, **solved_result.values)
             ^^^^^^^^^^^^^^^^^^^^^^^^^^^^^^^^^^^^^^^^^^^^^^^^^^^^^
  File "C:\Users\Yoel Abreu\Documents\epran\Astroweb\env\Lib\site-packages\starlette\concurrency.py", line 32, in run_in_threadpool
    return await anyio.to_thread.run_sync(func)
           ^^^^^^^^^^^^^^^^^^^^^^^^^^^^^^^^^^^^
  File "C:\Users\Yoel Abreu\Documents\epran\Astroweb\env\Lib\site-packages\anyio\to_thread.py", line 63, in run_sync
    return await get_async_backend().run_sync_in_worker_thread(
           ^^^^^^^^^^^^^^^^^^^^^^^^^^^^^^^^^^^^^^^^^^^^^^^^^^^^
        func, args, abandon_on_cancel=abandon_on_cancel, limiter=limiter
        ^^^^^^^^^^^^^^^^^^^^^^^^^^^^^^^^^^^^^^^^^^^^^^^^^^^^^^^^^^^^^^^^
    )
    ^
  File "C:\Users\Yoel Abreu\Documents\epran\Astroweb\env\Lib\site-packages\anyio\_backends\_asyncio.py", line 2502, in run_sync_in_worker_thread
    return await future
           ^^^^^^^^^^^^
  File "C:\Users\Yoel Abreu\Documents\epran\Astroweb\env\Lib\site-packages\anyio\_backends\_asyncio.py", line 986, in run
    result = context.run(func, *args)
  File "C:\Users\Yoel Abreu\Documents\epran\Astroweb\.run-v2\AppWeb_v2\backend\app\core\dependencies.py", line 28, in get_current_user
    ).first()
      ~~~~~^^
  File "C:\Users\Yoel Abreu\Documents\epran\Astroweb\env\Lib\site-packages\sqlalchemy\orm\query.py", line 2766, in first
    return self.limit(1)._iter().first()  # type: ignore
           ~~~~~~~~~~~~~~~~~~~^^
  File "C:\Users\Yoel Abreu\Documents\epran\Astroweb\env\Lib\site-packages\sqlalchemy\orm\query.py", line 2864, in _iter
    result: Union[ScalarResult[_T], Result[_T]] = self.session.execute(
                                                  ~~~~~~~~~~~~~~~~~~~~^
        statement,
        ^^^^^^^^^^
        params,
        ^^^^^^^
        execution_options={"_sa_orm_load_options": self.load_options},
        ^^^^^^^^^^^^^^^^^^^^^^^^^^^^^^^^^^^^^^^^^^^^^^^^^^^^^^^^^^^^^^
    )
    ^
  File "C:\Users\Yoel Abreu\Documents\epran\Astroweb\env\Lib\site-packages\sqlalchemy\orm\session.py", line 2351, in execute
    return self._execute_internal(
           ~~~~~~~~~~~~~~~~~~~~~~^
        statement,
        ^^^^^^^^^^
    ...<4 lines>...
        _add_event=_add_event,
        ^^^^^^^^^^^^^^^^^^^^^^
    )
    ^
  File "C:\Users\Yoel Abreu\Documents\epran\Astroweb\env\Lib\site-packages\sqlalchemy\orm\session.py", line 2239, in _execute_internal
    conn = self._connection_for_bind(bind)
  File "C:\Users\Yoel Abreu\Documents\epran\Astroweb\env\Lib\site-packages\sqlalchemy\orm\session.py", line 2108, in _connection_for_bind
    return trans._connection_for_bind(engine, execution_options)
           ~~~~~~~~~~~~~~~~~~~~~~~~~~^^^^^^^^^^^^^^^^^^^^^^^^^^^
  File "<string>", line 2, in _connection_for_bind
  File "C:\Users\Yoel Abreu\Documents\epran\Astroweb\env\Lib\site-packages\sqlalchemy\orm\state_changes.py", line 137, in _go
    ret_value = fn(self, *arg, **kw)
  File "C:\Users\Yoel Abreu\Documents\epran\Astroweb\env\Lib\site-packages\sqlalchemy\orm\session.py", line 1187, in _connection_for_bind
    conn = bind.connect()
  File "C:\Users\Yoel Abreu\Documents\epran\Astroweb\env\Lib\site-packages\sqlalchemy\engine\base.py", line 3293, in connect
    return self._connection_cls(self)
           ~~~~~~~~~~~~~~~~~~~~^^^^^^
  File "C:\Users\Yoel Abreu\Documents\epran\Astroweb\env\Lib\site-packages\sqlalchemy\engine\base.py", line 145, in __init__
    Connection._handle_dbapi_exception_noconnection(
    ~~~~~~~~~~~~~~~~~~~~~~~~~~~~~~~~~~~~~~~~~~~~~~~^
        err, dialect, engine
        ^^^^^^^^^^^^^^^^^^^^
    )
    ^
  File "C:\Users\Yoel Abreu\Documents\epran\Astroweb\env\Lib\site-packages\sqlalchemy\engine\base.py", line 2448, in _handle_dbapi_exception_noconnection
    raise sqlalchemy_exception.with_traceback(exc_info[2]) from e
  File "C:\Users\Yoel Abreu\Documents\epran\Astroweb\env\Lib\site-packages\sqlalchemy\engine\base.py", line 143, in __init__
    self._dbapi_connection = engine.raw_connection()
                             ~~~~~~~~~~~~~~~~~~~~~^^
  File "C:\Users\Yoel Abreu\Documents\epran\Astroweb\env\Lib\site-packages\sqlalchemy\engine\base.py", line 3317, in raw_connection
    return self.pool.connect()
           ~~~~~~~~~~~~~~~~~^^
  File "C:\Users\Yoel Abreu\Documents\epran\Astroweb\env\Lib\site-packages\sqlalchemy\pool\base.py", line 448, in connect
    return _ConnectionFairy._checkout(self)
           ~~~~~~~~~~~~~~~~~~~~~~~~~~^^^^^^
  File "C:\Users\Yoel Abreu\Documents\epran\Astroweb\env\Lib\site-packages\sqlalchemy\pool\base.py", line 1272, in _checkout
    fairy = _ConnectionRecord.checkout(pool)
  File "C:\Users\Yoel Abreu\Documents\epran\Astroweb\env\Lib\site-packages\sqlalchemy\pool\base.py", line 717, in checkout
    with util.safe_reraise():
         ~~~~~~~~~~~~~~~~~^^
  File "C:\Users\Yoel Abreu\Documents\epran\Astroweb\env\Lib\site-packages\sqlalchemy\util\langhelpers.py", line 121, in __exit__
    raise exc_value.with_traceback(exc_tb)
  File "C:\Users\Yoel Abreu\Documents\epran\Astroweb\env\Lib\site-packages\sqlalchemy\pool\base.py", line 715, in checkout
    dbapi_connection = rec.get_connection()
  File "C:\Users\Yoel Abreu\Documents\epran\Astroweb\env\Lib\site-packages\sqlalchemy\pool\base.py", line 866, in get_connection
    self.__connect()
    ~~~~~~~~~~~~~~^^
  File "C:\Users\Yoel Abreu\Documents\epran\Astroweb\env\Lib\site-packages\sqlalchemy\pool\base.py", line 900, in __connect
    with util.safe_reraise():
         ~~~~~~~~~~~~~~~~~^^
  File "C:\Users\Yoel Abreu\Documents\epran\Astroweb\env\Lib\site-packages\sqlalchemy\util\langhelpers.py", line 121, in __exit__
    raise exc_value.with_traceback(exc_tb)
  File "C:\Users\Yoel Abreu\Documents\epran\Astroweb\env\Lib\site-packages\sqlalchemy\pool\base.py", line 896, in __connect
    self.dbapi_connection = connection = pool._invoke_creator(self)
                                         ~~~~~~~~~~~~~~~~~~~~^^^^^^
  File "C:\Users\Yoel Abreu\Documents\epran\Astroweb\env\Lib\site-packages\sqlalchemy\engine\create.py", line 667, in connect
    return dialect.connect(*cargs_tup, **cparams)
           ~~~~~~~~~~~~~~~^^^^^^^^^^^^^^^^^^^^^^^
  File "C:\Users\Yoel Abreu\Documents\epran\Astroweb\env\Lib\site-packages\sqlalchemy\engine\default.py", line 630, in connect
    return self.loaded_dbapi.connect(*cargs, **cparams)  # type: ignore[no-any-return]  # NOQA: E501
           ~~~~~~~~~~~~~~~~~~~~~~~~~^^^^^^^^^^^^^^^^^^^
sqlalchemy.exc.OperationalError: (pyodbc.OperationalError) ('08001', '[08001] [Microsoft][ODBC Driver 17 for SQL Server]Named Pipes Provider: Could not open a connection to SQL Server [1231].  (1231) (SQLDriverConnect); [08001] [Microsoft][ODBC Driver 17 for SQL Server]TCP Provider: Timeout error [258].  (258); [08001] [Microsoft][ODBC Driver 17 for SQL Server]Login timeout expired (0); [08001] [Microsoft][ODBC Driver 17 for SQL Server]Unable to complete login process due to delay in prelogin response (258); [08001] [Microsoft][ODBC Driver 17 for SQL Server]A network-related or instance-specific error has occurred while establishing a connection to SQL Server. Server is not found or not accessible. Check if instance name is correct and if SQL Server is configured to allow remote connections. For more information see SQL Server Books Online. (1231)')
(Background on this error at: https://sqlalche.me/e/20/e3q8)
2026-06-20 23:44:20,249 - app.auth - INFO - Intento de login para usuario: Dev
2026-06-21 00:02:42,773 - apscheduler.executors.default - WARNING - Run time of job "ejecutar_cambios_futuros (trigger: interval[1:00:00], next run at: 2026-06-20 19:31:20 -04)" was missed by 0:31:22.403309
2026-06-21 00:31:20,379 - apscheduler.executors.default - INFO - Running job "ejecutar_cambios_futuros (trigger: interval[1:00:00], next run at: 2026-06-21 01:31:20 -04)" (scheduled at 2026-06-21 00:31:20.369691-04:00)
2026-06-21 00:31:20,836 - apscheduler.executors.default - INFO - Job "ejecutar_cambios_futuros (trigger: interval[1:00:00], next run at: 2026-06-21 01:31:20 -04)" executed successfully
