
Warning: This is a simple server for use in testing or debugging Angular applications
locally. It hasn't been reviewed for security issues.

Binding this server to an open connection can result in compromising your application or
computer. Using a different host than the one passed to the "--host" flag might result in
websocket connection issues. You might need to use "--disable-host-check" if that's the
case.
    
- Building...

Initial chunk files | Names                   |  Raw size
styles.css          | styles                  | 271.48 kB | 
polyfills.js        | polyfills               |  88.09 kB | 
main.js             | main                    |   8.60 kB | 
chunk-IBXCCWQU.js   | -                       |   2.64 kB | 
chunk-4WXVOEFY.js   | -                       |   1.46 kB | 
chunk-NRWDSKQC.js   | -                       | 175 bytes | 

                    | Initial total           | 372.44 kB

Lazy chunk files    | Names                   |  Raw size
chunk-2YUENYWT.js   | routes-component        | 203.62 kB | 
chunk-KSOB6X6S.js   | centro-mando-component  | 171.52 kB | 
chunk-2VMYWT3X.js   | mercaderista-component  | 125.86 kB | 
chunk-CGDZEI7M.js   | client-photos-component | 100.03 kB | 
chunk-4YHNMGUK.js   | client-visits-component |  98.35 kB | 
chunk-ARLVVYWA.js   | points-component        |  90.29 kB | 
chunk-TPNGTP5V.js   | -                       |  90.00 kB | 
chunk-N7M7LBMU.js   | users-component         |  85.08 kB | 
chunk-HF3RU2J3.js   | chat-component          |  84.28 kB | 
chunk-R2GGZBNH.js   | client-data-component   |  70.18 kB | 
chunk-TURPQ7G3.js   | productos-component     |  38.29 kB | 
chunk-PLQL7BHF.js   | data-component          |  36.87 kB | 
chunk-6LJLWUPP.js   | dashboard-component     |  31.35 kB | 
chunk-4TDWBVSH.js   | audit-log-component     |  25.30 kB | 
chunk-FVWAQKCC.js   | shell-component         |  24.00 kB | 
...and 15 more lazy chunks files. Use "--verbose" to show all the files.

Application bundle generation complete. [5.814 seconds]

Watch mode enabled. Watching for file changes...
  ➜  Local:   http://localhost:4200/
  ➜  Network: http://10.96.0.33:4200/
  ➜  Network: http://172.29.216.212:4200/
  ➜  Network: http://192.168.1.8:4200/
- Changes detected. Rebuilding...

Application bundle generation failed. [4.117 seconds]

X [ERROR] Cannot find tsconfig file "tsconfig.app.json"


X [ERROR] TS500: Error: ENOENT: no such file or directory, lstat 'C:\Users\Yoel Abreu\Documents\epran\Astroweb\AppWeb_v2\frontend\tsconfig.app.json'
    at Object.lstatSync (node:fs:1701:25)
    at NodeJSFileSystem.lstat (file:///C:/Users/Yoel%20Abreu/Documents/epran/Astroweb/AppWeb_v2/frontend/node_modules/@angular/compiler-cli/bundles/chunk-75YFKYUJ.js:341:16)
    at calcProjectFileAndBasePath (file:///C:/Users/Yoel%20Abreu/Documents/epran/Astroweb/AppWeb_v2/frontend/node_modules/@angular/compiler-cli/bundles/chunk-LV7FGTGX.js:10260:29)
    at readConfiguration (file:///C:/Users/Yoel%20Abreu/Documents/epran/Astroweb/AppWeb_v2/frontend/node_modules/@angular/compiler-cli/bundles/chunk-LV7FGTGX.js:10286:39)
    at C:\Users\Yoel Abreu\Documents\epran\Astroweb\AppWeb_v2\frontend\node_modules\@angular-devkit\build-angular\src\tools\esbuild\angular\compilation\angular-compilation.js:61:69
    at profileSync (C:\Users\Yoel Abreu\Documents\epran\Astroweb\AppWeb_v2\frontend\node_modules\@angular-devkit\build-angular\src\tools\esbuild\profiling.js:68:16)
    at AotCompilation.loadConfiguration (C:\Users\Yoel Abreu\Documents\epran\Astroweb\AppWeb_v2\frontend\node_modules\@angular-devkit\build-angular\src\tools\esbuild\angular\compilation\angular-compilation.js:61:44)
    at async AotCompilation.initialize (C:\Users\Yoel Abreu\Documents\epran\Astroweb\AppWeb_v2\frontend\node_modules\@angular-devkit\build-angular\src\tools\esbuild\angular\compilation\aot-compilation.js:50:100)
    at async initialize (C:\Users\Yoel Abreu\Documents\epran\Astroweb\AppWeb_v2\frontend\node_modules\@angular-devkit\build-angular\src\tools\esbuild\angular\compilation\parallel-worker.js:33:50)
    at async C:\Users\Yoel Abreu\Documents\epran\Astroweb\AppWeb_v2\frontend\node_modules\piscina\dist\src\worker.js:145:26 [plugin angular-compiler]


X [ERROR] Could not resolve "C:\\Users\\Yoel Abreu\\Documents\\epran\\Astroweb\\AppWeb_v2\\frontend\\src\\main.ts"


X [ERROR] Could not resolve "src/styles.scss"

    angular:styles/global:styles:4:8:
      4 │ @import 'src/styles.scss';
        ╵         ~~~~~~~~~~~~~~~~~

  You can mark the path "src/styles.scss" as external to exclude it from the bundle, which will remove this error and leave the unresolved path in the bundle.


- Changes detected. Rebuilding...

Application bundle generation failed. [2.575 seconds]

X [ERROR] TS6053: File 'C:/Users/Yoel Abreu/Documents/epran/Astroweb/AppWeb_v2/frontend/node_modules/typescript/lib/lib.dom.d.ts' not found.
  The file is in the program because:
    Library 'lib.dom.d.ts' specified in compilerOptions [plugin angular-compiler]


X [ERROR] TS6053: File 'C:/Users/Yoel Abreu/Documents/epran/Astroweb/AppWeb_v2/frontend/node_modules/typescript/lib/lib.es2022.d.ts' not found.
  The file is in the program because:
    Library 'lib.es2022.d.ts' specified in compilerOptions [plugin angular-compiler]


X [ERROR] TS2318: Cannot find global type 'Array'. [plugin angular-compiler]


X [ERROR] TS2318: Cannot find global type 'Boolean'. [plugin angular-compiler]


X [ERROR] TS2318: Cannot find global type 'CallableFunction'. [plugin angular-compiler]


X [ERROR] TS2318: Cannot find global type 'Function'. [plugin angular-compiler]


X [ERROR] TS2318: Cannot find global type 'IArguments'. [plugin angular-compiler]


X [ERROR] TS2318: Cannot find global type 'NewableFunction'. [plugin angular-compiler]


X [ERROR] TS2318: Cannot find global type 'Number'. [plugin angular-compiler]


X [ERROR] TS2318: Cannot find global type 'Object'. [plugin angular-compiler]


X [ERROR] TS2318: Cannot find global type 'Promise'. [plugin angular-compiler]


X [ERROR] TS2318: Cannot find global type 'RegExp'. [plugin angular-compiler]


X [ERROR] TS2318: Cannot find global type 'String'. [plugin angular-compiler]


X [ERROR] TS2307: Cannot find module '@angular/core' or its corresponding type declarations. [plugin angular-compiler]

    src/app/app.component.ts:1:26:
      1 │ import { Component } from '@angular/core';
        ╵                           ~~~~~~~~~~~~~~~


X [ERROR] TS2307: Cannot find module '@angular/router' or its corresponding type declarations. [plugin angular-compiler]

    src/app/app.component.ts:2:29:
      2 │ import { RouterOutlet } from '@angular/router';
        ╵                              ~~~~~~~~~~~~~~~~~


X [ERROR] TS2354: This syntax requires an imported helper but module 'tslib' cannot be found. [plugin angular-compiler]

    src/app/app.component.ts:4:0:
      4 │ @Component({
        ╵ ~~~~~~~~~~~~


X [ERROR] TS-991010: 'imports' must be an array of components, directives, pipes, or NgModules.
  Value is of type '[(not statically analyzable)]'. [plugin angular-compiler]

    src/app/app.component.ts:7:11:
      7 │   imports: [RouterOutlet],
        ╵            ~~~~~~~~~~~~~~


X [ERROR] TS2307: Cannot find module '@angular/core' or its corresponding type declarations. [plugin angular-compiler]

    src/app/app.config.ts:1:73:
      1 │ ...nfig, provideZoneChangeDetection, isDevMode } from '@angular/core';
        ╵                                                       ~~~~~~~~~~~~~~~


X [ERROR] TS2307: Cannot find module '@angular/router' or its corresponding type declarations. [plugin angular-compiler]

    src/app/app.config.ts:2:57:
      2 │ ... provideRouter, withComponentInputBinding } from '@angular/router';
        ╵                                                     ~~~~~~~~~~~~~~~~~


X [ERROR] TS2307: Cannot find module '@angular/common/http' or its corresponding type declarations. [plugin angular-compiler]

    src/app/app.config.ts:3:52:
      3 │ ... provideHttpClient, withInterceptors } from '@angular/common/http';
        ╵                                                ~~~~~~~~~~~~~~~~~~~~~~


X [ERROR] TS2307: Cannot find module '@angular/platform-browser/animations' or its corresponding type declarations. [plugin angular-compiler]

    src/app/app.config.ts:4:34:
      4 │ ... { provideAnimations } from '@angular/platform-browser/animations';
        ╵                                ~~~~~~~~~~~~~~~~~~~~~~~~~~~~~~~~~~~~~~


X [ERROR] TS2307: Cannot find module '@angular/service-worker' or its corresponding type declarations. [plugin angular-compiler]

    src/app/app.config.ts:7:37:
      7 │ import { provideServiceWorker } from '@angular/service-worker';
        ╵                                      ~~~~~~~~~~~~~~~~~~~~~~~~~


X [ERROR] TS2307: Cannot find module '@angular/router' or its corresponding type declarations. [plugin angular-compiler]

    src/app/app.routes.ts:1:23:
      1 │ import { Routes } from '@angular/router';
        ╵                        ~~~~~~~~~~~~~~~~~


X [ERROR] TS2711: A dynamic import call returns a 'Promise'. Make sure you have a declaration for 'Promise' or include 'ES2015' in your '--lib' option. [plugin angular-compiler]

    src/app/app.routes.ts:10:25:
      10 │ ...nt: () => import('./features/auth/login/login.component').then(...
         ╵              ~~~~~~~~~~~~~~~~~~~~~~~~~~~~~~~~~~~~~~~~~~~~~~~


X [ERROR] TS7006: Parameter 'm' implicitly has an 'any' type. [plugin angular-compiler]

    src/app/app.routes.ts:10:79:
      10 │ ...atures/auth/login/login.component').then((m) => m.LoginComponent),
         ╵                                              ^


X [ERROR] TS2711: A dynamic import call returns a 'Promise'. Make sure you have a declaration for 'Promise' or include 'ES2015' in your '--lib' option. [plugin angular-compiler]

    src/app/app.routes.ts:14:25:
      14 │ ...nt: () => import('./features/auth/login-mercaderista/login-merc...
         ╵              ~~~~~~~~~~~~~~~~~~~~~~~~~~~~~~~~~~~~~~~~~~~~~~~~~~~~~


X [ERROR] TS7006: Parameter 'm' implicitly has an 'any' type. [plugin angular-compiler]

    src/app/app.routes.ts:14:105:
      14 │ ...mercaderista.component').then((m) => m.LoginMercaderistaCompone...
         ╵                                   ^


X [ERROR] TS2711: A dynamic import call returns a 'Promise'. Make sure you have a declaration for 'Promise' or include 'ES2015' in your '--lib' option. [plugin angular-compiler]

    src/app/app.routes.ts:20:25:
      20 │ ...nent: () => import('./layout/shell/shell.component').then((m) =...
         ╵                ~~~~~~~~~~~~~~~~~~~~~~~~~~~~~~~~~~~~~~~~


X [ERROR] TS7006: Parameter 'm' implicitly has an 'any' type. [plugin angular-compiler]

    src/app/app.routes.ts:20:72:
      20 │ ...t('./layout/shell/shell.component').then((m) => m.ShellComponent),
         ╵                                              ^


X [ERROR] TS2711: A dynamic import call returns a 'Promise'. Make sure you have a declaration for 'Promise' or include 'ES2015' in your '--lib' option. [plugin angular-compiler]

    src/app/app.routes.ts:24:29:
      24 │ ...nt: () => import('./features/dashboard/dashboard.component').th...
         ╵              ~~~~~~~~~~~~~~~~~~~~~~~~~~~~~~~~~~~~~~~~~~~~~~~~~~


X [ERROR] TS7006: Parameter 'm' implicitly has an 'any' type. [plugin angular-compiler]

    src/app/app.routes.ts:24:86:
      24 │ ...dashboard/dashboard.component').then((m) => m.DashboardComponent),
         ╵                                          ^


X [ERROR] TS2711: A dynamic import call returns a 'Promise'. Make sure you have a declaration for 'Promise' or include 'ES2015' in your '--lib' option. [plugin angular-compiler]

    src/app/app.routes.ts:28:29:
      28 │ ...nt: () => import('./features/centro-mando/centro-mando.componen...
         ╵              ~~~~~~~~~~~~~~~~~~~~~~~~~~~~~~~~~~~~~~~~~~~~~~~~~~~~~


X [ERROR] TS7006: Parameter 'm' implicitly has an 'any' type. [plugin angular-compiler]

    src/app/app.routes.ts:28:92:
      28 │ ...ando/centro-mando.component').then((m) => m.CentroMandoComponent),
         ╵                                        ^


X [ERROR] TS2711: A dynamic import call returns a 'Promise'. Make sure you have a declaration for 'Promise' or include 'ES2015' in your '--lib' option. [plugin angular-compiler]

    src/app/app.routes.ts:34:29:
      34 │ ...nt: () => import('./features/visits/visits.component').then((m)...
         ╵              ~~~~~~~~~~~~~~~~~~~~~~~~~~~~~~~~~~~~~~~~~~~~


X [ERROR] TS7006: Parameter 'm' implicitly has an 'any' type. [plugin angular-compiler]

    src/app/app.routes.ts:34:80:
      34 │ ...features/visits/visits.component').then((m) => m.VisitsComponent),
         ╵                                             ^


X [ERROR] TS2711: A dynamic import call returns a 'Promise'. Make sure you have a declaration for 'Promise' or include 'ES2015' in your '--lib' option. [plugin angular-compiler]

    src/app/app.routes.ts:38:29:
      38 │ ...nt: () => import('./features/routes/routes.component').then((m)...
         ╵              ~~~~~~~~~~~~~~~~~~~~~~~~~~~~~~~~~~~~~~~~~~~~


X [ERROR] TS7006: Parameter 'm' implicitly has an 'any' type. [plugin angular-compiler]

    src/app/app.routes.ts:38:80:
      38 │ ...features/routes/routes.component').then((m) => m.RoutesComponent),
         ╵                                             ^


X [ERROR] TS2711: A dynamic import call returns a 'Promise'. Make sure you have a declaration for 'Promise' or include 'ES2015' in your '--lib' option. [plugin angular-compiler]

    src/app/app.routes.ts:44:29:
      44 │ ...nt: () => import('./features/visits/points/points.component').t...
         ╵              ~~~~~~~~~~~~~~~~~~~~~~~~~~~~~~~~~~~~~~~~~~~~~~~~~~~


X [ERROR] TS7006: Parameter 'm' implicitly has an 'any' type. [plugin angular-compiler]

    src/app/app.routes.ts:44:87:
      44 │ ...s/visits/points/points.component').then((m) => m.PointsComponent),
         ╵                                             ^


X [ERROR] TS2711: A dynamic import call returns a 'Promise'. Make sure you have a declaration for 'Promise' or include 'ES2015' in your '--lib' option. [plugin angular-compiler]

    src/app/app.routes.ts:48:29:
      48 │ ...nt: () => import('./features/photos/photos.component').then((m)...
         ╵              ~~~~~~~~~~~~~~~~~~~~~~~~~~~~~~~~~~~~~~~~~~~~


X [ERROR] TS7006: Parameter 'm' implicitly has an 'any' type. [plugin angular-compiler]

    src/app/app.routes.ts:48:80:
      48 │ ...features/photos/photos.component').then((m) => m.PhotosComponent),
         ╵                                             ^


X [ERROR] TS2711: A dynamic import call returns a 'Promise'. Make sure you have a declaration for 'Promise' or include 'ES2015' in your '--lib' option. [plugin angular-compiler]

    src/app/app.routes.ts:52:29:
      52 │ ...nt: () => import('./features/reports/reports.component').then((...
         ╵              ~~~~~~~~~~~~~~~~~~~~~~~~~~~~~~~~~~~~~~~~~~~~~~


X [ERROR] TS7006: Parameter 'm' implicitly has an 'any' type. [plugin angular-compiler]

    src/app/app.routes.ts:52:82:
      52 │ ...tures/reports/reports.component').then((m) => m.ReportsComponent),
         ╵                                            ^


X [ERROR] TS2711: A dynamic import call returns a 'Promise'. Make sure you have a declaration for 'Promise' or include 'ES2015' in your '--lib' option. [plugin angular-compiler]

    src/app/app.routes.ts:58:29:
      58 │ ...ent: () => import('./features/users/users.component').then((m) ...
         ╵               ~~~~~~~~~~~~~~~~~~~~~~~~~~~~~~~~~~~~~~~~~~


X [ERROR] TS7006: Parameter 'm' implicitly has an 'any' type. [plugin angular-compiler]

    src/app/app.routes.ts:58:78:
      58 │ ...'./features/users/users.component').then((m) => m.UsersComponent),
         ╵                                              ^


X [ERROR] TS2711: A dynamic import call returns a 'Promise'. Make sure you have a declaration for 'Promise' or include 'ES2015' in your '--lib' option. [plugin angular-compiler]

    src/app/app.routes.ts:64:29:
      64 │ ...nt: () => import('./features/admin/permissions.component').then...
         ╵              ~~~~~~~~~~~~~~~~~~~~~~~~~~~~~~~~~~~~~~~~~~~~~~~~


X [ERROR] TS7006: Parameter 'm' implicitly has an 'any' type. [plugin angular-compiler]

    src/app/app.routes.ts:64:84:
      64 │ ...admin/permissions.component').then((m) => m.PermissionsComponent),
         ╵                                        ^


X [ERROR] TS2711: A dynamic import call returns a 'Promise'. Make sure you have a declaration for 'Promise' or include 'ES2015' in your '--lib' option. [plugin angular-compiler]

    src/app/app.routes.ts:70:29:
      70 │ ...nt: () => import('./features/admin/sessions/sessions.component'...
         ╵              ~~~~~~~~~~~~~~~~~~~~~~~~~~~~~~~~~~~~~~~~~~~~~~~~~~~~~


X [ERROR] TS7006: Parameter 'm' implicitly has an 'any' type. [plugin angular-compiler]

    src/app/app.routes.ts:70:90:
      70 │ ...in/sessions/sessions.component').then((m) => m.SessionsComponent),
         ╵                                           ^


X [ERROR] TS2711: A dynamic import call returns a 'Promise'. Make sure you have a declaration for 'Promise' or include 'ES2015' in your '--lib' option. [plugin angular-compiler]

    src/app/app.routes.ts:76:29:
      76 │ ...nt: () => import('./features/admin/audit-log/audit-log.componen...
         ╵              ~~~~~~~~~~~~~~~~~~~~~~~~~~~~~~~~~~~~~~~~~~~~~~~~~~~~~


X [ERROR] TS7006: Parameter 'm' implicitly has an 'any' type. [plugin angular-compiler]

    src/app/app.routes.ts:76:92:
      76 │ .../audit-log/audit-log.component').then((m) => m.AuditLogComponent),
         ╵                                           ^


X [ERROR] TS2711: A dynamic import call returns a 'Promise'. Make sure you have a declaration for 'Promise' or include 'ES2015' in your '--lib' option. [plugin angular-compiler]

    src/app/app.routes.ts:82:29:
      82 │ ...nent: () => import('./features/chat/chat.component').then((m) =...
         ╵                ~~~~~~~~~~~~~~~~~~~~~~~~~~~~~~~~~~~~~~~~


X [ERROR] TS7006: Parameter 'm' implicitly has an 'any' type. [plugin angular-compiler]

    src/app/app.routes.ts:82:76:
      82 │ ...rt('./features/chat/chat.component').then((m) => m.ChatComponent),
         ╵                                               ^


X [ERROR] TS2711: A dynamic import call returns a 'Promise'. Make sure you have a declaration for 'Promise' or include 'ES2015' in your '--lib' option. [plugin angular-compiler]

    src/app/app.routes.ts:86:29:
      86 │ ...nt: () => import('./features/supervisor/supervisor.component')....
         ╵              ~~~~~~~~~~~~~~~~~~~~~~~~~~~~~~~~~~~~~~~~~~~~~~~~~~~~


X [ERROR] TS7006: Parameter 'm' implicitly has an 'any' type. [plugin angular-compiler]

    src/app/app.routes.ts:86:88:
      86 │ ...ervisor/supervisor.component').then((m) => m.SupervisorComponent),
         ╵                                         ^


X [ERROR] TS2711: A dynamic import call returns a 'Promise'. Make sure you have a declaration for 'Promise' or include 'ES2015' in your '--lib' option. [plugin angular-compiler]

    src/app/app.routes.ts:92:29:
      92 │ ...nt: () => import('./features/auditor/auditor.component').then((...
         ╵              ~~~~~~~~~~~~~~~~~~~~~~~~~~~~~~~~~~~~~~~~~~~~~~


X [ERROR] TS7006: Parameter 'm' implicitly has an 'any' type. [plugin angular-compiler]

    src/app/app.routes.ts:92:82:
      92 │ ...tures/auditor/auditor.component').then((m) => m.AuditorComponent),
         ╵                                            ^


X [ERROR] TS2711: A dynamic import call returns a 'Promise'. Make sure you have a declaration for 'Promise' or include 'ES2015' in your '--lib' option. [plugin angular-compiler]

    src/app/app.routes.ts:96:29:
      96 │ ...nt: () => import('./features/atencion-cliente/atencion-cliente....
         ╵              ~~~~~~~~~~~~~~~~~~~~~~~~~~~~~~~~~~~~~~~~~~~~~~~~~~~~~


X [ERROR] TS7006: Parameter 'm' implicitly has an 'any' type. [plugin angular-compiler]

    src/app/app.routes.ts:96:100:
      96 │ ...ncion-cliente.component').then((m) => m.AtencionClienteComponent),
         ╵                                    ^


X [ERROR] TS2711: A dynamic import call returns a 'Promise'. Make sure you have a declaration for 'Promise' or include 'ES2015' in your '--lib' option. [plugin angular-compiler]

    src/app/app.routes.ts:104:29:
      104 │ ...nt: () => import('./features/client-photos/client-photos.compo...
          ╵              ~~~~~~~~~~~~~~~~~~~~~~~~~~~~~~~~~~~~~~~~~~~~~~~~~~~~


X [ERROR] TS7006: Parameter 'm' implicitly has an 'any' type. [plugin angular-compiler]

    src/app/app.routes.ts:104:93:
      104 │ ...otos/client-photos.component').then(m => m.ClientPhotosComponent)
          ╵                                        ^


X [ERROR] TS2711: A dynamic import call returns a 'Promise'. Make sure you have a declaration for 'Promise' or include 'ES2015' in your '--lib' option. [plugin angular-compiler]

    src/app/app.routes.ts:110:29:
      110 │ ...nt: () => import('./features/client-data/client-data.component...
          ╵              ~~~~~~~~~~~~~~~~~~~~~~~~~~~~~~~~~~~~~~~~~~~~~~~~~~~~


X [ERROR] TS7006: Parameter 'm' implicitly has an 'any' type. [plugin angular-compiler]

    src/app/app.routes.ts:110:89:
      110 │ ...ent-data/client-data.component').then(m => m.ClientDataComponent)
          ╵                                          ^


X [ERROR] TS2711: A dynamic import call returns a 'Promise'. Make sure you have a declaration for 'Promise' or include 'ES2015' in your '--lib' option. [plugin angular-compiler]

    src/app/app.routes.ts:116:29:
      116 │ ...nt: () => import('./features/revision-visitas/revision-visitas...
          ╵              ~~~~~~~~~~~~~~~~~~~~~~~~~~~~~~~~~~~~~~~~~~~~~~~~~~~~


X [ERROR] TS7006: Parameter 'm' implicitly has an 'any' type. [plugin angular-compiler]

    src/app/app.routes.ts:116:99:
      116 │ ...evision-visitas.component').then(m => m.RevisionVisitasComponent)
          ╵                                     ^


X [ERROR] TS2711: A dynamic import call returns a 'Promise'. Make sure you have a declaration for 'Promise' or include 'ES2015' in your '--lib' option. [plugin angular-compiler]

    src/app/app.routes.ts:120:29:
      120 │ ...nt: () => import('./features/client-photos/client-photos.compo...
          ╵              ~~~~~~~~~~~~~~~~~~~~~~~~~~~~~~~~~~~~~~~~~~~~~~~~~~~~


X [ERROR] TS7006: Parameter 'm' implicitly has an 'any' type. [plugin angular-compiler]

    src/app/app.routes.ts:120:93:
      120 │ ...tos/client-photos.component').then(m => m.ClientPhotosComponent),
          ╵                                       ^


X [ERROR] TS2711: A dynamic import call returns a 'Promise'. Make sure you have a declaration for 'Promise' or include 'ES2015' in your '--lib' option. [plugin angular-compiler]

    src/app/app.routes.ts:126:29:
      126 │ ...nt: () => import('./features/client-visits/client-visits.compo...
          ╵              ~~~~~~~~~~~~~~~~~~~~~~~~~~~~~~~~~~~~~~~~~~~~~~~~~~~~


X [ERROR] TS7006: Parameter 'm' implicitly has an 'any' type. [plugin angular-compiler]

    src/app/app.routes.ts:126:93:
      126 │ ...its/client-visits.component').then(m => m.ClientVisitsComponent),
          ╵                                       ^


X [ERROR] TS2711: A dynamic import call returns a 'Promise'. Make sure you have a declaration for 'Promise' or include 'ES2015' in your '--lib' option. [plugin angular-compiler]

    src/app/app.routes.ts:134:29:
      134 │ ...nt: () => import('./features/mercaderista/mercaderista.compone...
          ╵              ~~~~~~~~~~~~~~~~~~~~~~~~~~~~~~~~~~~~~~~~~~~~~~~~~~~~


X [ERROR] TS7006: Parameter 'm' implicitly has an 'any' type. [plugin angular-compiler]

    src/app/app.routes.ts:134:92:
      134 │ ...ta/mercaderista.component').then((m) => m.MercaderistaComponent),
          ╵                                      ^


X [ERROR] TS2711: A dynamic import call returns a 'Promise'. Make sure you have a declaration for 'Promise' or include 'ES2015' in your '--lib' option. [plugin angular-compiler]

    src/app/app.routes.ts:138:29:
      138 │ ...nt: () => import('./features/atencion-cliente/productos/produc...
          ╵              ~~~~~~~~~~~~~~~~~~~~~~~~~~~~~~~~~~~~~~~~~~~~~~~~~~~~


X [ERROR] TS7006: Parameter 'm' implicitly has an 'any' type. [plugin angular-compiler]

    src/app/app.routes.ts:138:102:
      138 │ .../productos/productos.component').then(m => m.ProductosComponent),
          ╵                                          ^


X [ERROR] TS2711: A dynamic import call returns a 'Promise'. Make sure you have a declaration for 'Promise' or include 'ES2015' in your '--lib' option. [plugin angular-compiler]

    src/app/app.routes.ts:144:29:
      144 │ ...ent: () => import('./features/data/data.component').then((m) =...
          ╵               ~~~~~~~~~~~~~~~~~~~~~~~~~~~~~~~~~~~~~~~~


X [ERROR] TS7006: Parameter 'm' implicitly has an 'any' type. [plugin angular-compiler]

    src/app/app.routes.ts:144:76:
      144 │ ...t('./features/data/data.component').then((m) => m.DataComponent),
          ╵                                              ^


X [ERROR] TS2711: A dynamic import call returns a 'Promise'. Make sure you have a declaration for 'Promise' or include 'ES2015' in your '--lib' option. [plugin angular-compiler]

    src/app/app.routes.ts:153:25:
      153 │ ...nt: () => import('./features/auth/unauthorized/unauthorized.co...
          ╵              ~~~~~~~~~~~~~~~~~~~~~~~~~~~~~~~~~~~~~~~~~~~~~~~~~~~~


X [ERROR] TS7006: Parameter 'm' implicitly has an 'any' type. [plugin angular-compiler]

    src/app/app.routes.ts:153:93:
      153 │ ...ed/unauthorized.component').then((m) => m.UnauthorizedComponent),
          ╵                                      ^


X [ERROR] TS2307: Cannot find module '@angular/core' or its corresponding type declarations. [plugin angular-compiler]

    src/app/core/guards/auth.guard.ts:1:23:
      1 │ import { inject } from '@angular/core';
        ╵                        ~~~~~~~~~~~~~~~


X [ERROR] TS2307: Cannot find module '@angular/router' or its corresponding type declarations. [plugin angular-compiler]

    src/app/core/guards/auth.guard.ts:2:38:
      2 │ import { CanActivateFn, Router } from '@angular/router';
        ╵                                       ~~~~~~~~~~~~~~~~~


X [ERROR] TS2307: Cannot find module '@angular/core' or its corresponding type declarations. [plugin angular-compiler]

    src/app/core/guards/role.guard.ts:1:23:
      1 │ import { inject } from '@angular/core';
        ╵                        ~~~~~~~~~~~~~~~


X [ERROR] TS2307: Cannot find module '@angular/router' or its corresponding type declarations. [plugin angular-compiler]

    src/app/core/guards/role.guard.ts:2:62:
      2 │ ...ctivateFn, Router, ActivatedRouteSnapshot } from '@angular/router';
        ╵                                                     ~~~~~~~~~~~~~~~~~


X [ERROR] TS2339: Property 'length' does not exist on type '{}'. [plugin angular-compiler]

    src/app/core/guards/role.guard.ts:15:20:
      15 │   if (requiredRoles.length === 0 || auth.hasRole(...requiredRoles)...
         ╵                     ~~~~~~


X [ERROR] TS2488: Type '{}' must have a '[Symbol.iterator]()' method that returns an iterator. [plugin angular-compiler]

    src/app/core/guards/role.guard.ts:15:52:
      15 │ ...Roles.length === 0 || auth.hasRole(...requiredRoles)) return true;
         ╵                                          ~~~~~~~~~~~~~


X [ERROR] TS2307: Cannot find module '@angular/common/http' or its corresponding type declarations. [plugin angular-compiler]

    src/app/core/interceptors/auth.interceptor.ts:1:53:
      1 │ ...HttpInterceptorFn, HttpErrorResponse } from '@angular/common/http';
        ╵                                                ~~~~~~~~~~~~~~~~~~~~~~


X [ERROR] TS2307: Cannot find module '@angular/core' or its corresponding type declarations. [plugin angular-compiler]

    src/app/core/interceptors/auth.interceptor.ts:2:23:
      2 │ import { inject } from '@angular/core';
        ╵                        ~~~~~~~~~~~~~~~


X [ERROR] TS2307: Cannot find module 'rxjs' or its corresponding type declarations. [plugin angular-compiler]

    src/app/core/interceptors/auth.interceptor.ts:3:39:
      3 │ import { catchError, throwError } from 'rxjs';
        ╵                                        ~~~~~~


X [ERROR] TS2307: Cannot find module '@angular/router' or its corresponding type declarations. [plugin angular-compiler]

    src/app/core/interceptors/auth.interceptor.ts:5:23:
      5 │ import { Router } from '@angular/router';
        ╵                        ~~~~~~~~~~~~~~~~~


X [ERROR] TS7006: Parameter 'req' implicitly has an 'any' type. [plugin angular-compiler]

    src/app/core/interceptors/auth.interceptor.ts:7:51:
      7 │ export const authInterceptor: HttpInterceptorFn = (req, next) => {
        ╵                                                    ~~~


X [ERROR] TS7006: Parameter 'next' implicitly has an 'any' type. [plugin angular-compiler]

    src/app/core/interceptors/auth.interceptor.ts:7:56:
      7 │ export const authInterceptor: HttpInterceptorFn = (req, next) => {
        ╵                                                         ~~~~


X [ERROR] TS2304: Cannot find name 'localStorage'. [plugin angular-compiler]

    src/app/core/interceptors/auth.interceptor.ts:19:8:
      19 │         localStorage.removeItem('epran_token');
         ╵         ~~~~~~~~~~~~


X [ERROR] TS2307: Cannot find module '@angular/core' or its corresponding type declarations. [plugin angular-compiler]

    src/app/core/services/api.service.ts:1:27:
      1 │ import { Injectable } from '@angular/core';
        ╵                            ~~~~~~~~~~~~~~~


X [ERROR] TS2307: Cannot find module '@angular/common/http' or its corresponding type declarations. [plugin angular-compiler]

    src/app/core/services/api.service.ts:2:39:
      2 │ import { HttpClient, HttpParams } from '@angular/common/http';
        ╵                                        ~~~~~~~~~~~~~~~~~~~~~~


X [ERROR] TS2307: Cannot find module 'rxjs' or its corresponding type declarations. [plugin angular-compiler]

    src/app/core/services/api.service.ts:3:27:
      3 │ import { Observable } from 'rxjs';
        ╵                            ~~~~~~


X [ERROR] TS-992003: No suitable injection token for parameter 'http' of class 'ApiService'.
  Consider using the @Inject decorator to specify an injection token. [plugin angular-compiler]

    src/app/core/services/api.service.ts:13:22:
      13 │   constructor(private http: HttpClient) {}
         ╵                       ~~~~

  This type does not have a value, so it cannot be used as injection token.

    src/app/core/services/api.service.ts:13:28:
      13 │   constructor(private http: HttpClient) {}
         ╵                             ~~~~~~~~~~


X [ERROR] TS2304: Cannot find name 'Record'. [plugin angular-compiler]

    src/app/core/services/api.service.ts:15:22:
      15 │   private params(obj: Record<string, string | number | boolean | u...
         ╵                       ~~~~~~


X [ERROR] TS2304: Cannot find name 'Object'. [plugin angular-compiler]

    src/app/core/services/api.service.ts:17:25:
      17 │     for (const [k, v] of Object.entries(obj)) {
         ╵                          ~~~~~~


X [ERROR] TS2304: Cannot find name 'String'. [plugin angular-compiler]

    src/app/core/services/api.service.ts:18:54:
      18 │       if (v !== undefined && v !== null) p = p.set(k, String(v));
         ╵                                                       ~~~~~~


X [ERROR] TS2304: Cannot find name 'FormData'. [plugin angular-compiler]

    src/app/core/services/api.service.ts:39:24:
      39 │   uploadPhoto(formData: FormData): Observable<object> { return thi...
         ╵                         ~~~~~~~~


X [ERROR] TS2304: Cannot find name 'Blob'. [plugin angular-compiler]

    src/app/core/services/api.service.ts:195:70:
      195 │ ...celReport(startDate: string, endDate: string): Observable<Blob> {
          ╵                                                              ~~~~


X [ERROR] TS2304: Cannot find name 'Record'. [plugin angular-compiler]

    src/app/core/services/api.service.ts:204:35:
      204 │ ...artData(tipo: string, opts: Record<string, string> = {}): Obse...
          ╵                                ~~~~~~


X [ERROR] TS2304: Cannot find name 'FormData'. [plugin angular-compiler]

    src/app/core/services/api.service.ts:257:25:
      257 │   replacePhoto(formData: FormData): Observable<object> { return t...
          ╵                          ~~~~~~~~


X [ERROR] TS2304: Cannot find name 'encodeURIComponent'. [plugin angular-compiler]

    src/app/core/services/api.service.ts:344:66:
      344 │ ...}/api/client/chains/${encodeURIComponent(region)}`, { params: ...
          ╵                          ~~~~~~~~~~~~~~~~~~


X [ERROR] TS2304: Cannot find name 'encodeURIComponent'. [plugin angular-compiler]

    src/app/core/services/api.service.ts:347:66:
      347 │ ...}/api/client/points/${encodeURIComponent(region)}`, { params: ...
          ╵                          ~~~~~~~~~~~~~~~~~~


X [ERROR] TS2304: Cannot find name 'encodeURIComponent'. [plugin angular-compiler]

    src/app/core/services/api.service.ts:350:65:
      350 │ ...e}/api/client/point/${encodeURIComponent(pointId)}/visits`, { ...
          ╵                          ~~~~~~~~~~~~~~~~~~


X [ERROR] TS2307: Cannot find module '@angular/core' or its corresponding type declarations. [plugin angular-compiler]

    src/app/core/services/auth.service.ts:1:35:
      1 │ import { Injectable, signal } from '@angular/core';
        ╵                                    ~~~~~~~~~~~~~~~


X [ERROR] TS2307: Cannot find module '@angular/common/http' or its corresponding type declarations. [plugin angular-compiler]

    src/app/core/services/auth.service.ts:2:27:
      2 │ import { HttpClient } from '@angular/common/http';
        ╵                            ~~~~~~~~~~~~~~~~~~~~~~


X [ERROR] TS2307: Cannot find module '@angular/router' or its corresponding type declarations. [plugin angular-compiler]

    src/app/core/services/auth.service.ts:3:23:
      3 │ import { Router } from '@angular/router';
        ╵                        ~~~~~~~~~~~~~~~~~


X [ERROR] TS2307: Cannot find module 'rxjs' or its corresponding type declarations. [plugin angular-compiler]

    src/app/core/services/auth.service.ts:4:32:
      4 │ import { Observable, tap } from 'rxjs';
        ╵                                 ~~~~~~


X [ERROR] TS-992003: No suitable injection token for parameter 'http' of class 'AuthService'.
  Consider using the @Inject decorator to specify an injection token. [plugin angular-compiler]

    src/app/core/services/auth.service.ts:15:22:
      15 │   constructor(private http: HttpClient, private router: Router) {}
         ╵                       ~~~~

  This type does not have a value, so it cannot be used as injection token.

    src/app/core/services/auth.service.ts:15:28:
      15 │   constructor(private http: HttpClient, private router: Router) {}
         ╵                             ~~~~~~~~~~


X [ERROR] TS7006: Parameter 'res' implicitly has an 'any' type. [plugin angular-compiler]

    src/app/core/services/auth.service.ts:19:11:
      19 │       tap((res) => this.handleAuthSuccess(res))
         ╵            ~~~


X [ERROR] TS7006: Parameter 'res' implicitly has an 'any' type. [plugin angular-compiler]

    src/app/core/services/auth.service.ts:25:11:
      25 │       tap((res) => this.handleAuthSuccess(res))
         ╵            ~~~


X [ERROR] TS7006: Parameter 'user' implicitly has an 'any' type. [plugin angular-compiler]

    src/app/core/services/auth.service.ts:38:11:
      38 │       tap((user) => {
         ╵            ~~~~


X [ERROR] TS2304: Cannot find name 'sessionStorage'. [plugin angular-compiler]

    src/app/core/services/auth.service.ts:40:8:
      40 │         sessionStorage.setItem(this.USER_KEY, JSON.stringify(user));
         ╵         ~~~~~~~~~~~~~~


X [ERROR] TS2304: Cannot find name 'JSON'. [plugin angular-compiler]

    src/app/core/services/auth.service.ts:40:46:
      40 │         sessionStorage.setItem(this.USER_KEY, JSON.stringify(user));
         ╵                                               ~~~~


X [ERROR] TS2304: Cannot find name 'localStorage'. [plugin angular-compiler]

    src/app/core/services/auth.service.ts:46:11:
      46 │     return localStorage.getItem(this.TOKEN_KEY);
         ╵            ~~~~~~~~~~~~


X [ERROR] TS2339: Property 'includes' does not exist on type '{}'. [plugin angular-compiler]

    src/app/core/services/auth.service.ts:55:24:
      55 │     return user ? roles.includes(user.rol) : false;
         ╵                         ~~~~~~~~


X [ERROR] TS2304: Cannot find name 'Record'. [plugin angular-compiler]

    src/app/core/services/auth.service.ts:59:18:
      59 │     const routes: Record<string, string> = {
         ╵                   ~~~~~~


X [ERROR] TS2304: Cannot find name 'localStorage'. [plugin angular-compiler]

    src/app/core/services/auth.service.ts:70:4:
      70 │     localStorage.setItem(this.TOKEN_KEY, res.access_token);
         ╵     ~~~~~~~~~~~~


X [ERROR] TS7006: Parameter 'user' implicitly has an 'any' type. [plugin angular-compiler]

    src/app/core/services/auth.service.ts:71:28:
      71 │     this.getMe().subscribe((user) => {
         ╵                             ~~~~


X [ERROR] TS2304: Cannot find name 'localStorage'. [plugin angular-compiler]

    src/app/core/services/auth.service.ts:77:4:
      77 │     localStorage.removeItem(this.TOKEN_KEY);
         ╵     ~~~~~~~~~~~~


X [ERROR] TS2304: Cannot find name 'sessionStorage'. [plugin angular-compiler]

    src/app/core/services/auth.service.ts:78:4:
      78 │     sessionStorage.removeItem(this.USER_KEY);
         ╵     ~~~~~~~~~~~~~~


X [ERROR] TS2304: Cannot find name 'sessionStorage'. [plugin angular-compiler]

    src/app/core/services/auth.service.ts:85:18:
      85 │       const raw = sessionStorage.getItem(this.USER_KEY);
         ╵                   ~~~~~~~~~~~~~~


X [ERROR] TS2304: Cannot find name 'JSON'. [plugin angular-compiler]

    src/app/core/services/auth.service.ts:86:19:
      86 │       return raw ? JSON.parse(raw) : null;
         ╵                    ~~~~


X [ERROR] TS2307: Cannot find module '@angular/core' or its corresponding type declarations. [plugin angular-compiler]

    src/app/core/services/realtime.service.ts:1:43:
      1 │ import { Injectable, NgZone, signal } from '@angular/core';
        ╵                                            ~~~~~~~~~~~~~~~


X [ERROR] TS2307: Cannot find module 'rxjs' or its corresponding type declarations. [plugin angular-compiler]

    src/app/core/services/realtime.service.ts:2:24:
      2 │ import { Subject } from 'rxjs';
        ╵                         ~~~~~~


X [ERROR] TS2304: Cannot find name 'WebSocket'. [plugin angular-compiler]

    src/app/core/services/realtime.service.ts:13:15:
      13 │   private ws?: WebSocket;
         ╵                ~~~~~~~~~


X [ERROR] TS-992003: No suitable injection token for parameter 'zone' of class 'RealtimeService'.
  Consider using the @Inject decorator to specify an injection token. [plugin angular-compiler]

    src/app/core/services/realtime.service.ts:20:22:
      20 │   constructor(private zone: NgZone) {}
         ╵                       ~~~~

  This type does not have a value, so it cannot be used as injection token.

    src/app/core/services/realtime.service.ts:20:28:
      20 │   constructor(private zone: NgZone) {}
         ╵                             ~~~~~~


X [ERROR] TS2304: Cannot find name 'WebSocket'. [plugin angular-compiler]

    src/app/core/services/realtime.service.ts:23:43:
      23 │ ...&& (this.ws.readyState === WebSocket.OPEN || this.ws.readyState...
         ╵                               ~~~~~~~~~


X [ERROR] TS2304: Cannot find name 'WebSocket'. [plugin angular-compiler]

    src/app/core/services/realtime.service.ts:23:84:
      23 │ ...cket.OPEN || this.ws.readyState === WebSocket.CONNECTING)) return;
         ╵                                        ~~~~~~~~~


X [ERROR] TS2304: Cannot find name 'location'. [plugin angular-compiler]

    src/app/core/services/realtime.service.ts:25:41:
      25 │ ...e = environment.wsUrl || `${location.protocol === 'https:' ? 'w...
         ╵                                ~~~~~~~~


X [ERROR] TS2304: Cannot find name 'location'. [plugin angular-compiler]

    src/app/core/services/realtime.service.ts:25:92:
      25 │ ...ocation.protocol === 'https:' ? 'wss' : 'ws'}://${location.host}`;
         ╵                                                      ~~~~~~~~


X [ERROR] TS2304: Cannot find name 'WebSocket'. [plugin angular-compiler]

    src/app/core/services/realtime.service.ts:28:20:
      28 │       this.ws = new WebSocket(url);
         ╵                     ~~~~~~~~~


X [ERROR] TS7006: Parameter 'ev' implicitly has an 'any' type. [plugin angular-compiler]

    src/app/core/services/realtime.service.ts:30:27:
      30 │       this.ws.onmessage = (ev) => {
         ╵                            ~~


X [ERROR] TS2304: Cannot find name 'JSON'. [plugin angular-compiler]

    src/app/core/services/realtime.service.ts:32:22:
      32 │           const msg = JSON.parse(ev.data);
         ╵                       ~~~~


X [ERROR] TS2304: Cannot find name 'clearTimeout'. [plugin angular-compiler]

    src/app/core/services/realtime.service.ts:47:4:
      47 │     clearTimeout(this.reconnectTimer);
         ╵     ~~~~~~~~~~~~


X [ERROR] TS2304: Cannot find name 'setTimeout'. [plugin angular-compiler]

    src/app/core/services/realtime.service.ts:48:26:
      48 │     this.reconnectTimer = setTimeout(() => this.connect(), 4000);
         ╵                           ~~~~~~~~~~


X [ERROR] TS2304: Cannot find name 'clearTimeout'. [plugin angular-compiler]

    src/app/core/services/realtime.service.ts:53:4:
      53 │     clearTimeout(this.reconnectTimer);
         ╵     ~~~~~~~~~~~~


X [ERROR] TS2307: Cannot find module '@angular/core' or its corresponding type declarations. [plugin angular-compiler]

    src/app/core/services/websocket.service.ts:1:27:
      1 │ import { Injectable } from '@angular/core';
        ╵                            ~~~~~~~~~~~~~~~


X [ERROR] TS2307: Cannot find module 'rxjs' or its corresponding type declarations. [plugin angular-compiler]

    src/app/core/services/websocket.service.ts:2:43:
      2 │ import { Observable, Subject, timer } from 'rxjs';
        ╵                                            ~~~~~~


X [ERROR] TS2307: Cannot find module 'rxjs/webSocket' or its corresponding type declarations. [plugin angular-compiler]

    src/app/core/services/websocket.service.ts:3:44:
      3 │ import { webSocket, WebSocketSubject } from 'rxjs/webSocket';
        ╵                                             ~~~~~~~~~~~~~~~~


X [ERROR] TS2307: Cannot find module 'rxjs/operators' or its corresponding type declarations. [plugin angular-compiler]

    src/app/core/services/websocket.service.ts:4:37:
      4 │ import { retryWhen, delayWhen } from 'rxjs/operators';
        ╵                                      ~~~~~~~~~~~~~~~~


X [ERROR] TS2583: Cannot find name 'Map'. Do you need to change your target library? Try changing the 'lib' compiler option to 'es2015' or later. [plugin angular-compiler]

    src/app/core/services/websocket.service.ts:9:19:
      9 │   private sockets: Map<string, WebSocketSubject<any>> = new Map();
        ╵                    ~~~


X [ERROR] TS2583: Cannot find name 'Map'. Do you need to change your target library? Try changing the 'lib' compiler option to 'es2015' or later. [plugin angular-compiler]

    src/app/core/services/websocket.service.ts:9:60:
      9 │   private sockets: Map<string, WebSocketSubject<any>> = new Map();
        ╵                                                             ~~~


X [ERROR] TS7006: Parameter 's' implicitly has an 'any' type. [plugin angular-compiler]

    src/app/core/services/websocket.service.ts:33:26:
      33 │     this.sockets.forEach((s) => s.complete());
         ╵                           ^


X [ERROR] TS7006: Parameter 'errors' implicitly has an 'any' type. [plugin angular-compiler]

    src/app/core/services/websocket.service.ts:43:17:
      43 │       retryWhen((errors) => errors.pipe(delayWhen(() => timer(3000...
         ╵                  ~~~~~~


X [ERROR] TS2307: Cannot find module '@angular/core' or its corresponding type declarations. [plugin angular-compiler]

    src/app/features/admin/audit-log/audit-log.component.ts:1:42:
      1 │ import { Component, OnInit, signal } from '@angular/core';
        ╵                                           ~~~~~~~~~~~~~~~


X [ERROR] TS2307: Cannot find module '@angular/common' or its corresponding type declarations. [plugin angular-compiler]

    src/app/features/admin/audit-log/audit-log.component.ts:2:39:
      2 │ import { CommonModule, DatePipe } from '@angular/common';
        ╵                                        ~~~~~~~~~~~~~~~~~


X [ERROR] TS2307: Cannot find module '@angular/forms' or its corresponding type declarations. [plugin angular-compiler]

    src/app/features/admin/audit-log/audit-log.component.ts:3:28:
      3 │ import { FormsModule } from '@angular/forms';
        ╵                             ~~~~~~~~~~~~~~~~


X [ERROR] TS2307: Cannot find module '@angular/material/table' or its corresponding type declarations. [plugin angular-compiler]

    src/app/features/admin/audit-log/audit-log.component.ts:4:31:
      4 │ import { MatTableModule } from '@angular/material/table';
        ╵                                ~~~~~~~~~~~~~~~~~~~~~~~~~


X [ERROR] TS2307: Cannot find module '@angular/material/button' or its corresponding type declarations. [plugin angular-compiler]

    src/app/features/admin/audit-log/audit-log.component.ts:5:32:
      5 │ import { MatButtonModule } from '@angular/material/button';
        ╵                                 ~~~~~~~~~~~~~~~~~~~~~~~~~~


X [ERROR] TS2307: Cannot find module '@angular/material/icon' or its corresponding type declarations. [plugin angular-compiler]

    src/app/features/admin/audit-log/audit-log.component.ts:6:30:
      6 │ import { MatIconModule } from '@angular/material/icon';
        ╵                               ~~~~~~~~~~~~~~~~~~~~~~~~


X [ERROR] TS2307: Cannot find module '@angular/material/form-field' or its corresponding type declarations. [plugin angular-compiler]

    src/app/features/admin/audit-log/audit-log.component.ts:7:35:
      7 │ import { MatFormFieldModule } from '@angular/material/form-field';
        ╵                                    ~~~~~~~~~~~~~~~~~~~~~~~~~~~~~~


X [ERROR] TS2307: Cannot find module '@angular/material/input' or its corresponding type declarations. [plugin angular-compiler]

    src/app/features/admin/audit-log/audit-log.component.ts:8:31:
      8 │ import { MatInputModule } from '@angular/material/input';
        ╵                                ~~~~~~~~~~~~~~~~~~~~~~~~~


X [ERROR] TS2307: Cannot find module '@angular/material/select' or its corresponding type declarations. [plugin angular-compiler]

    src/app/features/admin/audit-log/audit-log.component.ts:9:32:
      9 │ import { MatSelectModule } from '@angular/material/select';
        ╵                                 ~~~~~~~~~~~~~~~~~~~~~~~~~~


X [ERROR] TS2307: Cannot find module '@angular/material/progress-spinner' or its corresponding type declarations. [plugin angular-compiler]

    src/app/features/admin/audit-log/audit-log.component.ts:10:41:
      10 │ ...ProgressSpinnerModule } from '@angular/material/progress-spinner';
         ╵                                 ~~~~~~~~~~~~~~~~~~~~~~~~~~~~~~~~~~~~


X [ERROR] TS2307: Cannot find module '@angular/material/tooltip' or its corresponding type declarations. [plugin angular-compiler]

    src/app/features/admin/audit-log/audit-log.component.ts:11:33:
      11 │ import { MatTooltipModule } from '@angular/material/tooltip';
         ╵                                  ~~~~~~~~~~~~~~~~~~~~~~~~~~~


X [ERROR] TS-991010: 'imports' must be an array of components, directives, pipes, or NgModules.
  Value is of type '[(not statically analyzable), (not statically analyzable), (not statically analyzable), (not statically analyzable), (not statically analyzable), (not statically analyzable), (not statically analyzable), (not statically analyzable), (not statically analyzable), (not statically analyzable), (not statically analyzable)]'. [plugin angular-compiler]

    src/app/features/admin/audit-log/audit-log.component.ts:32:11:
      32 │   imports: [
         ╵            ^


X [ERROR] TS-991010: 'imports' must be an array of components, directives, pipes, or NgModules.
  Value is of type '[(not statically analyzable), (not statically analyzable), (not statically analyzable), (not statically analyzable), (not statically analyzable), (not statically analyzable), (not statically analyzable), (not statically analyzable), (not statically analyzable), (not statically analyzable), (not statically analyzable)]'. [plugin angular-compiler]

    src/app/features/admin/audit-log/audit-log.component.ts:32:11:
      32 │   imports: [
         ╵            ^


X [ERROR] TS-991010: 'imports' must be an array of components, directives, pipes, or NgModules.
  Value is of type '[(not statically analyzable), (not statically analyzable), (not statically analyzable), (not statically analyzable), (not statically analyzable), (not statically analyzable), (not statically analyzable), (not statically analyzable), (not statically analyzable), (not statically analyzable), (not statically analyzable)]'. [plugin angular-compiler]

    src/app/features/admin/audit-log/audit-log.component.ts:32:11:
      32 │   imports: [
         ╵            ^


X [ERROR] TS-991010: 'imports' must be an array of components, directives, pipes, or NgModules.
  Value is of type '[(not statically analyzable), (not statically analyzable), (not statically analyzable), (not statically analyzable), (not statically analyzable), (not statically analyzable), (not statically analyzable), (not statically analyzable), (not statically analyzable), (not statically analyzable), (not statically analyzable)]'. [plugin angular-compiler]

    src/app/features/admin/audit-log/audit-log.component.ts:32:11:
      32 │   imports: [
         ╵            ^


X [ERROR] TS-991010: 'imports' must be an array of components, directives, pipes, or NgModules.
  Value is of type '[(not statically analyzable), (not statically analyzable), (not statically analyzable), (not statically analyzable), (not statically analyzable), (not statically analyzable), (not statically analyzable), (not statically analyzable), (not statically analyzable), (not statically analyzable), (not statically analyzable)]'. [plugin angular-compiler]

    src/app/features/admin/audit-log/audit-log.component.ts:32:11:
      32 │   imports: [
         ╵            ^


X [ERROR] TS-991010: 'imports' must be an array of components, directives, pipes, or NgModules.
  Value is of type '[(not statically analyzable), (not statically analyzable), (not statically analyzable), (not statically analyzable), (not statically analyzable), (not statically analyzable), (not statically analyzable), (not statically analyzable), (not statically analyzable), (not statically analyzable), (not statically analyzable)]'. [plugin angular-compiler]

    src/app/features/admin/audit-log/audit-log.component.ts:32:11:
      32 │   imports: [
         ╵            ^


X [ERROR] TS-991010: 'imports' must be an array of components, directives, pipes, or NgModules.
  Value is of type '[(not statically analyzable), (not statically analyzable), (not statically analyzable), (not statically analyzable), (not statically analyzable), (not statically analyzable), (not statically analyzable), (not statically analyzable), (not statically analyzable), (not statically analyzable), (not statically analyzable)]'. [plugin angular-compiler]

    src/app/features/admin/audit-log/audit-log.component.ts:32:11:
      32 │   imports: [
         ╵            ^


X [ERROR] TS-991010: 'imports' must be an array of components, directives, pipes, or NgModules.
  Value is of type '[(not statically analyzable), (not statically analyzable), (not statically analyzable), (not statically analyzable), (not statically analyzable), (not statically analyzable), (not statically analyzable), (not statically analyzable), (not statically analyzable), (not statically analyzable), (not statically analyzable)]'. [plugin angular-compiler]

    src/app/features/admin/audit-log/audit-log.component.ts:32:11:
      32 │   imports: [
         ╵            ^


X [ERROR] TS-991010: 'imports' must be an array of components, directives, pipes, or NgModules.
  Value is of type '[(not statically analyzable), (not statically analyzable), (not statically analyzable), (not statically analyzable), (not statically analyzable), (not statically analyzable), (not statically analyzable), (not statically analyzable), (not statically analyzable), (not statically analyzable), (not statically analyzable)]'. [plugin angular-compiler]

    src/app/features/admin/audit-log/audit-log.component.ts:32:11:
      32 │   imports: [
         ╵            ^


X [ERROR] TS-991010: 'imports' must be an array of components, directives, pipes, or NgModules.
  Value is of type '[(not statically analyzable), (not statically analyzable), (not statically analyzable), (not statically analyzable), (not statically analyzable), (not statically analyzable), (not statically analyzable), (not statically analyzable), (not statically analyzable), (not statically analyzable), (not statically analyzable)]'. [plugin angular-compiler]

    src/app/features/admin/audit-log/audit-log.component.ts:32:11:
      32 │   imports: [
         ╵            ^


X [ERROR] TS-991010: 'imports' must be an array of components, directives, pipes, or NgModules.
  Value is of type '[(not statically analyzable), (not statically analyzable), (not statically analyzable), (not statically analyzable), (not statically analyzable), (not statically analyzable), (not statically analyzable), (not statically analyzable), (not statically analyzable), (not statically analyzable), (not statically analyzable)]'. [plugin angular-compiler]

    src/app/features/admin/audit-log/audit-log.component.ts:32:11:
      32 │   imports: [
         ╵            ^


X [ERROR] TS2304: Cannot find name 'Record'. [plugin angular-compiler]

    src/app/features/admin/audit-log/audit-log.component.ts:52:17:
      52 │   ACTION_COLORS: Record<string, string> = {
         ╵                  ~~~~~~


X [ERROR] TS7006: Parameter 't' implicitly has an 'any' type. [plugin angular-compiler]

    src/app/features/admin/audit-log/audit-log.component.ts:77:54:
      77 │ ...tityTypes().subscribe({ next: (t) => (this.entityTypes = t as s...
         ╵                                   ^


X [ERROR] TS2304: Cannot find name 'Record'. [plugin angular-compiler]

    src/app/features/admin/audit-log/audit-log.component.ts:85:24:
      85 │     const cleanFilters: Record<string, string> = {};
         ╵                         ~~~~~~


X [ERROR] TS2304: Cannot find name 'Object'. [plugin angular-compiler]

    src/app/features/admin/audit-log/audit-log.component.ts:86:25:
      86 │     for (const [k, v] of Object.entries(this.filters)) {
         ╵                          ~~~~~~


X [ERROR] TS2304: Cannot find name 'String'. [plugin angular-compiler]

    src/app/features/admin/audit-log/audit-log.component.ts:87:15:
      87 │       if (v && String(v).trim() !== '') cleanFilters[k] = v;
         ╵                ~~~~~~


X [ERROR] TS2304: Cannot find name 'Math'. [plugin angular-compiler]

    src/app/features/admin/audit-log/audit-log.component.ts:110:35:
      110 │ ...Page(): void { this.offset = Math.max(0, this.offset - this.li...
          ╵                                 ~~~~


X [ERROR] TS2304: Cannot find name 'Math'. [plugin angular-compiler]

    src/app/features/admin/audit-log/audit-log.component.ts:113:37:
      113 │ ...rrentPage(): number { return Math.floor(this.offset / this.lim...
          ╵                                 ~~~~


X [ERROR] TS2304: Cannot find name 'Math'. [plugin angular-compiler]

    src/app/features/admin/audit-log/audit-log.component.ts:114:36:
      114 │ ...otalPages(): number { return Math.ceil(this.total() / this.lim...
          ╵                                 ~~~~


X [ERROR] TS2304: Cannot find name 'Math'. [plugin angular-compiler]

    src/app/features/admin/audit-log/audit-log.component.ts:115:36:
      115 │ ...howingEnd(): number { return Math.min(this.offset + this.limit...
          ╵                                 ~~~~


X [ERROR] TS2304: Cannot find name 'JSON'. [plugin angular-compiler]

    src/app/features/admin/audit-log/audit-log.component.ts:127:17:
      127 │     try { return JSON.stringify(JSON.parse(raw), null, 2); }
          ╵                  ~~~~


X [ERROR] TS2304: Cannot find name 'JSON'. [plugin angular-compiler]

    src/app/features/admin/audit-log/audit-log.component.ts:127:32:
      127 │     try { return JSON.stringify(JSON.parse(raw), null, 2); }
          ╵                                 ~~~~


X [ERROR] TS2307: Cannot find module '@angular/core' or its corresponding type declarations. [plugin angular-compiler]

    src/app/features/admin/permissions.component.ts:1:42:
      1 │ import { Component, OnInit, signal } from '@angular/core';
        ╵                                           ~~~~~~~~~~~~~~~


X [ERROR] TS2307: Cannot find module '@angular/common' or its corresponding type declarations. [plugin angular-compiler]

    src/app/features/admin/permissions.component.ts:2:29:
      2 │ import { CommonModule } from '@angular/common';
        ╵                              ~~~~~~~~~~~~~~~~~


X [ERROR] TS2307: Cannot find module '@angular/forms' or its corresponding type declarations. [plugin angular-compiler]

    src/app/features/admin/permissions.component.ts:3:28:
      3 │ import { FormsModule } from '@angular/forms';
        ╵                             ~~~~~~~~~~~~~~~~


X [ERROR] TS2307: Cannot find module '@angular/material/card' or its corresponding type declarations. [plugin angular-compiler]

    src/app/features/admin/permissions.component.ts:4:30:
      4 │ import { MatCardModule } from '@angular/material/card';
        ╵                               ~~~~~~~~~~~~~~~~~~~~~~~~


X [ERROR] TS2307: Cannot find module '@angular/material/button' or its corresponding type declarations. [plugin angular-compiler]

    src/app/features/admin/permissions.component.ts:5:32:
      5 │ import { MatButtonModule } from '@angular/material/button';
        ╵                                 ~~~~~~~~~~~~~~~~~~~~~~~~~~


X [ERROR] TS2307: Cannot find module '@angular/material/icon' or its corresponding type declarations. [plugin angular-compiler]

    src/app/features/admin/permissions.component.ts:6:30:
      6 │ import { MatIconModule } from '@angular/material/icon';
        ╵                               ~~~~~~~~~~~~~~~~~~~~~~~~


X [ERROR] TS2307: Cannot find module '@angular/material/table' or its corresponding type declarations. [plugin angular-compiler]

    src/app/features/admin/permissions.component.ts:7:31:
      7 │ import { MatTableModule } from '@angular/material/table';
        ╵                                ~~~~~~~~~~~~~~~~~~~~~~~~~


X [ERROR] TS2307: Cannot find module '@angular/material/select' or its corresponding type declarations. [plugin angular-compiler]

    src/app/features/admin/permissions.component.ts:8:32:
      8 │ import { MatSelectModule } from '@angular/material/select';
        ╵                                 ~~~~~~~~~~~~~~~~~~~~~~~~~~


X [ERROR] TS2307: Cannot find module '@angular/material/checkbox' or its corresponding type declarations. [plugin angular-compiler]

    src/app/features/admin/permissions.component.ts:9:34:
      9 │ import { MatCheckboxModule } from '@angular/material/checkbox';
        ╵                                   ~~~~~~~~~~~~~~~~~~~~~~~~~~~~


X [ERROR] TS2307: Cannot find module '@angular/material/snack-bar' or its corresponding type declarations. [plugin angular-compiler]

    src/app/features/admin/permissions.component.ts:10:47:
      10 │ ...tSnackBar, MatSnackBarModule } from '@angular/material/snack-bar';
         ╵                                        ~~~~~~~~~~~~~~~~~~~~~~~~~~~~~


X [ERROR] TS-992003: No suitable injection token for parameter 'snack' of class 'PermissionsComponent'.
  Consider using the @Inject decorator to specify an injection token. [plugin angular-compiler]

    src/app/features/admin/permissions.component.ts:127:47:
      127 │ ...nstructor(private api: ApiService, private snack: MatSnackBar) {}
          ╵                                               ~~~~~

  This type does not have a value, so it cannot be used as injection token.

    src/app/features/admin/permissions.component.ts:127:54:
      127 │ ...nstructor(private api: ApiService, private snack: MatSnackBar) {}
          ╵                                                      ~~~~~~~~~~~


X [ERROR] TS2339: Property 'map' does not exist on type '{}'. [plugin angular-compiler]

    src/app/features/admin/permissions.component.ts:136:34:
      136 │       const merged = this.modules.map(m => {
          ╵                                   ~~~


X [ERROR] TS7006: Parameter 'm' implicitly has an 'any' type. [plugin angular-compiler]

    src/app/features/admin/permissions.component.ts:136:38:
      136 │       const merged = this.modules.map(m => {
          ╵                                       ^


X [ERROR] TS2339: Property 'find' does not exist on type '{}'. [plugin angular-compiler]

    src/app/features/admin/permissions.component.ts:137:35:
      137 │         const existing = userPerms.find(up => up.module === m);
          ╵                                    ~~~~


X [ERROR] TS7006: Parameter 'up' implicitly has an 'any' type. [plugin angular-compiler]

    src/app/features/admin/permissions.component.ts:137:40:
      137 │         const existing = userPerms.find(up => up.module === m);
          ╵                                         ~~


X [ERROR] TS2307: Cannot find module '@angular/core' or its corresponding type declarations. [plugin angular-compiler]

    src/app/features/admin/sessions/sessions.component.ts:1:42:
      1 │ import { Component, OnInit, signal } from '@angular/core';
        ╵                                           ~~~~~~~~~~~~~~~


X [ERROR] TS2307: Cannot find module '@angular/common' or its corresponding type declarations. [plugin angular-compiler]

    src/app/features/admin/sessions/sessions.component.ts:2:39:
      2 │ import { CommonModule, DatePipe } from '@angular/common';
        ╵                                        ~~~~~~~~~~~~~~~~~


X [ERROR] TS2307: Cannot find module '@angular/material/table' or its corresponding type declarations. [plugin angular-compiler]

    src/app/features/admin/sessions/sessions.component.ts:3:31:
      3 │ import { MatTableModule } from '@angular/material/table';
        ╵                                ~~~~~~~~~~~~~~~~~~~~~~~~~


X [ERROR] TS2307: Cannot find module '@angular/material/button' or its corresponding type declarations. [plugin angular-compiler]

    src/app/features/admin/sessions/sessions.component.ts:4:32:
      4 │ import { MatButtonModule } from '@angular/material/button';
        ╵                                 ~~~~~~~~~~~~~~~~~~~~~~~~~~


X [ERROR] TS2307: Cannot find module '@angular/material/icon' or its corresponding type declarations. [plugin angular-compiler]

    src/app/features/admin/sessions/sessions.component.ts:5:30:
      5 │ import { MatIconModule } from '@angular/material/icon';
        ╵                               ~~~~~~~~~~~~~~~~~~~~~~~~


X [ERROR] TS2307: Cannot find module '@angular/material/progress-spinner' or its corresponding type declarations. [plugin angular-compiler]

    src/app/features/admin/sessions/sessions.component.ts:6:41:
      6 │ ...tProgressSpinnerModule } from '@angular/material/progress-spinner';
        ╵                                  ~~~~~~~~~~~~~~~~~~~~~~~~~~~~~~~~~~~~


X [ERROR] TS2307: Cannot find module '@angular/material/snack-bar' or its corresponding type declarations. [plugin angular-compiler]

    src/app/features/admin/sessions/sessions.component.ts:7:47:
      7 │ ...atSnackBar, MatSnackBarModule } from '@angular/material/snack-bar';
        ╵                                         ~~~~~~~~~~~~~~~~~~~~~~~~~~~~~


X [ERROR] TS2307: Cannot find module '@angular/material/tooltip' or its corresponding type declarations. [plugin angular-compiler]

    src/app/features/admin/sessions/sessions.component.ts:8:33:
      8 │ import { MatTooltipModule } from '@angular/material/tooltip';
        ╵                                  ~~~~~~~~~~~~~~~~~~~~~~~~~~~


X [ERROR] TS-992003: No suitable injection token for parameter 'snack' of class 'SessionsComponent'.
  Consider using the @Inject decorator to specify an injection token. [plugin angular-compiler]

    src/app/features/admin/sessions/sessions.component.ts:36:47:
      36 │   constructor(private api: ApiService, private snack: MatSnackBar) {}
         ╵                                                ~~~~~

  This type does not have a value, so it cannot be used as injection token.

    src/app/features/admin/sessions/sessions.component.ts:36:54:
      36 │   constructor(private api: ApiService, private snack: MatSnackBar) {}
         ╵                                                       ~~~~~~~~~~~


X [ERROR] TS7006: Parameter 'data' implicitly has an 'any' type. [plugin angular-compiler]

    src/app/features/admin/sessions/sessions.component.ts:43:13:
      43 │       next: (data) => { this.sessions.set(data as ActiveSession[])...
         ╵              ~~~~


X [ERROR] TS2304: Cannot find name 'confirm'. [plugin angular-compiler]

    src/app/features/admin/sessions/sessions.component.ts:49:9:
      49 │     if (!confirm('¿Terminar esta sesión? El usuario será descon...
         ╵          ~~~~~~~


X [ERROR] TS7006: Parameter 's' implicitly has an 'any' type. [plugin angular-compiler]

    src/app/features/admin/sessions/sessions.component.ts:52:30:
      52 │         this.sessions.update((s) => s.filter((x) => x.id !== id));
         ╵                               ^


X [ERROR] TS7006: Parameter 'x' implicitly has an 'any' type. [plugin angular-compiler]

    src/app/features/admin/sessions/sessions.component.ts:52:46:
      52 │         this.sessions.update((s) => s.filter((x) => x.id !== id));
         ╵                                               ^


X [ERROR] TS2304: Cannot find name 'confirm'. [plugin angular-compiler]

    src/app/features/admin/sessions/sessions.component.ts:60:9:
      60 │     if (!confirm(`¿Terminar TODAS las sesiones de ${username}?`))...
         ╵          ~~~~~~~


X [ERROR] TS7006: Parameter 's' implicitly has an 'any' type. [plugin angular-compiler]

    src/app/features/admin/sessions/sessions.component.ts:63:30:
      63 │         this.sessions.update((s) => s.filter((x) => x.user_id !== ...
         ╵                               ^


X [ERROR] TS7006: Parameter 'x' implicitly has an 'any' type. [plugin angular-compiler]

    src/app/features/admin/sessions/sessions.component.ts:63:46:
      63 │ ...his.sessions.update((s) => s.filter((x) => x.user_id !== userId));
         ╵                                         ^


X [ERROR] TS2339: Property 'includes' does not exist on type 'string'. [plugin angular-compiler]

    src/app/features/admin/sessions/sessions.component.ts:72:11:
      72 │     if (ua.includes('Chrome')) return 'Chrome';
         ╵            ~~~~~~~~


X [ERROR] TS2339: Property 'includes' does not exist on type 'string'. [plugin angular-compiler]

    src/app/features/admin/sessions/sessions.component.ts:73:11:
      73 │     if (ua.includes('Firefox')) return 'Firefox';
         ╵            ~~~~~~~~


X [ERROR] TS2339: Property 'includes' does not exist on type 'string'. [plugin angular-compiler]

    src/app/features/admin/sessions/sessions.component.ts:74:11:
      74 │     if (ua.includes('Safari')) return 'Safari';
         ╵            ~~~~~~~~


X [ERROR] TS2339: Property 'includes' does not exist on type 'string'. [plugin angular-compiler]

    src/app/features/admin/sessions/sessions.component.ts:75:11:
      75 │     if (ua.includes('Edge')) return 'Edge';
         ╵            ~~~~~~~~


X [ERROR] TS2339: Property 'slice' does not exist on type 'string'. [plugin angular-compiler]

    src/app/features/admin/sessions/sessions.component.ts:76:14:
      76 │     return ua.slice(0, 30);
         ╵               ~~~~~


X [ERROR] TS2307: Cannot find module '@angular/core' or its corresponding type declarations. [plugin angular-compiler]

    src/app/features/atencion-cliente/atencion-cliente.component.ts:1:42:
      1 │ import { Component, OnInit, signal } from '@angular/core';
        ╵                                           ~~~~~~~~~~~~~~~


X [ERROR] TS2307: Cannot find module '@angular/common' or its corresponding type declarations. [plugin angular-compiler]

    src/app/features/atencion-cliente/atencion-cliente.component.ts:2:29:
      2 │ import { CommonModule } from '@angular/common';
        ╵                              ~~~~~~~~~~~~~~~~~


X [ERROR] TS2307: Cannot find module '@angular/material/button' or its corresponding type declarations. [plugin angular-compiler]

    src/app/features/atencion-cliente/atencion-cliente.component.ts:3:32:
      3 │ import { MatButtonModule } from '@angular/material/button';
        ╵                                 ~~~~~~~~~~~~~~~~~~~~~~~~~~


X [ERROR] TS2307: Cannot find module '@angular/material/icon' or its corresponding type declarations. [plugin angular-compiler]

    src/app/features/atencion-cliente/atencion-cliente.component.ts:4:30:
      4 │ import { MatIconModule } from '@angular/material/icon';
        ╵                               ~~~~~~~~~~~~~~~~~~~~~~~~


X [ERROR] TS2307: Cannot find module '@angular/material/progress-spinner' or its corresponding type declarations. [plugin angular-compiler]

    src/app/features/atencion-cliente/atencion-cliente.component.ts:5:41:
      5 │ ...tProgressSpinnerModule } from '@angular/material/progress-spinner';
        ╵                                  ~~~~~~~~~~~~~~~~~~~~~~~~~~~~~~~~~~~~


X [ERROR] TS2307: Cannot find module '@angular/material/snack-bar' or its corresponding type declarations. [plugin angular-compiler]

    src/app/features/atencion-cliente/atencion-cliente.component.ts:6:47:
      6 │ ...atSnackBar, MatSnackBarModule } from '@angular/material/snack-bar';
        ╵                                         ~~~~~~~~~~~~~~~~~~~~~~~~~~~~~


X [ERROR] TS2304: Cannot find name 'Date'. [plugin angular-compiler]

    src/app/features/atencion-cliente/atencion-cliente.component.ts:22:14:
      22 │   today = new Date();
         ╵               ~~~~


X [ERROR] TS-992003: No suitable injection token for parameter 'snack' of class 'AtencionClienteComponent'.
  Consider using the @Inject decorator to specify an injection token. [plugin angular-compiler]

    src/app/features/atencion-cliente/atencion-cliente.component.ts:24:47:
      24 │   constructor(private api: ApiService, private snack: MatSnackBar) {}
         ╵                                                ~~~~~

  This type does not have a value, so it cannot be used as injection token.

    src/app/features/atencion-cliente/atencion-cliente.component.ts:24:54:
      24 │   constructor(private api: ApiService, private snack: MatSnackBar) {}
         ╵                                                       ~~~~~~~~~~~


X [ERROR] TS7006: Parameter 'data' implicitly has an 'any' type. [plugin angular-compiler]

    src/app/features/atencion-cliente/atencion-cliente.component.ts:28:13:
      28 │       next: (data) => { this.solicitudes.set(data); this.loadingSo...
         ╵              ~~~~


X [ERROR] TS7006: Parameter 'ss' implicitly has an 'any' type. [plugin angular-compiler]

    src/app/features/atencion-cliente/atencion-cliente.component.ts:36:32:
      36 │         this.solicitudes.update(ss => ss.map(s => s.id === id ? { ...
         ╵                                 ~~


X [ERROR] TS7006: Parameter 's' implicitly has an 'any' type. [plugin angular-compiler]

    src/app/features/atencion-cliente/atencion-cliente.component.ts:36:45:
      36 │ ...olicitudes.update(ss => ss.map(s => s.id === id ? { ...s, estad...
         ╵                                   ^


X [ERROR] TS7006: Parameter 'ss' implicitly has an 'any' type. [plugin angular-compiler]

    src/app/features/atencion-cliente/atencion-cliente.component.ts:45:32:
      45 │         this.solicitudes.update(ss => ss.map(s => s.id === id ? { ...
         ╵                                 ~~


X [ERROR] TS7006: Parameter 's' implicitly has an 'any' type. [plugin angular-compiler]

    src/app/features/atencion-cliente/atencion-cliente.component.ts:45:45:
      45 │ ...olicitudes.update(ss => ss.map(s => s.id === id ? { ...s, estad...
         ╵                                   ^


X [ERROR] TS2304: Cannot find name 'Record'. [plugin angular-compiler]

    src/app/features/atencion-cliente/atencion-cliente.component.ts:52:15:
      52 │     const map: Record<string, string> = {
         ╵                ~~~~~~


X [ERROR] TS2307: Cannot find module '@angular/core' or its corresponding type declarations. [plugin angular-compiler]

    src/app/features/atencion-cliente/productos/productos.component.ts:1:50:
      1 │ import { Component, OnInit, signal, inject } from '@angular/core';
        ╵                                                   ~~~~~~~~~~~~~~~


X [ERROR] TS2307: Cannot find module '@angular/common' or its corresponding type declarations. [plugin angular-compiler]

    src/app/features/atencion-cliente/productos/productos.component.ts:2:29:
      2 │ import { CommonModule } from '@angular/common';
        ╵                              ~~~~~~~~~~~~~~~~~


X [ERROR] TS2307: Cannot find module '@angular/forms' or its corresponding type declarations. [plugin angular-compiler]

    src/app/features/atencion-cliente/productos/productos.component.ts:3:74:
      3 │ ...activeFormsModule, FormBuilder, Validators } from '@angular/forms';
        ╵                                                      ~~~~~~~~~~~~~~~~


X [ERROR] TS2307: Cannot find module '@angular/material/icon' or its corresponding type declarations. [plugin angular-compiler]

    src/app/features/atencion-cliente/productos/productos.component.ts:4:30:
      4 │ import { MatIconModule } from '@angular/material/icon';
        ╵                               ~~~~~~~~~~~~~~~~~~~~~~~~


X [ERROR] TS2307: Cannot find module '@angular/material/snack-bar' or its corresponding type declarations. [plugin angular-compiler]

    src/app/features/atencion-cliente/productos/productos.component.ts:5:47:
      5 │ ...atSnackBar, MatSnackBarModule } from '@angular/material/snack-bar';
        ╵                                         ~~~~~~~~~~~~~~~~~~~~~~~~~~~~~


X [ERROR] TS2307: Cannot find module '@angular/material/progress-spinner' or its corresponding type declarations. [plugin angular-compiler]

    src/app/features/atencion-cliente/productos/productos.component.ts:6:41:
      6 │ ...tProgressSpinnerModule } from '@angular/material/progress-spinner';
        ╵                                  ~~~~~~~~~~~~~~~~~~~~~~~~~~~~~~~~~~~~


X [ERROR] TS2307: Cannot find module '@angular/material/tooltip' or its corresponding type declarations. [plugin angular-compiler]

    src/app/features/atencion-cliente/productos/productos.component.ts:7:33:
      7 │ import { MatTooltipModule } from '@angular/material/tooltip';
        ╵                                  ~~~~~~~~~~~~~~~~~~~~~~~~~~~


X [ERROR] TS2307: Cannot find module 'rxjs' or its corresponding type declarations. [plugin angular-compiler]

    src/app/features/atencion-cliente/productos/productos.component.ts:8:60:
      8 │ import { Subject, debounceTime, distinctUntilChanged } from 'rxjs';
        ╵                                                             ~~~~~~


X [ERROR] TS-991010: 'imports' must be an array of components, directives, pipes, or NgModules.
  Value is of type '[(not statically analyzable), (not statically analyzable), (not statically analyzable), (not statically analyzable), (not statically analyzable), (not statically analyzable), (not statically analyzable)]'. [plugin angular-compiler]

    src/app/features/atencion-cliente/productos/productos.component.ts:26:11:
      26 │   imports: [
         ╵            ^


X [ERROR] TS-991010: 'imports' must be an array of components, directives, pipes, or NgModules.
  Value is of type '[(not statically analyzable), (not statically analyzable), (not statically analyzable), (not statically analyzable), (not statically analyzable), (not statically analyzable), (not statically analyzable)]'. [plugin angular-compiler]

    src/app/features/atencion-cliente/productos/productos.component.ts:26:11:
      26 │   imports: [
         ╵            ^


X [ERROR] TS-991010: 'imports' must be an array of components, directives, pipes, or NgModules.
  Value is of type '[(not statically analyzable), (not statically analyzable), (not statically analyzable), (not statically analyzable), (not statically analyzable), (not statically analyzable), (not statically analyzable)]'. [plugin angular-compiler]

    src/app/features/atencion-cliente/productos/productos.component.ts:26:11:
      26 │   imports: [
         ╵            ^


X [ERROR] TS-991010: 'imports' must be an array of components, directives, pipes, or NgModules.
  Value is of type '[(not statically analyzable), (not statically analyzable), (not statically analyzable), (not statically analyzable), (not statically analyzable), (not statically analyzable), (not statically analyzable)]'. [plugin angular-compiler]

    src/app/features/atencion-cliente/productos/productos.component.ts:26:11:
      26 │   imports: [
         ╵            ^


X [ERROR] TS-991010: 'imports' must be an array of components, directives, pipes, or NgModules.
  Value is of type '[(not statically analyzable), (not statically analyzable), (not statically analyzable), (not statically analyzable), (not statically analyzable), (not statically analyzable), (not statically analyzable)]'. [plugin angular-compiler]

    src/app/features/atencion-cliente/productos/productos.component.ts:26:11:
      26 │   imports: [
         ╵            ^


X [ERROR] TS-991010: 'imports' must be an array of components, directives, pipes, or NgModules.
  Value is of type '[(not statically analyzable), (not statically analyzable), (not statically analyzable), (not statically analyzable), (not statically analyzable), (not statically analyzable), (not statically analyzable)]'. [plugin angular-compiler]

    src/app/features/atencion-cliente/productos/productos.component.ts:26:11:
      26 │   imports: [
         ╵            ^


X [ERROR] TS-991010: 'imports' must be an array of components, directives, pipes, or NgModules.
  Value is of type '[(not statically analyzable), (not statically analyzable), (not statically analyzable), (not statically analyzable), (not statically analyzable), (not statically analyzable), (not statically analyzable)]'. [plugin angular-compiler]

    src/app/features/atencion-cliente/productos/productos.component.ts:26:11:
      26 │   imports: [
         ╵            ^


X [ERROR] TS7006: Parameter 'res' implicitly has an 'any' type. [plugin angular-compiler]

    src/app/features/atencion-cliente/productos/productos.component.ts:338:13:
      338 │       next: (res) => { this.productos.set(res.items); this.total....
          ╵              ~~~


X [ERROR] TS7006: Parameter 'd' implicitly has an 'any' type. [plugin angular-compiler]

    src/app/features/atencion-cliente/productos/productos.component.ts:344:56:
      344 │ ...Categorias().subscribe({ next: d => this.categorias.set(d), er...
          ╵                                   ^


X [ERROR] TS7006: Parameter 'd' implicitly has an 'any' type. [plugin angular-compiler]

    src/app/features/atencion-cliente/productos/productos.component.ts:345:57:
      345 │ ...abricantes().subscribe({ next: d => this.fabricantes.set(d), e...
          ╵                                   ^


X [ERROR] TS7006: Parameter 'v' implicitly has an 'any' type. [plugin angular-compiler]

    src/app/features/atencion-cliente/productos/productos.component.ts:350:38:
      350 │ ...age(): void { this.skip.update(v => Math.max(0, v - this.pageS...
          ╵                                   ^


X [ERROR] TS2304: Cannot find name 'Math'. [plugin angular-compiler]

    src/app/features/atencion-cliente/productos/productos.component.ts:350:43:
      350 │ ...void { this.skip.update(v => Math.max(0, v - this.pageSize()))...
          ╵                                 ~~~~


X [ERROR] TS7006: Parameter 'v' implicitly has an 'any' type. [plugin angular-compiler]

    src/app/features/atencion-cliente/productos/productos.component.ts:351:38:
      351 │ ...age(): void { this.skip.update(v => v + this.pageSize()); this...
          ╵                                   ^


X [ERROR] TS7006: Parameter 'err' implicitly has an 'any' type. [plugin angular-compiler]

    src/app/features/atencion-cliente/productos/productos.component.ts:371:14:
      371 │       error: (err) => { this.saving.set(false); this.snack.open(e...
          ╵               ~~~


X [ERROR] TS2304: Cannot find name 'confirm'. [plugin angular-compiler]

    src/app/features/atencion-cliente/productos/productos.component.ts:376:9:
      376 │     if (!confirm(`¿Eliminar "${p.nombre}"?`)) return;
          ╵          ~~~~~~~


X [ERROR] TS2307: Cannot find module '@angular/core' or its corresponding type declarations. [plugin angular-compiler]

    src/app/features/auditor/auditor.component.ts:1:42:
      1 │ import { Component, OnInit, signal } from '@angular/core';
        ╵                                           ~~~~~~~~~~~~~~~


X [ERROR] TS2307: Cannot find module '@angular/common' or its corresponding type declarations. [plugin angular-compiler]

    src/app/features/auditor/auditor.component.ts:2:29:
      2 │ import { CommonModule } from '@angular/common';
        ╵                              ~~~~~~~~~~~~~~~~~


X [ERROR] TS2307: Cannot find module '@angular/forms' or its corresponding type declarations. [plugin angular-compiler]

    src/app/features/auditor/auditor.component.ts:3:28:
      3 │ import { FormsModule } from '@angular/forms';
        ╵                             ~~~~~~~~~~~~~~~~


X [ERROR] TS2307: Cannot find module '@angular/material/card' or its corresponding type declarations. [plugin angular-compiler]

    src/app/features/auditor/auditor.component.ts:4:30:
      4 │ import { MatCardModule } from '@angular/material/card';
        ╵                               ~~~~~~~~~~~~~~~~~~~~~~~~


X [ERROR] TS2307: Cannot find module '@angular/material/button' or its corresponding type declarations. [plugin angular-compiler]

    src/app/features/auditor/auditor.component.ts:5:32:
      5 │ import { MatButtonModule } from '@angular/material/button';
        ╵                                 ~~~~~~~~~~~~~~~~~~~~~~~~~~


X [ERROR] TS2307: Cannot find module '@angular/material/icon' or its corresponding type declarations. [plugin angular-compiler]

    src/app/features/auditor/auditor.component.ts:6:30:
      6 │ import { MatIconModule } from '@angular/material/icon';
        ╵                               ~~~~~~~~~~~~~~~~~~~~~~~~


X [ERROR] TS2307: Cannot find module '@angular/material/form-field' or its corresponding type declarations. [plugin angular-compiler]

    src/app/features/auditor/auditor.component.ts:7:35:
      7 │ import { MatFormFieldModule } from '@angular/material/form-field';
        ╵                                    ~~~~~~~~~~~~~~~~~~~~~~~~~~~~~~


X [ERROR] TS2307: Cannot find module '@angular/material/input' or its corresponding type declarations. [plugin angular-compiler]

    src/app/features/auditor/auditor.component.ts:8:31:
      8 │ import { MatInputModule } from '@angular/material/input';
        ╵                                ~~~~~~~~~~~~~~~~~~~~~~~~~


X [ERROR] TS2307: Cannot find module '@angular/material/progress-spinner' or its corresponding type declarations. [plugin angular-compiler]

    src/app/features/auditor/auditor.component.ts:9:41:
      9 │ ...tProgressSpinnerModule } from '@angular/material/progress-spinner';
        ╵                                  ~~~~~~~~~~~~~~~~~~~~~~~~~~~~~~~~~~~~


X [ERROR] TS2307: Cannot find module '@angular/material/list' or its corresponding type declarations. [plugin angular-compiler]

    src/app/features/auditor/auditor.component.ts:10:30:
      10 │ import { MatListModule } from '@angular/material/list';
         ╵                               ~~~~~~~~~~~~~~~~~~~~~~~~


X [ERROR] TS2307: Cannot find module '@angular/material/tooltip' or its corresponding type declarations. [plugin angular-compiler]

    src/app/features/auditor/auditor.component.ts:11:33:
      11 │ import { MatTooltipModule } from '@angular/material/tooltip';
         ╵                                  ~~~~~~~~~~~~~~~~~~~~~~~~~~~


X [ERROR] TS2307: Cannot find module '@angular/material/snack-bar' or its corresponding type declarations. [plugin angular-compiler]

    src/app/features/auditor/auditor.component.ts:12:47:
      12 │ ...tSnackBar, MatSnackBarModule } from '@angular/material/snack-bar';
         ╵                                        ~~~~~~~~~~~~~~~~~~~~~~~~~~~~~


X [ERROR] TS-992003: No suitable injection token for parameter 'snack' of class 'AuditorComponent'.
  Consider using the @Inject decorator to specify an injection token. [plugin angular-compiler]

    src/app/features/auditor/auditor.component.ts:32:74:
      32 │ ...Service, private auth: AuthService, private snack: MatSnackBar) {}
         ╵                                                ~~~~~

  This type does not have a value, so it cannot be used as injection token.

    src/app/features/auditor/auditor.component.ts:32:81:
      32 │ ...Service, private auth: AuthService, private snack: MatSnackBar) {}
         ╵                                                       ~~~~~~~~~~~


X [ERROR] TS2307: Cannot find module '@angular/core' or its corresponding type declarations. [plugin angular-compiler]

    src/app/features/auth/login-mercaderista/login-mercaderista.component.ts:1:34:
      1 │ import { Component, signal } from '@angular/core';
        ╵                                   ~~~~~~~~~~~~~~~


X [ERROR] TS2307: Cannot find module '@angular/common' or its corresponding type declarations. [plugin angular-compiler]

    src/app/features/auth/login-mercaderista/login-mercaderista.component.ts:2:29:
      2 │ import { CommonModule } from '@angular/common';
        ╵                              ~~~~~~~~~~~~~~~~~


X [ERROR] TS2307: Cannot find module '@angular/forms' or its corresponding type declarations. [plugin angular-compiler]

    src/app/features/auth/login-mercaderista/login-mercaderista.component.ts:3:61:
      3 │ ...activeFormsModule, FormBuilder, Validators } from '@angular/forms';
        ╵                                                      ~~~~~~~~~~~~~~~~


X [ERROR] TS2307: Cannot find module '@angular/router' or its corresponding type declarations. [plugin angular-compiler]

    src/app/features/auth/login-mercaderista/login-mercaderista.component.ts:4:35:
      4 │ import { Router, RouterLink } from '@angular/router';
        ╵                                    ~~~~~~~~~~~~~~~~~


X [ERROR] TS2307: Cannot find module '@angular/material/card' or its corresponding type declarations. [plugin angular-compiler]

    src/app/features/auth/login-mercaderista/login-mercaderista.component.ts:5:30:
      5 │ import { MatCardModule } from '@angular/material/card';
        ╵                               ~~~~~~~~~~~~~~~~~~~~~~~~


X [ERROR] TS2307: Cannot find module '@angular/material/form-field' or its corresponding type declarations. [plugin angular-compiler]

    src/app/features/auth/login-mercaderista/login-mercaderista.component.ts:6:35:
      6 │ import { MatFormFieldModule } from '@angular/material/form-field';
        ╵                                    ~~~~~~~~~~~~~~~~~~~~~~~~~~~~~~


X [ERROR] TS2307: Cannot find module '@angular/material/input' or its corresponding type declarations. [plugin angular-compiler]

    src/app/features/auth/login-mercaderista/login-mercaderista.component.ts:7:31:
      7 │ import { MatInputModule } from '@angular/material/input';
        ╵                                ~~~~~~~~~~~~~~~~~~~~~~~~~


X [ERROR] TS2307: Cannot find module '@angular/material/button' or its corresponding type declarations. [plugin angular-compiler]

    src/app/features/auth/login-mercaderista/login-mercaderista.component.ts:8:32:
      8 │ import { MatButtonModule } from '@angular/material/button';
        ╵                                 ~~~~~~~~~~~~~~~~~~~~~~~~~~


X [ERROR] TS2307: Cannot find module '@angular/material/icon' or its corresponding type declarations. [plugin angular-compiler]

    src/app/features/auth/login-mercaderista/login-mercaderista.component.ts:9:30:
      9 │ import { MatIconModule } from '@angular/material/icon';
        ╵                               ~~~~~~~~~~~~~~~~~~~~~~~~


X [ERROR] TS2307: Cannot find module '@angular/material/progress-spinner' or its corresponding type declarations. [plugin angular-compiler]

    src/app/features/auth/login-mercaderista/login-mercaderista.component.ts:10:41:
      10 │ ...ProgressSpinnerModule } from '@angular/material/progress-spinner';
         ╵                                 ~~~~~~~~~~~~~~~~~~~~~~~~~~~~~~~~~~~~


X [ERROR] TS-992003: No suitable injection token for parameter 'fb' of class 'LoginMercaderistaComponent'.
  Consider using the @Inject decorator to specify an injection token. [plugin angular-compiler]

    src/app/features/auth/login-mercaderista/login-mercaderista.component.ts:34:22:
      34 │   constructor(private fb: FormBuilder, private auth: AuthService, ...
         ╵                       ~~

  This type does not have a value, so it cannot be used as injection token.

    src/app/features/auth/login-mercaderista/login-mercaderista.component.ts:34:26:
      34 │   constructor(private fb: FormBuilder, private auth: AuthService, ...
         ╵                           ~~~~~~~~~~~


X [ERROR] TS7006: Parameter 'err' implicitly has an 'any' type. [plugin angular-compiler]

    src/app/features/auth/login-mercaderista/login-mercaderista.component.ts:45:14:
      45 │       error: (err) => {
         ╵               ~~~


X [ERROR] TS2307: Cannot find module '@angular/core' or its corresponding type declarations. [plugin angular-compiler]

    src/app/features/auth/login/login.component.ts:1:34:
      1 │ import { Component, signal } from '@angular/core';
        ╵                                   ~~~~~~~~~~~~~~~


X [ERROR] TS2307: Cannot find module '@angular/common' or its corresponding type declarations. [plugin angular-compiler]

    src/app/features/auth/login/login.component.ts:2:29:
      2 │ import { CommonModule } from '@angular/common';
        ╵                              ~~~~~~~~~~~~~~~~~


X [ERROR] TS2307: Cannot find module '@angular/forms' or its corresponding type declarations. [plugin angular-compiler]

    src/app/features/auth/login/login.component.ts:3:74:
      3 │ ...dule, FormBuilder, Validators, FormsModule } from '@angular/forms';
        ╵                                                      ~~~~~~~~~~~~~~~~


X [ERROR] TS2307: Cannot find module '@angular/router' or its corresponding type declarations. [plugin angular-compiler]

    src/app/features/auth/login/login.component.ts:4:35:
      4 │ import { Router, RouterLink } from '@angular/router';
        ╵                                    ~~~~~~~~~~~~~~~~~


X [ERROR] TS2307: Cannot find module '@angular/material/card' or its corresponding type declarations. [plugin angular-compiler]

    src/app/features/auth/login/login.component.ts:5:30:
      5 │ import { MatCardModule } from '@angular/material/card';
        ╵                               ~~~~~~~~~~~~~~~~~~~~~~~~


X [ERROR] TS2307: Cannot find module '@angular/material/form-field' or its corresponding type declarations. [plugin angular-compiler]

    src/app/features/auth/login/login.component.ts:6:35:
      6 │ import { MatFormFieldModule } from '@angular/material/form-field';
        ╵                                    ~~~~~~~~~~~~~~~~~~~~~~~~~~~~~~


X [ERROR] TS2307: Cannot find module '@angular/material/input' or its corresponding type declarations. [plugin angular-compiler]

    src/app/features/auth/login/login.component.ts:7:31:
      7 │ import { MatInputModule } from '@angular/material/input';
        ╵                                ~~~~~~~~~~~~~~~~~~~~~~~~~


X [ERROR] TS2307: Cannot find module '@angular/material/button' or its corresponding type declarations. [plugin angular-compiler]

    src/app/features/auth/login/login.component.ts:8:32:
      8 │ import { MatButtonModule } from '@angular/material/button';
        ╵                                 ~~~~~~~~~~~~~~~~~~~~~~~~~~


X [ERROR] TS2307: Cannot find module '@angular/material/icon' or its corresponding type declarations. [plugin angular-compiler]

    src/app/features/auth/login/login.component.ts:9:30:
      9 │ import { MatIconModule } from '@angular/material/icon';
        ╵                               ~~~~~~~~~~~~~~~~~~~~~~~~


X [ERROR] TS2307: Cannot find module '@angular/material/progress-spinner' or its corresponding type declarations. [plugin angular-compiler]

    src/app/features/auth/login/login.component.ts:10:41:
      10 │ ...ProgressSpinnerModule } from '@angular/material/progress-spinner';
         ╵                                 ~~~~~~~~~~~~~~~~~~~~~~~~~~~~~~~~~~~~


X [ERROR] TS2307: Cannot find module '@angular/material/snack-bar' or its corresponding type declarations. [plugin angular-compiler]

    src/app/features/auth/login/login.component.ts:11:34:
      11 │ import { MatSnackBarModule } from '@angular/material/snack-bar';
         ╵                                   ~~~~~~~~~~~~~~~~~~~~~~~~~~~~~


X [ERROR] TS2307: Cannot find module '@angular/material/checkbox' or its corresponding type declarations. [plugin angular-compiler]

    src/app/features/auth/login/login.component.ts:12:34:
      12 │ import { MatCheckboxModule } from '@angular/material/checkbox';
         ╵                                   ~~~~~~~~~~~~~~~~~~~~~~~~~~~~


X [ERROR] TS-992003: No suitable injection token for parameter 'fb' of class 'LoginComponent'.
  Consider using the @Inject decorator to specify an injection token. [plugin angular-compiler]

    src/app/features/auth/login/login.component.ts:38:22:
      38 │   constructor(private fb: FormBuilder, private auth: AuthService, ...
         ╵                       ~~

  This type does not have a value, so it cannot be used as injection token.

    src/app/features/auth/login/login.component.ts:38:26:
      38 │   constructor(private fb: FormBuilder, private auth: AuthService, ...
         ╵                           ~~~~~~~~~~~


X [ERROR] TS2304: Cannot find name 'localStorage'. [plugin angular-compiler]

    src/app/features/auth/login/login.component.ts:44:22:
      44 │     const savedUser = localStorage.getItem('remembered_user');
         ╵                       ~~~~~~~~~~~~


X [ERROR] TS2304: Cannot find name 'localStorage'. [plugin angular-compiler]

    src/app/features/auth/login/login.component.ts:63:10:
      63 │           localStorage.setItem('remembered_user', credentials.user...
         ╵           ~~~~~~~~~~~~


X [ERROR] TS2304: Cannot find name 'localStorage'. [plugin angular-compiler]

    src/app/features/auth/login/login.component.ts:65:10:
      65 │           localStorage.removeItem('remembered_user');
         ╵           ~~~~~~~~~~~~


X [ERROR] TS7006: Parameter 'err' implicitly has an 'any' type. [plugin angular-compiler]

    src/app/features/auth/login/login.component.ts:69:14:
      69 │       error: (err) => {
         ╵               ~~~


X [ERROR] TS2307: Cannot find module '@angular/core' or its corresponding type declarations. [plugin angular-compiler]

    src/app/features/auth/unauthorized/unauthorized.component.ts:1:26:
      1 │ import { Component } from '@angular/core';
        ╵                           ~~~~~~~~~~~~~~~


X [ERROR] TS2307: Cannot find module '@angular/router' or its corresponding type declarations. [plugin angular-compiler]

    src/app/features/auth/unauthorized/unauthorized.component.ts:2:27:
      2 │ import { RouterLink } from '@angular/router';
        ╵                            ~~~~~~~~~~~~~~~~~


X [ERROR] TS2307: Cannot find module '@angular/material/button' or its corresponding type declarations. [plugin angular-compiler]

    src/app/features/auth/unauthorized/unauthorized.component.ts:3:32:
      3 │ import { MatButtonModule } from '@angular/material/button';
        ╵                                 ~~~~~~~~~~~~~~~~~~~~~~~~~~


X [ERROR] TS2307: Cannot find module '@angular/material/icon' or its corresponding type declarations. [plugin angular-compiler]

    src/app/features/auth/unauthorized/unauthorized.component.ts:4:30:
      4 │ import { MatIconModule } from '@angular/material/icon';
        ╵                               ~~~~~~~~~~~~~~~~~~~~~~~~


X [ERROR] TS-991010: 'imports' must be an array of components, directives, pipes, or NgModules.
  Value is of type '[(not statically analyzable), (not statically analyzable), (not statically analyzable)]'. [plugin angular-compiler]

    src/app/features/auth/unauthorized/unauthorized.component.ts:9:11:
      9 │   imports: [RouterLink, MatButtonModule, MatIconModule],
        ╵            ~~~~~~~~~~~~~~~~~~~~~~~~~~~~~~~~~~~~~~~~~~~~


X [ERROR] TS-991010: 'imports' must be an array of components, directives, pipes, or NgModules.
  Value is of type '[(not statically analyzable), (not statically analyzable), (not statically analyzable)]'. [plugin angular-compiler]

    src/app/features/auth/unauthorized/unauthorized.component.ts:9:11:
      9 │   imports: [RouterLink, MatButtonModule, MatIconModule],
        ╵            ~~~~~~~~~~~~~~~~~~~~~~~~~~~~~~~~~~~~~~~~~~~~


X [ERROR] TS-991010: 'imports' must be an array of components, directives, pipes, or NgModules.
  Value is of type '[(not statically analyzable), (not statically analyzable), (not statically analyzable)]'. [plugin angular-compiler]

    src/app/features/auth/unauthorized/unauthorized.component.ts:9:11:
      9 │   imports: [RouterLink, MatButtonModule, MatIconModule],
        ╵            ~~~~~~~~~~~~~~~~~~~~~~~~~~~~~~~~~~~~~~~~~~~~


X [ERROR] TS2307: Cannot find module '@angular/core' or its corresponding type declarations. [plugin angular-compiler]

    src/app/features/centro-mando/centro-mando.component.ts:1:56:
      1 │ ...t { Component, OnInit, signal, HostListener } from '@angular/core';
        ╵                                                       ~~~~~~~~~~~~~~~


X [ERROR] TS2307: Cannot find module '@angular/common' or its corresponding type declarations. [plugin angular-compiler]

    src/app/features/centro-mando/centro-mando.component.ts:2:41:
      2 │ import { CommonModule, formatDate } from '@angular/common';
        ╵                                          ~~~~~~~~~~~~~~~~~


X [ERROR] TS2307: Cannot find module '@angular/forms' or its corresponding type declarations. [plugin angular-compiler]

    src/app/features/centro-mando/centro-mando.component.ts:3:28:
      3 │ import { FormsModule } from '@angular/forms';
        ╵                             ~~~~~~~~~~~~~~~~


X [ERROR] TS2307: Cannot find module '@angular/material/icon' or its corresponding type declarations. [plugin angular-compiler]

    src/app/features/centro-mando/centro-mando.component.ts:4:30:
      4 │ import { MatIconModule } from '@angular/material/icon';
        ╵                               ~~~~~~~~~~~~~~~~~~~~~~~~


X [ERROR] TS2307: Cannot find module '@angular/material/button' or its corresponding type declarations. [plugin angular-compiler]

    src/app/features/centro-mando/centro-mando.component.ts:5:32:
      5 │ import { MatButtonModule } from '@angular/material/button';
        ╵                                 ~~~~~~~~~~~~~~~~~~~~~~~~~~


X [ERROR] TS2307: Cannot find module '@angular/material/progress-spinner' or its corresponding type declarations. [plugin angular-compiler]

    src/app/features/centro-mando/centro-mando.component.ts:6:41:
      6 │ ...tProgressSpinnerModule } from '@angular/material/progress-spinner';
        ╵                                  ~~~~~~~~~~~~~~~~~~~~~~~~~~~~~~~~~~~~


X [ERROR] TS2307: Cannot find module '@angular/material/tooltip' or its corresponding type declarations. [plugin angular-compiler]

    src/app/features/centro-mando/centro-mando.component.ts:7:33:
      7 │ import { MatTooltipModule } from '@angular/material/tooltip';
        ╵                                  ~~~~~~~~~~~~~~~~~~~~~~~~~~~


X [ERROR] TS-991010: 'imports' must be an array of components, directives, pipes, or NgModules.
  Value is of type '[(not statically analyzable), (not statically analyzable), (not statically analyzable), (not statically analyzable), (not statically analyzable), (not statically analyzable), RevisionVisitasComponent]'. [plugin angular-compiler]

    src/app/features/centro-mando/centro-mando.component.ts:16:11:
      16 │   imports: [
         ╵            ^


X [ERROR] TS-991010: 'imports' must be an array of components, directives, pipes, or NgModules.
  Value is of type '[(not statically analyzable), (not statically analyzable), (not statically analyzable), (not statically analyzable), (not statically analyzable), (not statically analyzable), RevisionVisitasComponent]'. [plugin angular-compiler]

    src/app/features/centro-mando/centro-mando.component.ts:16:11:
      16 │   imports: [
         ╵            ^


X [ERROR] TS-991010: 'imports' must be an array of components, directives, pipes, or NgModules.
  Value is of type '[(not statically analyzable), (not statically analyzable), (not statically analyzable), (not statically analyzable), (not statically analyzable), (not statically analyzable), RevisionVisitasComponent]'. [plugin angular-compiler]

    src/app/features/centro-mando/centro-mando.component.ts:16:11:
      16 │   imports: [
         ╵            ^


X [ERROR] TS-991010: 'imports' must be an array of components, directives, pipes, or NgModules.
  Value is of type '[(not statically analyzable), (not statically analyzable), (not statically analyzable), (not statically analyzable), (not statically analyzable), (not statically analyzable), RevisionVisitasComponent]'. [plugin angular-compiler]

    src/app/features/centro-mando/centro-mando.component.ts:16:11:
      16 │   imports: [
         ╵            ^


X [ERROR] TS-991010: 'imports' must be an array of components, directives, pipes, or NgModules.
  Value is of type '[(not statically analyzable), (not statically analyzable), (not statically analyzable), (not statically analyzable), (not statically analyzable), (not statically analyzable), RevisionVisitasComponent]'. [plugin angular-compiler]

    src/app/features/centro-mando/centro-mando.component.ts:16:11:
      16 │   imports: [
         ╵            ^


X [ERROR] TS-991010: 'imports' must be an array of components, directives, pipes, or NgModules.
  Value is of type '[(not statically analyzable), (not statically analyzable), (not statically analyzable), (not statically analyzable), (not statically analyzable), (not statically analyzable), RevisionVisitasComponent]'. [plugin angular-compiler]

    src/app/features/centro-mando/centro-mando.component.ts:16:11:
      16 │   imports: [
         ╵            ^


X [ERROR] TS2304: Cannot find name 'Date'. [plugin angular-compiler]

    src/app/features/centro-mando/centro-mando.component.ts:77:18:
      77 │     const d = new Date(this.filtroDesde + 'T12:00:00');
         ╵                   ~~~~


X [ERROR] TS7053: Element implicitly has an 'any' type because expression of type 'any' can't be used to index type '{}'. [plugin angular-compiler]

    src/app/features/centro-mando/centro-mando.component.ts:78:11:
      78 │     return DIAS[d.getDay()];
         ╵            ~~~~~~~~~~~~~~~~


X [ERROR] TS2304: Cannot find name 'Date'. [plugin angular-compiler]

    src/app/features/centro-mando/centro-mando.component.ts:82:18:
      82 │     const d = new Date(this.filtroDesde + 'T12:00:00');
         ╵                   ~~~~


X [ERROR] TS2304: Cannot find name 'String'. [plugin angular-compiler]

    src/app/features/centro-mando/centro-mando.component.ts:83:14:
      83 │     return `${String(d.getDate()).padStart(2,'0')}/${String(d.getM...
         ╵               ~~~~~~


X [ERROR] TS2304: Cannot find name 'String'. [plugin angular-compiler]

    src/app/features/centro-mando/centro-mando.component.ts:83:53:
      83 │ ...etDate()).padStart(2,'0')}/${String(d.getMonth()+1).padStart(2,...
         ╵                                 ~~~~~~


X [ERROR] TS2304: Cannot find name 'Date'. [plugin angular-compiler]

    src/app/features/centro-mando/centro-mando.component.ts:96:20:
      96 │       const d = new Date(this.filtroDesde + 'T12:00:00');
         ╵                     ~~~~


X [ERROR] TS7053: Element implicitly has an 'any' type because expression of type 'any' can't be used to index type '{}'. [plugin angular-compiler]

    src/app/features/centro-mando/centro-mando.component.ts:98:18:
      98 │       const dia = DIAS[d.getDay()];
         ╵                   ~~~~~~~~~~~~~~~~


X [ERROR] TS2304: Cannot find name 'Date'. [plugin angular-compiler]

    src/app/features/centro-mando/centro-mando.component.ts:106:18:
      106 │     const d = new Date(dateStr + 'T12:00:00');
          ╵                   ~~~~


X [ERROR] TS2304: Cannot find name 'String'. [plugin angular-compiler]

    src/app/features/centro-mando/centro-mando.component.ts:107:14:
      107 │     return `${String(d.getDate()).padStart(2,'0')}/${String(d.get...
          ╵               ~~~~~~


X [ERROR] TS2304: Cannot find name 'String'. [plugin angular-compiler]

    src/app/features/centro-mando/centro-mando.component.ts:107:53:
      107 │ ...tDate()).padStart(2,'0')}/${String(d.getMonth()+1).padStart(2,...
          ╵                                ~~~~~~


X [ERROR] TS7006: Parameter 'ev' implicitly has an 'any' type. [plugin angular-compiler]

    src/app/features/centro-mando/centro-mando.component.ts:119:36:
      119 │     this.realtime.events$.subscribe(ev => {
          ╵                                     ~~


X [ERROR] TS2304: Cannot find name 'clearTimeout'. [plugin angular-compiler]

    src/app/features/centro-mando/centro-mando.component.ts:121:8:
      121 │         clearTimeout(this.rtDebounce);
          ╵         ~~~~~~~~~~~~


X [ERROR] TS2304: Cannot find name 'setTimeout'. [plugin angular-compiler]

    src/app/features/centro-mando/centro-mando.component.ts:122:26:
      122 │         this.rtDebounce = setTimeout(() => { this.loadResumenDia(...
          ╵                           ~~~~~~~~~~


X [ERROR] TS2304: Cannot find name 'Date'. [plugin angular-compiler]

    src/app/features/centro-mando/centro-mando.component.ts:128:26:
      128 │     return formatDate(new Date(), 'yyyy-MM-dd', 'en-US');
          ╵                           ~~~~


X [ERROR] TS2304: Cannot find name 'Date'. [plugin angular-compiler]

    src/app/features/centro-mando/centro-mando.component.ts:132:18:
      132 │     const d = new Date(dateStr + 'T12:00:00');
          ╵                   ~~~~


X [ERROR] TS7006: Parameter 'res' implicitly has an 'any' type. [plugin angular-compiler]

    src/app/features/centro-mando/centro-mando.component.ts:140:13:
      140 │       next: (res) => { if (res.success) this.clientes.set(res.cli...
          ╵              ~~~


X [ERROR] TS7006: Parameter 'res' implicitly has an 'any' type. [plugin angular-compiler]

    src/app/features/centro-mando/centro-mando.component.ts:151:13:
      151 │       next: (res) => {
          ╵              ~~~


X [ERROR] TS7006: Parameter 'res' implicitly has an 'any' type. [plugin angular-compiler]

    src/app/features/centro-mando/centro-mando.component.ts:173:13:
      173 │       next: (res) => {
          ╵              ~~~


X [ERROR] TS2339: Property 'push' does not exist on type '{}'. [plugin angular-compiler]

    src/app/features/centro-mando/centro-mando.component.ts:236:35:
      236 │         this.modalPdvs.completados.push(p);
          ╵                                    ~~~~


X [ERROR] TS2339: Property 'push' does not exist on type '{}'. [plugin angular-compiler]

    src/app/features/centro-mando/centro-mando.component.ts:238:31:
      238 │         this.modalPdvs.activos.push(p);
          ╵                                ~~~~


X [ERROR] TS2339: Property 'push' does not exist on type '{}'. [plugin angular-compiler]

    src/app/features/centro-mando/centro-mando.component.ts:240:34:
      240 │         this.modalPdvs.pendientes.push(p);
          ╵                                   ~~~~


X [ERROR] TS2339: Property 'toLowerCase' does not exist on type 'string'. [plugin angular-compiler]

    src/app/features/centro-mando/centro-mando.component.ts:270:30:
      270 │     const q = this.searchText.toLowerCase();
          ╵                               ~~~~~~~~~~~


X [ERROR] TS2339: Property 'filter' does not exist on type '{}'. [plugin angular-compiler]

    src/app/features/centro-mando/centro-mando.component.ts:271:40:
      271 │     return this.mercaderistasUnificados.filter(m =>
          ╵                                         ~~~~~~


X [ERROR] TS7006: Parameter 'm' implicitly has an 'any' type. [plugin angular-compiler]

    src/app/features/centro-mando/centro-mando.component.ts:271:47:
      271 │     return this.mercaderistasUnificados.filter(m =>
          ╵                                                ^


X [ERROR] TS7006: Parameter 'p' implicitly has an 'any' type. [plugin angular-compiler]

    src/app/features/centro-mando/centro-mando.component.ts:280:36:
      280 │ ...eturn this.pendientes().filter(p => p.id_mercaderista === m.id...
          ╵                                   ^


X [ERROR] TS2304: Cannot find name 'Math'. [plugin angular-compiler]

    src/app/features/centro-mando/centro-mando.component.ts:299:14:
      299 │     const h = Math.floor(min / 60);
          ╵               ~~~~


X [ERROR] TS2339: Property 'find' does not exist on type '{}'. [plugin angular-compiler]

    src/app/features/centro-mando/centro-mando.component.ts:310:43:
      310 │ ...this.mercaderistasUnificados.find(x => x.id_mercaderista === v...
          ╵                                 ~~~~


X [ERROR] TS7006: Parameter 'x' implicitly has an 'any' type. [plugin angular-compiler]

    src/app/features/centro-mando/centro-mando.component.ts:310:48:
      310 │ ...s.mercaderistasUnificados.find(x => x.id_mercaderista === v.id...
          ╵                                   ^


X [ERROR] TS2339: Property 'toLowerCase' does not exist on type 'string'. [plugin angular-compiler]

    src/app/features/centro-mando/centro-mando.component.ts:320:30:
      320 │     const q = this.searchText.toLowerCase();
          ╵                               ~~~~~~~~~~~


X [ERROR] TS7006: Parameter 'p' implicitly has an 'any' type. [plugin angular-compiler]

    src/app/features/centro-mando/centro-mando.component.ts:321:36:
      321 │     return this.pendientes().filter(p =>
          ╵                                     ^


X [ERROR] TS2339: Property 'toLowerCase' does not exist on type 'string'. [plugin angular-compiler]

    src/app/features/centro-mando/centro-mando.component.ts:329:30:
      329 │     const q = this.searchText.toLowerCase();
          ╵                               ~~~~~~~~~~~


X [ERROR] TS7006: Parameter 'v' implicitly has an 'any' type. [plugin angular-compiler]

    src/app/features/centro-mando/centro-mando.component.ts:330:38:
      330 │     return this.activaciones().filter(v =>
          ╵                                       ^


X [ERROR] TS2339: Property 'push' does not exist on type '{}'. [plugin angular-compiler]

    src/app/features/centro-mando/centro-mando.component.ts:342:16:
      342 │       groups[k].push(p);
          ╵                 ~~~~


X [ERROR] TS2304: Cannot find name 'Object'. [plugin angular-compiler]

    src/app/features/centro-mando/centro-mando.component.ts:344:11:
      344 │     return Object.keys(groups).sort().map(k => ({ mercaderista: k...
          ╵            ~~~~~~


X [ERROR] TS7006: Parameter 'k' implicitly has an 'any' type. [plugin angular-compiler]

    src/app/features/centro-mando/centro-mando.component.ts:344:42:
      344 │ ...Object.keys(groups).sort().map(k => ({ mercaderista: k, items:...
          ╵                                   ^


X [ERROR] TS2304: Cannot find name 'Math'. [plugin angular-compiler]

    src/app/features/centro-mando/centro-mando.component.ts:354:15:
      354 │     return t ? Math.round(n / t * 100) : 0;
          ╵                ~~~~


X [ERROR] TS7006: Parameter 'v' implicitly has an 'any' type. [plugin angular-compiler]

    src/app/features/centro-mando/centro-mando.component.ts:409:38:
      409 │ ...urn this.activaciones().filter(v => v.id_mercaderista === m.id...
          ╵                                   ^


X [ERROR] TS7006: Parameter 'msgs' implicitly has an 'any' type. [plugin angular-compiler]

    src/app/features/centro-mando/centro-mando.component.ts:437:13:
      437 │       next: (msgs) => this.chatMessages.set((msgs as any[]) || []),
          ╵              ~~~~


X [ERROR] TS2339: Property 'trim' does not exist on type 'string'. [plugin angular-compiler]

    src/app/features/centro-mando/centro-mando.component.ts:448:31:
      448 │     const txt = this.chatInput.trim();
          ╵                                ~~~~


X [ERROR] TS2307: Cannot find module '@angular/core' or its corresponding type declarations. [plugin angular-compiler]

    src/app/features/chat/chat.component.ts:1:86:
      1 │ ...oy, signal, computed, ViewChild, ElementRef } from '@angular/core';
        ╵                                                       ~~~~~~~~~~~~~~~


X [ERROR] TS2307: Cannot find module '@angular/common' or its corresponding type declarations. [plugin angular-compiler]

    src/app/features/chat/chat.component.ts:2:29:
      2 │ import { CommonModule } from '@angular/common';
        ╵                              ~~~~~~~~~~~~~~~~~


X [ERROR] TS2307: Cannot find module '@angular/forms' or its corresponding type declarations. [plugin angular-compiler]

    src/app/features/chat/chat.component.ts:3:62:
      3 │ ...ctiveFormsModule, FormControl, FormsModule } from '@angular/forms';
        ╵                                                      ~~~~~~~~~~~~~~~~


X [ERROR] TS2307: Cannot find module '@angular/material/card' or its corresponding type declarations. [plugin angular-compiler]

    src/app/features/chat/chat.component.ts:4:30:
      4 │ import { MatCardModule } from '@angular/material/card';
        ╵                               ~~~~~~~~~~~~~~~~~~~~~~~~


X [ERROR] TS2307: Cannot find module '@angular/material/form-field' or its corresponding type declarations. [plugin angular-compiler]

    src/app/features/chat/chat.component.ts:5:35:
      5 │ import { MatFormFieldModule } from '@angular/material/form-field';
        ╵                                    ~~~~~~~~~~~~~~~~~~~~~~~~~~~~~~


X [ERROR] TS2307: Cannot find module '@angular/material/input' or its corresponding type declarations. [plugin angular-compiler]

    src/app/features/chat/chat.component.ts:6:31:
      6 │ import { MatInputModule } from '@angular/material/input';
        ╵                                ~~~~~~~~~~~~~~~~~~~~~~~~~


X [ERROR] TS2307: Cannot find module '@angular/material/button' or its corresponding type declarations. [plugin angular-compiler]

    src/app/features/chat/chat.component.ts:7:32:
      7 │ import { MatButtonModule } from '@angular/material/button';
        ╵                                 ~~~~~~~~~~~~~~~~~~~~~~~~~~


X [ERROR] TS2307: Cannot find module '@angular/material/icon' or its corresponding type declarations. [plugin angular-compiler]

    src/app/features/chat/chat.component.ts:8:30:
      8 │ import { MatIconModule } from '@angular/material/icon';
        ╵                               ~~~~~~~~~~~~~~~~~~~~~~~~


X [ERROR] TS2307: Cannot find module '@angular/material/list' or its corresponding type declarations. [plugin angular-compiler]

    src/app/features/chat/chat.component.ts:9:30:
      9 │ import { MatListModule } from '@angular/material/list';
        ╵                               ~~~~~~~~~~~~~~~~~~~~~~~~


X [ERROR] TS2307: Cannot find module '@angular/material/progress-spinner' or its corresponding type declarations. [plugin angular-compiler]

    src/app/features/chat/chat.component.ts:10:41:
      10 │ ...ProgressSpinnerModule } from '@angular/material/progress-spinner';
         ╵                                 ~~~~~~~~~~~~~~~~~~~~~~~~~~~~~~~~~~~~


X [ERROR] TS2307: Cannot find module '@angular/material/dialog' or its corresponding type declarations. [plugin angular-compiler]

    src/app/features/chat/chat.component.ts:11:43:
      11 │ ...rt { MatDialog, MatDialogModule } from '@angular/material/dialog';
         ╵                                           ~~~~~~~~~~~~~~~~~~~~~~~~~~


X [ERROR] TS2307: Cannot find module '@angular/router' or its corresponding type declarations. [plugin angular-compiler]

    src/app/features/chat/chat.component.ts:12:31:
      12 │ import { ActivatedRoute } from '@angular/router';
         ╵                                ~~~~~~~~~~~~~~~~~


X [ERROR] TS2307: Cannot find module 'rxjs' or its corresponding type declarations. [plugin angular-compiler]

    src/app/features/chat/chat.component.ts:13:29:
      13 │ import { Subscription } from 'rxjs';
         ╵                              ~~~~~~


X [ERROR] TS2307: Cannot find module 'rxjs/operators' or its corresponding type declarations. [plugin angular-compiler]

    src/app/features/chat/chat.component.ts:14:51:
      14 │ import { debounceTime, distinctUntilChanged } from 'rxjs/operators';
         ╵                                                    ~~~~~~~~~~~~~~~~


X [ERROR] TS7006: Parameter 'c' implicitly has an 'any' type. [plugin angular-compiler]

    src/app/features/chat/chat.component.ts:72:42:
      72 │ ...this.exclusiveClients().filter(c => (c.cliente || '').toLowerCa...
         ╵                                   ^


X [ERROR] TS-992003: No suitable injection token for parameter 'route' of class 'ChatComponent'.
  Consider using the @Inject decorator to specify an injection token. [plugin angular-compiler]

    src/app/features/chat/chat.component.ts:84:12:
      84 │     private route: ActivatedRoute,
         ╵             ~~~~~

  This type does not have a value, so it cannot be used as injection token.

    src/app/features/chat/chat.component.ts:84:19:
      84 │     private route: ActivatedRoute,
         ╵                    ~~~~~~~~~~~~~~


X [ERROR] TS7006: Parameter 'params' implicitly has an 'any' type. [plugin angular-compiler]

    src/app/features/chat/chat.component.ts:99:37:
      99 │     this.route.queryParams.subscribe(params => {
         ╵                                      ~~~~~~


X [ERROR] TS2304: Cannot find name 'parseInt'. [plugin angular-compiler]

    src/app/features/chat/chat.component.ts:100:42:
      100 │ ...itaId = params['visita'] ? parseInt(params['visita'], 10) : null;
          ╵                               ~~~~~~~~


X [ERROR] TS7006: Parameter 'query' implicitly has an 'any' type. [plugin angular-compiler]

    src/app/features/chat/chat.component.ts:109:16:
      109 │     ).subscribe(query => {
          ╵                 ~~~~~


X [ERROR] TS7006: Parameter 'results' implicitly has an 'any' type. [plugin angular-compiler]

    src/app/features/chat/chat.component.ts:113:17:
      113 │           next: (results) => {
          ╵                  ~~~~~~~


X [ERROR] TS7006: Parameter 'data' implicitly has an 'any' type. [plugin angular-compiler]

    src/app/features/chat/chat.component.ts:128:12:
      128 │       next: data => this.exclusiveClients.set(data),
          ╵             ~~~~


X [ERROR] TS7006: Parameter 'data' implicitly has an 'any' type. [plugin angular-compiler]

    src/app/features/chat/chat.component.ts:150:13:
      150 │       next: (data) => this.inbox.set(data),
          ╵              ~~~~


X [ERROR] TS7006: Parameter 'history' implicitly has an 'any' type. [plugin angular-compiler]

    src/app/features/chat/chat.component.ts:201:12:
      201 │       next: history => {
          ╵             ~~~~~~~


X [ERROR] TS2304: Cannot find name 'setTimeout'. [plugin angular-compiler]

    src/app/features/chat/chat.component.ts:203:8:
      203 │         setTimeout(() => this.scrollToBottom(), 50);
          ╵         ~~~~~~~~~~


X [ERROR] TS2339: Property 'toString' does not exist on type 'number'. [plugin angular-compiler]

    src/app/features/chat/chat.component.ts:208:39:
      208 │     const room = kind === 'visit' ? id.toString() : `conv_${id}`;
          ╵                                        ~~~~~~~~


X [ERROR] TS7006: Parameter 'msg' implicitly has an 'any' type. [plugin angular-compiler]

    src/app/features/chat/chat.component.ts:210:13:
      210 │       next: (msg) => {
          ╵              ~~~


X [ERROR] TS7006: Parameter 'ms' implicitly has an 'any' type. [plugin angular-compiler]

    src/app/features/chat/chat.component.ts:211:30:
      211 │         this.messages.update((ms) => [...ms, msg]);
          ╵                               ~~


X [ERROR] TS2304: Cannot find name 'setTimeout'. [plugin angular-compiler]

    src/app/features/chat/chat.component.ts:213:8:
      213 │         setTimeout(() => this.scrollToBottom(), 50);
          ╵         ~~~~~~~~~~


X [ERROR] TS7006: Parameter 'conv' implicitly has an 'any' type. [plugin angular-compiler]

    src/app/features/chat/chat.component.ts:256:32:
      256 │     ref.afterClosed().subscribe(conv => {
          ╵                                 ~~~~


X [ERROR] TS2304: Cannot find name 'Record'. [plugin angular-compiler]

    src/app/features/chat/chat.component.ts:295:15:
      295 │     const map: Record<string, string> = {
          ╵                ~~~~~~


X [ERROR] TS2307: Cannot find module '@angular/core' or its corresponding type declarations. [plugin angular-compiler]

    src/app/features/chat/new-chat-dialog.component.ts:1:60:
      1 │ ...Component, Inject, OnInit, signal, computed } from '@angular/core';
        ╵                                                       ~~~~~~~~~~~~~~~


X [ERROR] TS2307: Cannot find module '@angular/common' or its corresponding type declarations. [plugin angular-compiler]

    src/app/features/chat/new-chat-dialog.component.ts:2:29:
      2 │ import { CommonModule } from '@angular/common';
        ╵                              ~~~~~~~~~~~~~~~~~


X [ERROR] TS2307: Cannot find module '@angular/forms' or its corresponding type declarations. [plugin angular-compiler]

    src/app/features/chat/new-chat-dialog.component.ts:3:28:
      3 │ import { FormsModule } from '@angular/forms';
        ╵                             ~~~~~~~~~~~~~~~~


X [ERROR] TS2307: Cannot find module '@angular/material/dialog' or its corresponding type declarations. [plugin angular-compiler]

    src/app/features/chat/new-chat-dialog.component.ts:4:63:
      4 │ ...e, MatDialogRef, MAT_DIALOG_DATA } from '@angular/material/dialog';
        ╵                                            ~~~~~~~~~~~~~~~~~~~~~~~~~~


X [ERROR] TS2307: Cannot find module '@angular/material/button' or its corresponding type declarations. [plugin angular-compiler]

    src/app/features/chat/new-chat-dialog.component.ts:5:32:
      5 │ import { MatButtonModule } from '@angular/material/button';
        ╵                                 ~~~~~~~~~~~~~~~~~~~~~~~~~~


X [ERROR] TS2307: Cannot find module '@angular/material/icon' or its corresponding type declarations. [plugin angular-compiler]

    src/app/features/chat/new-chat-dialog.component.ts:6:30:
      6 │ import { MatIconModule } from '@angular/material/icon';
        ╵                               ~~~~~~~~~~~~~~~~~~~~~~~~


X [ERROR] TS2307: Cannot find module '@angular/material/progress-spinner' or its corresponding type declarations. [plugin angular-compiler]

    src/app/features/chat/new-chat-dialog.component.ts:7:41:
      7 │ ...tProgressSpinnerModule } from '@angular/material/progress-spinner';
        ╵                                  ~~~~~~~~~~~~~~~~~~~~~~~~~~~~~~~~~~~~


X [ERROR] TS2339: Property 'toLowerCase' does not exist on type 'string'. [plugin angular-compiler]

    src/app/features/chat/new-chat-dialog.component.ts:328:33:
      328 │     const term = this.searchTerm.toLowerCase().trim();
          ╵                                  ~~~~~~~~~~~


X [ERROR] TS7006: Parameter 'a' implicitly has an 'any' type. [plugin angular-compiler]

    src/app/features/chat/new-chat-dialog.component.ts:330:30:
      330 │     return term ? list.filter(a => a.nombre.toLowerCase().include...
          ╵                               ^


X [ERROR] TS2339: Property 'toLowerCase' does not exist on type 'string'. [plugin angular-compiler]

    src/app/features/chat/new-chat-dialog.component.ts:333:33:
      333 │     const term = this.searchTerm.toLowerCase().trim();
          ╵                                  ~~~~~~~~~~~


X [ERROR] TS7006: Parameter 'm' implicitly has an 'any' type. [plugin angular-compiler]

    src/app/features/chat/new-chat-dialog.component.ts:335:30:
      335 │     return term ? list.filter(m => m.nombre.toLowerCase().include...
          ╵                               ^


X [ERROR] TS2339: Property 'toLowerCase' does not exist on type 'string'. [plugin angular-compiler]

    src/app/features/chat/new-chat-dialog.component.ts:338:33:
      338 │     const term = this.searchTerm.toLowerCase().trim();
          ╵                                  ~~~~~~~~~~~


X [ERROR] TS7006: Parameter 'r' implicitly has an 'any' type. [plugin angular-compiler]

    src/app/features/chat/new-chat-dialog.component.ts:340:30:
      340 │     return term ? list.filter(r => r.region.toLowerCase().include...
          ╵                               ^


X [ERROR] TS2339: Property 'toLowerCase' does not exist on type 'string'. [plugin angular-compiler]

    src/app/features/chat/new-chat-dialog.component.ts:343:33:
      343 │     const term = this.searchTerm.toLowerCase().trim();
          ╵                                  ~~~~~~~~~~~


X [ERROR] TS7006: Parameter 'p' implicitly has an 'any' type. [plugin angular-compiler]

    src/app/features/chat/new-chat-dialog.component.ts:345:30:
      345 │     return term ? list.filter(p => p.punto_de_interes.toLowerCase...
          ╵                               ^


X [ERROR] TS-992003: No suitable injection token for parameter 'dialogRef' of class 'NewChatDialogComponent'.
  Consider using the @Inject decorator to specify an injection token. [plugin angular-compiler]

    src/app/features/chat/new-chat-dialog.component.ts:359:12:
      359 │     private dialogRef: MatDialogRef<NewChatDialogComponent>,
          ╵             ~~~~~~~~~

  This type does not have a value, so it cannot be used as injection token.

    src/app/features/chat/new-chat-dialog.component.ts:359:23:
      359 │     private dialogRef: MatDialogRef<NewChatDialogComponent>,
          ╵                        ~~~~~~~~~~~~~~~~~~~~~~~~~~~~~~~~~~~~


X [ERROR] TS7006: Parameter 'r' implicitly has an 'any' type. [plugin angular-compiler]

    src/app/features/chat/new-chat-dialog.component.ts:366:12:
      366 │       next: r => { this.recipients.set(r); this.loading.set(false...
          ╵             ^


X [ERROR] TS7006: Parameter 's' implicitly has an 'any' type. [plugin angular-compiler]

    src/app/features/chat/new-chat-dialog.component.ts:393:42:
      393 │ ...if (this.step() < 3) this.step.update(s => (s + 1) as 1 | 2 | 3);
          ╵                                          ^


X [ERROR] TS7006: Parameter 's' implicitly has an 'any' type. [plugin angular-compiler]

    src/app/features/chat/new-chat-dialog.component.ts:397:42:
      397 │ ...if (this.step() > 1) this.step.update(s => (s - 1) as 1 | 2 | 3);
          ╵                                          ^


X [ERROR] TS2339: Property 'trim' does not exist on type 'string'. [plugin angular-compiler]

    src/app/features/chat/new-chat-dialog.component.ts:414:27:
      414 │     if (this.primerMensaje.trim()) body.primer_mensaje = this.pri...
          ╵                            ~~~~


X [ERROR] TS2339: Property 'trim' does not exist on type 'string'. [plugin angular-compiler]

    src/app/features/chat/new-chat-dialog.component.ts:414:76:
      414 │ ...rMensaje.trim()) body.primer_mensaje = this.primerMensaje.trim();
          ╵                                                              ~~~~


X [ERROR] TS7006: Parameter 'conv' implicitly has an 'any' type. [plugin angular-compiler]

    src/app/features/chat/new-chat-dialog.component.ts:417:12:
      417 │       next: conv => {
          ╵             ~~~~


X [ERROR] TS7006: Parameter 'err' implicitly has an 'any' type. [plugin angular-compiler]

    src/app/features/chat/new-chat-dialog.component.ts:421:13:
      421 │       error: err => {
          ╵              ~~~


X [ERROR] TS2304: Cannot find name 'alert'. [plugin angular-compiler]

    src/app/features/chat/new-chat-dialog.component.ts:424:8:
      424 │         alert(detail);
          ╵         ~~~~~


X [ERROR] TS2307: Cannot find module '@angular/core' or its corresponding type declarations. [plugin angular-compiler]

    src/app/features/client-data/client-data.component.ts:1:53:
      1 │ import { Component, OnInit, ViewChild, signal } from '@angular/core';
        ╵                                                      ~~~~~~~~~~~~~~~


X [ERROR] TS2307: Cannot find module '@angular/common' or its corresponding type declarations. [plugin angular-compiler]

    src/app/features/client-data/client-data.component.ts:2:39:
      2 │ import { CommonModule, DatePipe } from '@angular/common';
        ╵                                        ~~~~~~~~~~~~~~~~~


X [ERROR] TS2307: Cannot find module '@angular/forms' or its corresponding type declarations. [plugin angular-compiler]

    src/app/features/client-data/client-data.component.ts:3:73:
      3 │ ...eactiveFormsModule, FormControl, FormGroup } from '@angular/forms';
        ╵                                                      ~~~~~~~~~~~~~~~~


X [ERROR] TS2307: Cannot find module '@angular/material/card' or its corresponding type declarations. [plugin angular-compiler]

    src/app/features/client-data/client-data.component.ts:4:30:
      4 │ import { MatCardModule } from '@angular/material/card';
        ╵                               ~~~~~~~~~~~~~~~~~~~~~~~~


X [ERROR] TS2307: Cannot find module '@angular/material/table' or its corresponding type declarations. [plugin angular-compiler]

    src/app/features/client-data/client-data.component.ts:5:51:
      5 │ ...atTableModule, MatTableDataSource } from '@angular/material/table';
        ╵                                             ~~~~~~~~~~~~~~~~~~~~~~~~~


X [ERROR] TS2307: Cannot find module '@angular/material/paginator' or its corresponding type declarations. [plugin angular-compiler]

    src/app/features/client-data/client-data.component.ts:6:49:
      6 │ ...Paginator, MatPaginatorModule } from '@angular/material/paginator';
        ╵                                         ~~~~~~~~~~~~~~~~~~~~~~~~~~~~~


X [ERROR] TS2307: Cannot find module '@angular/material/sort' or its corresponding type declarations. [plugin angular-compiler]

    src/app/features/client-data/client-data.component.ts:7:39:
      7 │ import { MatSort, MatSortModule } from '@angular/material/sort';
        ╵                                        ~~~~~~~~~~~~~~~~~~~~~~~~


X [ERROR] TS2307: Cannot find module '@angular/material/button' or its corresponding type declarations. [plugin angular-compiler]

    src/app/features/client-data/client-data.component.ts:8:32:
      8 │ import { MatButtonModule } from '@angular/material/button';
        ╵                                 ~~~~~~~~~~~~~~~~~~~~~~~~~~


X [ERROR] TS2307: Cannot find module '@angular/material/icon' or its corresponding type declarations. [plugin angular-compiler]

    src/app/features/client-data/client-data.component.ts:9:30:
      9 │ import { MatIconModule } from '@angular/material/icon';
        ╵                               ~~~~~~~~~~~~~~~~~~~~~~~~


X [ERROR] TS2307: Cannot find module '@angular/material/select' or its corresponding type declarations. [plugin angular-compiler]

    src/app/features/client-data/client-data.component.ts:10:32:
      10 │ import { MatSelectModule } from '@angular/material/select';
         ╵                                 ~~~~~~~~~~~~~~~~~~~~~~~~~~


X [ERROR] TS2307: Cannot find module '@angular/material/input' or its corresponding type declarations. [plugin angular-compiler]

    src/app/features/client-data/client-data.component.ts:11:31:
      11 │ import { MatInputModule } from '@angular/material/input';
         ╵                                ~~~~~~~~~~~~~~~~~~~~~~~~~


X [ERROR] TS2307: Cannot find module '@angular/material/form-field' or its corresponding type declarations. [plugin angular-compiler]

    src/app/features/client-data/client-data.component.ts:12:35:
      12 │ import { MatFormFieldModule } from '@angular/material/form-field';
         ╵                                    ~~~~~~~~~~~~~~~~~~~~~~~~~~~~~~


X [ERROR] TS2307: Cannot find module '@angular/material/datepicker' or its corresponding type declarations. [plugin angular-compiler]

    src/app/features/client-data/client-data.component.ts:13:36:
      13 │ import { MatDatepickerModule } from '@angular/material/datepicker';
         ╵                                     ~~~~~~~~~~~~~~~~~~~~~~~~~~~~~~


X [ERROR] TS2307: Cannot find module '@angular/material/core' or its corresponding type declarations. [plugin angular-compiler]

    src/app/features/client-data/client-data.component.ts:14:36:
      14 │ import { MatNativeDateModule } from '@angular/material/core';
         ╵                                     ~~~~~~~~~~~~~~~~~~~~~~~~


X [ERROR] TS2307: Cannot find module '@angular/material/progress-spinner' or its corresponding type declarations. [plugin angular-compiler]

    src/app/features/client-data/client-data.component.ts:15:41:
      15 │ ...ProgressSpinnerModule } from '@angular/material/progress-spinner';
         ╵                                 ~~~~~~~~~~~~~~~~~~~~~~~~~~~~~~~~~~~~


X [ERROR] TS2307: Cannot find module '@angular/material/snack-bar' or its corresponding type declarations. [plugin angular-compiler]

    src/app/features/client-data/client-data.component.ts:16:47:
      16 │ ...tSnackBar, MatSnackBarModule } from '@angular/material/snack-bar';
         ╵                                        ~~~~~~~~~~~~~~~~~~~~~~~~~~~~~


X [ERROR] TS2307: Cannot find module 'xlsx' or its corresponding type declarations. [plugin angular-compiler]

    src/app/features/client-data/client-data.component.ts:17:22:
      17 │ import * as XLSX from 'xlsx';
         ╵                       ~~~~~~


X [ERROR] TS2304: Cannot find name 'Date'. [plugin angular-compiler]

    src/app/features/client-data/client-data.component.ts:62:34:
      62 │     fecha_inicio: new FormControl<Date | null>(null),
         ╵                                   ~~~~


X [ERROR] TS2304: Cannot find name 'Date'. [plugin angular-compiler]

    src/app/features/client-data/client-data.component.ts:63:31:
      63 │     fecha_fin: new FormControl<Date | null>(null),
         ╵                                ~~~~


X [ERROR] TS-992003: No suitable injection token for parameter 'datePipe' of class 'ClientDataComponent'.
  Consider using the @Inject decorator to specify an injection token. [plugin angular-compiler]

    src/app/features/client-data/client-data.component.ts:80:47:
      80 │ ...te api: ApiService, private datePipe: DatePipe, private snack: ...
         ╵                                ~~~~~~~~

  This type does not have a value, so it cannot be used as injection token.

    src/app/features/client-data/client-data.component.ts:80:57:
      80 │ ...iService, private datePipe: DatePipe, private snack: MatSnackBa...
         ╵                                ~~~~~~~~


X [ERROR] TS2304: Cannot find name 'Date'. [plugin angular-compiler]

    src/app/features/client-data/client-data.component.ts:84:24:
      84 │     const endDate = new Date();
         ╵                         ~~~~


X [ERROR] TS2304: Cannot find name 'Date'. [plugin angular-compiler]

    src/app/features/client-data/client-data.component.ts:85:26:
      85 │     const startDate = new Date();
         ╵                           ~~~~


X [ERROR] TS7006: Parameter 'data' implicitly has an 'any' type. [plugin angular-compiler]

    src/app/features/client-data/client-data.component.ts:99:13:
      99 │       next: (data) => {
         ╵              ~~~~


X [ERROR] TS7006: Parameter 'data' implicitly has an 'any' type. [plugin angular-compiler]

    src/app/features/client-data/client-data.component.ts:120:13:
      120 │       next: (data) => {
          ╵              ~~~~


X [ERROR] TS2304: Cannot find name 'Date'. [plugin angular-compiler]

    src/app/features/client-data/client-data.component.ts:137:24:
      137 │     const endDate = new Date();
          ╵                         ~~~~


X [ERROR] TS2304: Cannot find name 'Date'. [plugin angular-compiler]

    src/app/features/client-data/client-data.component.ts:138:26:
      138 │     const startDate = new Date();
          ╵                           ~~~~


X [ERROR] TS2583: Cannot find name 'Map'. Do you need to change your target library? Try changing the 'lib' compiler option to 'es2015' or later. [plugin angular-compiler]

    src/app/features/client-data/client-data.component.ts:156:20:
      156 │     const map = new Map<any, any>();
          ╵                     ~~~


X [ERROR] TS2304: Cannot find name 'Number'. [plugin angular-compiler]

    src/app/features/client-data/client-data.component.ts:185:19:
      185 │       inv_inicial: Number(it.inv_inicial) || 0,
          ╵                    ~~~~~~


X [ERROR] TS2304: Cannot find name 'Number'. [plugin angular-compiler]

    src/app/features/client-data/client-data.component.ts:186:17:
      186 │       inv_final: Number(it.inv_final) || 0,
          ╵                  ~~~~~~


X [ERROR] TS2304: Cannot find name 'Number'. [plugin angular-compiler]

    src/app/features/client-data/client-data.component.ts:187:20:
      187 │       inv_deposito: Number(it.inv_deposito) || 0,
          ╵                     ~~~~~~


X [ERROR] TS2304: Cannot find name 'Number'. [plugin angular-compiler]

    src/app/features/client-data/client-data.component.ts:188:13:
      188 │       caras: Number(it.caras) || 0,
          ╵              ~~~~~~


X [ERROR] TS2304: Cannot find name 'Number'. [plugin angular-compiler]

    src/app/features/client-data/client-data.component.ts:189:17:
      189 │       precio_bs: Number(it.precio_bs) || 0,
          ╵                  ~~~~~~


X [ERROR] TS2304: Cannot find name 'Number'. [plugin angular-compiler]

    src/app/features/client-data/client-data.component.ts:190:17:
      190 │       precio_ds: Number(it.precio_ds) || 0,
          ╵                  ~~~~~~


X [ERROR] TS2304: Cannot find name 'Date'. [plugin angular-compiler]

    src/app/features/client-data/client-data.component.ts:213:76:
      213 │ ...}_${this.datePipe.transform(new Date(), 'yyyyMMdd_HHmm')}.xlsx`);
          ╵                                    ~~~~


X [ERROR] TS7006: Parameter 'item' implicitly has an 'any' type. [plugin angular-compiler]

    src/app/features/client-data/client-data.component.ts:218:50:
      218 │     const dataToExport = this.dataSource.data.map(item => ({
          ╵                                                   ~~~~


X [ERROR] TS2304: Cannot find name 'Date'. [plugin angular-compiler]

    src/app/features/client-data/client-data.component.ts:237:68:
      237 │ ...s_${this.datePipe.transform(new Date(), 'yyyyMMdd_HHmm')}.xlsx`);
          ╵                                    ~~~~


X [ERROR] TS2307: Cannot find module '@angular/core' or its corresponding type declarations. [plugin angular-compiler]

    src/app/features/client-photos/client-photos.component.ts:1:81:
      1 │ ...gnal, computed, EventEmitter, Output, Input } from '@angular/core';
        ╵                                                       ~~~~~~~~~~~~~~~


X [ERROR] TS2307: Cannot find module '@angular/common' or its corresponding type declarations. [plugin angular-compiler]

    src/app/features/client-photos/client-photos.component.ts:2:29:
      2 │ import { CommonModule } from '@angular/common';
        ╵                              ~~~~~~~~~~~~~~~~~


X [ERROR] TS2307: Cannot find module '@angular/forms' or its corresponding type declarations. [plugin angular-compiler]

    src/app/features/client-photos/client-photos.component.ts:3:28:
      3 │ import { FormsModule } from '@angular/forms';
        ╵                             ~~~~~~~~~~~~~~~~


X [ERROR] TS2307: Cannot find module '@angular/material/card' or its corresponding type declarations. [plugin angular-compiler]

    src/app/features/client-photos/client-photos.component.ts:4:30:
      4 │ import { MatCardModule } from '@angular/material/card';
        ╵                               ~~~~~~~~~~~~~~~~~~~~~~~~


X [ERROR] TS2307: Cannot find module '@angular/material/button' or its corresponding type declarations. [plugin angular-compiler]

    src/app/features/client-photos/client-photos.component.ts:5:32:
      5 │ import { MatButtonModule } from '@angular/material/button';
        ╵                                 ~~~~~~~~~~~~~~~~~~~~~~~~~~


X [ERROR] TS2307: Cannot find module '@angular/material/icon' or its corresponding type declarations. [plugin angular-compiler]

    src/app/features/client-photos/client-photos.component.ts:6:30:
      6 │ import { MatIconModule } from '@angular/material/icon';
        ╵                               ~~~~~~~~~~~~~~~~~~~~~~~~


X [ERROR] TS2307: Cannot find module '@angular/material/progress-spinner' or its corresponding type declarations. [plugin angular-compiler]

    src/app/features/client-photos/client-photos.component.ts:7:41:
      7 │ ...tProgressSpinnerModule } from '@angular/material/progress-spinner';
        ╵                                  ~~~~~~~~~~~~~~~~~~~~~~~~~~~~~~~~~~~~


X [ERROR] TS2307: Cannot find module '@angular/material/expansion' or its corresponding type declarations. [plugin angular-compiler]

    src/app/features/client-photos/client-photos.component.ts:8:35:
      8 │ import { MatExpansionModule } from '@angular/material/expansion';
        ╵                                    ~~~~~~~~~~~~~~~~~~~~~~~~~~~~~


X [ERROR] TS2307: Cannot find module '@angular/material/form-field' or its corresponding type declarations. [plugin angular-compiler]

    src/app/features/client-photos/client-photos.component.ts:9:35:
      9 │ import { MatFormFieldModule } from '@angular/material/form-field';
        ╵                                    ~~~~~~~~~~~~~~~~~~~~~~~~~~~~~~


X [ERROR] TS2307: Cannot find module '@angular/material/input' or its corresponding type declarations. [plugin angular-compiler]

    src/app/features/client-photos/client-photos.component.ts:10:31:
      10 │ import { MatInputModule } from '@angular/material/input';
         ╵                                ~~~~~~~~~~~~~~~~~~~~~~~~~


X [ERROR] TS2307: Cannot find module '@angular/material/chips' or its corresponding type declarations. [plugin angular-compiler]

    src/app/features/client-photos/client-photos.component.ts:11:31:
      11 │ import { MatChipsModule } from '@angular/material/chips';
         ╵                                ~~~~~~~~~~~~~~~~~~~~~~~~~


X [ERROR] TS2307: Cannot find module '@angular/material/tooltip' or its corresponding type declarations. [plugin angular-compiler]

    src/app/features/client-photos/client-photos.component.ts:12:33:
      12 │ import { MatTooltipModule } from '@angular/material/tooltip';
         ╵                                  ~~~~~~~~~~~~~~~~~~~~~~~~~~~


X [ERROR] TS2307: Cannot find module '@angular/material/dialog' or its corresponding type declarations. [plugin angular-compiler]

    src/app/features/client-photos/client-photos.component.ts:13:74:
      13 │ ..., MatDialogRef, MAT_DIALOG_DATA } from '@angular/material/dialog';
         ╵                                           ~~~~~~~~~~~~~~~~~~~~~~~~~~


X [ERROR] TS2307: Cannot find module '@angular/material/checkbox' or its corresponding type declarations. [plugin angular-compiler]

    src/app/features/client-photos/client-photos.component.ts:14:34:
      14 │ import { MatCheckboxModule } from '@angular/material/checkbox';
         ╵                                   ~~~~~~~~~~~~~~~~~~~~~~~~~~~~


X [ERROR] TS2307: Cannot find module '@angular/router' or its corresponding type declarations. [plugin angular-compiler]

    src/app/features/client-photos/client-photos.component.ts:19:23:
      19 │ import { Router } from '@angular/router';
         ╵                        ~~~~~~~~~~~~~~~~~


X [ERROR] TS2304: Cannot find name 'Record'. [plugin angular-compiler]

    src/app/features/client-photos/client-photos.component.ts:28:21:
      28 │ const REGION_EMOJIS: Record<string, string> = {
         ╵                      ~~~~~~


X [ERROR] TS2304: Cannot find name 'Record'. [plugin angular-compiler]

    src/app/features/client-photos/client-photos.component.ts:32:21:
      32 │ const REGION_COLORS: Record<string, string> = {
         ╵                      ~~~~~~


X [ERROR] TS2304: Cannot find name 'Record'. [plugin angular-compiler]

    src/app/features/client-photos/client-photos.component.ts:38:24:
      38 │ const TIPO_FOTO_CONFIG: Record<number, { icon: string; color: stri...
         ╵                         ~~~~~~


X [ERROR] TS-991010: 'imports' must be an array of components, directives, pipes, or NgModules.
  Value is of type '[(not statically analyzable), (not statically analyzable), (not statically analyzable), (not statically analyzable), (not statically analyzable), (not statically analyzable)]'. [plugin angular-compiler]

    src/app/features/client-photos/client-photos.component.ts:52:11:
      52 │   imports: [CommonModule, FormsModule, MatButtonModule, MatIconMod...
         ╵            ~~~~~~~~~~~~~~~~~~~~~~~~~~~~~~~~~~~~~~~~~~~~~~~~~~~~~~~


X [ERROR] TS-991010: 'imports' must be an array of components, directives, pipes, or NgModules.
  Value is of type '[(not statically analyzable), (not statically analyzable), (not statically analyzable), (not statically analyzable), (not statically analyzable), (not statically analyzable)]'. [plugin angular-compiler]

    src/app/features/client-photos/client-photos.component.ts:52:11:
      52 │   imports: [CommonModule, FormsModule, MatButtonModule, MatIconMod...
         ╵            ~~~~~~~~~~~~~~~~~~~~~~~~~~~~~~~~~~~~~~~~~~~~~~~~~~~~~~~


X [ERROR] TS-991010: 'imports' must be an array of components, directives, pipes, or NgModules.
  Value is of type '[(not statically analyzable), (not statically analyzable), (not statically analyzable), (not statically analyzable), (not statically analyzable), (not statically analyzable)]'. [plugin angular-compiler]

    src/app/features/client-photos/client-photos.component.ts:52:11:
      52 │   imports: [CommonModule, FormsModule, MatButtonModule, MatIconMod...
         ╵            ~~~~~~~~~~~~~~~~~~~~~~~~~~~~~~~~~~~~~~~~~~~~~~~~~~~~~~~


X [ERROR] TS-991010: 'imports' must be an array of components, directives, pipes, or NgModules.
  Value is of type '[(not statically analyzable), (not statically analyzable), (not statically analyzable), (not statically analyzable), (not statically analyzable), (not statically analyzable)]'. [plugin angular-compiler]

    src/app/features/client-photos/client-photos.component.ts:52:11:
      52 │   imports: [CommonModule, FormsModule, MatButtonModule, MatIconMod...
         ╵            ~~~~~~~~~~~~~~~~~~~~~~~~~~~~~~~~~~~~~~~~~~~~~~~~~~~~~~~


X [ERROR] TS-991010: 'imports' must be an array of components, directives, pipes, or NgModules.
  Value is of type '[(not statically analyzable), (not statically analyzable), (not statically analyzable), (not statically analyzable), (not statically analyzable), (not statically analyzable)]'. [plugin angular-compiler]

    src/app/features/client-photos/client-photos.component.ts:52:11:
      52 │   imports: [CommonModule, FormsModule, MatButtonModule, MatIconMod...
         ╵            ~~~~~~~~~~~~~~~~~~~~~~~~~~~~~~~~~~~~~~~~~~~~~~~~~~~~~~~


X [ERROR] TS-991010: 'imports' must be an array of components, directives, pipes, or NgModules.
  Value is of type '[(not statically analyzable), (not statically analyzable), (not statically analyzable), (not statically analyzable), (not statically analyzable), (not statically analyzable)]'. [plugin angular-compiler]

    src/app/features/client-photos/client-photos.component.ts:52:11:
      52 │   imports: [CommonModule, FormsModule, MatButtonModule, MatIconMod...
         ╵            ~~~~~~~~~~~~~~~~~~~~~~~~~~~~~~~~~~~~~~~~~~~~~~~~~~~~~~~


X [ERROR] TS2304: Cannot find name 'Record'. [plugin angular-compiler]

    src/app/features/client-photos/client-photos.component.ts:283:7:
      283 │   } as Record<MotivoKey, boolean>;
          ╵        ~~~~~~


X [ERROR] TS2304: Cannot find name 'Object'. [plugin angular-compiler]

    src/app/features/client-photos/client-photos.component.ts:299:11:
      299 │     return Object.values(this.motivos).filter(Boolean).length;
          ╵            ~~~~~~


X [ERROR] TS2304: Cannot find name 'Boolean'. [plugin angular-compiler]

    src/app/features/client-photos/client-photos.component.ts:299:46:
      299 │     return Object.values(this.motivos).filter(Boolean).length;
          ╵                                               ~~~~~~~


X [ERROR] TS2339: Property 'trim' does not exist on type 'string'. [plugin angular-compiler]

    src/app/features/client-photos/client-photos.component.ts:303:55:
      303 │ ...rn this.countSelected() > 0 || this.comentario.trim().length > 0;
          ╵                                                   ~~~~


X [ERROR] TS2339: Property 'push' does not exist on type '{}'. [plugin angular-compiler]

    src/app/features/client-photos/client-photos.component.ts:308:47:
      308 │     if (this.motivos.resolucion) seleccionados.push('Resolución');
          ╵                                                ~~~~


X [ERROR] TS2339: Property 'push' does not exist on type '{}'. [plugin angular-compiler]

    src/app/features/client-photos/client-photos.component.ts:309:48:
      309 │ ....motivos.orientacion) seleccionados.push('Orientación de Foto');
          ╵                                        ~~~~


X [ERROR] TS2339: Property 'push' does not exist on type '{}'. [plugin angular-compiler]

    src/app/features/client-photos/client-photos.component.ts:310:47:
      310 │ ...os.planograma) seleccionados.push('Incumplimiento de Planogram...
          ╵                                 ~~~~


X [ERROR] TS2339: Property 'push' does not exist on type '{}'. [plugin angular-compiler]

    src/app/features/client-photos/client-photos.component.ts:311:43:
      311 │ ...otivos.precio) seleccionados.push('Falta Información de Preci...
          ╵                                 ~~~~


X [ERROR] TS2339: Property 'push' does not exist on type '{}'. [plugin angular-compiler]

    src/app/features/client-photos/client-photos.component.ts:312:40:
      312 │     if (this.motivos.pop) seleccionados.push('Falta Material POP');
          ╵                                         ~~~~


X [ERROR] TS2339: Property 'join' does not exist on type '{}'. [plugin angular-compiler]

    src/app/features/client-photos/client-photos.component.ts:314:37:
      314 │     let stringMotivo = seleccionados.join(', ');
          ╵                                      ~~~~


X [ERROR] TS2339: Property 'trim' does not exist on type 'string'. [plugin angular-compiler]

    src/app/features/client-photos/client-photos.component.ts:315:24:
      315 │     if (this.comentario.trim()) {
          ╵                         ~~~~


X [ERROR] TS2339: Property 'trim' does not exist on type 'string'. [plugin angular-compiler]

    src/app/features/client-photos/client-photos.component.ts:316:73:
      316 │ ...ingMotivo} - ${this.comentario.trim()}` : this.comentario.trim();
          ╵                                   ~~~~


X [ERROR] TS2339: Property 'trim' does not exist on type 'string'. [plugin angular-compiler]

    src/app/features/client-photos/client-photos.component.ts:316:100:
      316 │ ...ingMotivo} - ${this.comentario.trim()}` : this.comentario.trim();
          ╵                                                              ~~~~


X [ERROR] TS7006: Parameter 'c' implicitly has an 'any' type. [plugin angular-compiler]

    src/app/features/client-photos/client-photos.component.ts:348:42:
      348 │     return this.exclusiveClients().filter(c =>
          ╵                                           ^


X [ERROR] TS7006: Parameter 'p' implicitly has an 'any' type. [plugin angular-compiler]

    src/app/features/client-photos/client-photos.component.ts:370:32:
      370 │     return this.points().filter(p => {
          ╵                                 ^


X [ERROR] TS-992003: No suitable injection token for parameter 'router' of class 'ClientPhotosComponent'.
  Consider using the @Inject decorator to specify an injection token. [plugin angular-compiler]

    src/app/features/client-photos/client-photos.component.ts:397:12:
      397 │     private router: Router,
          ╵             ~~~~~~

  This type does not have a value, so it cannot be used as injection token.

    src/app/features/client-photos/client-photos.component.ts:397:20:
      397 │     private router: Router,
          ╵                     ~~~~~~


X [ERROR] TS7006: Parameter 'data' implicitly has an 'any' type. [plugin angular-compiler]

    src/app/features/client-photos/client-photos.component.ts:420:12:
      420 │       next: data => { this.exclusiveClients.set(data); this.loadi...
          ╵             ~~~~


X [ERROR] TS7006: Parameter 'data' implicitly has an 'any' type. [plugin angular-compiler]

    src/app/features/client-photos/client-photos.component.ts:443:12:
      443 │       next: data => { this.regions.set(data); this.loading.set(fa...
          ╵             ~~~~


X [ERROR] TS7006: Parameter 'data' implicitly has an 'any' type. [plugin angular-compiler]

    src/app/features/client-photos/client-photos.component.ts:454:12:
      454 │       next: data => { this.chains.set(data); this.loading.set(fal...
          ╵             ~~~~


X [ERROR] TS7006: Parameter 'data' implicitly has an 'any' type. [plugin angular-compiler]

    src/app/features/client-photos/client-photos.component.ts:468:12:
      468 │       next: data => { this.points.set(data); this.loading.set(fal...
          ╵             ~~~~


X [ERROR] TS7006: Parameter 'data' implicitly has an 'any' type. [plugin angular-compiler]

    src/app/features/client-photos/client-photos.component.ts:478:12:
      478 │       next: data => {
          ╵             ~~~~


X [ERROR] TS7006: Parameter 'v' implicitly has an 'any' type. [plugin angular-compiler]

    src/app/features/client-photos/client-photos.component.ts:479:21:
      479 │         data.forEach(v => {
          ╵                      ^


X [ERROR] TS2339: Property 'reduce' does not exist on type '{}'. [plugin angular-compiler]

    src/app/features/client-photos/client-photos.component.ts:480:52:
      480 │ ...= this.getAllTipos(v.fotos).reduce((acc, curr) => acc + curr.c...
          ╵                                ~~~~~~


X [ERROR] TS7006: Parameter 'acc' implicitly has an 'any' type. [plugin angular-compiler]

    src/app/features/client-photos/client-photos.component.ts:480:60:
      480 │ ....getAllTipos(v.fotos).reduce((acc, curr) => acc + curr.count, 0);
          ╵                                  ~~~


X [ERROR] TS7006: Parameter 'curr' implicitly has an 'any' type. [plugin angular-compiler]

    src/app/features/client-photos/client-photos.component.ts:480:65:
      480 │ ....getAllTipos(v.fotos).reduce((acc, curr) => acc + curr.count, 0);
          ╵                                       ~~~~


X [ERROR] TS7006: Parameter 'v' implicitly has an 'any' type. [plugin angular-compiler]

    src/app/features/client-photos/client-photos.component.ts:483:37:
      483 │         const conFotos = data.filter(v => v.total_fotos > 0);
          ╵                                      ^


X [ERROR] TS2339: Property 'push' does not exist on type '{}'. [plugin angular-compiler]

    src/app/features/client-photos/client-photos.component.ts:511:23:
      511 │     if (region) crumbs.push(region);
          ╵                        ~~~~


X [ERROR] TS2339: Property 'push' does not exist on type '{}'. [plugin angular-compiler]

    src/app/features/client-photos/client-photos.component.ts:513:13:
      513 │       crumbs.push(chain || 'Todos');
          ╵              ~~~~


X [ERROR] TS2339: Property 'push' does not exist on type '{}'. [plugin angular-compiler]

    src/app/features/client-photos/client-photos.component.ts:516:13:
      516 │       crumbs.push(point.punto_de_interes);
          ╵              ~~~~


X [ERROR] TS2339: Property 'toLowerCase' does not exist on type 'string'. [plugin angular-compiler]

    src/app/features/client-photos/client-photos.component.ts:523:30:
      523 │ ...const normalized = region.toLowerCase().normalize('NFD').repla...
          ╵                              ~~~~~~~~~~~


X [ERROR] TS2304: Cannot find name 'Object'. [plugin angular-compiler]

    src/app/features/client-photos/client-photos.component.ts:524:31:
      524 │     for (const [key, emoji] of Object.entries(REGION_EMOJIS)) {
          ╵                                ~~~~~~


X [ERROR] TS2339: Property 'toLowerCase' does not exist on type 'string'. [plugin angular-compiler]

    src/app/features/client-photos/client-photos.component.ts:531:30:
      531 │ ...const normalized = region.toLowerCase().normalize('NFD').repla...
          ╵                              ~~~~~~~~~~~


X [ERROR] TS2304: Cannot find name 'Object'. [plugin angular-compiler]

    src/app/features/client-photos/client-photos.component.ts:532:31:
      532 │     for (const [key, color] of Object.entries(REGION_COLORS)) {
          ╵                                ~~~~~~


X [ERROR] TS2304: Cannot find name 'Record'. [plugin angular-compiler]

    src/app/features/client-photos/client-photos.component.ts:543:18:
      543 │     const groups: Record<number, PhotoItem[]> = {};
          ╵                   ~~~~~~


X [ERROR] TS2488: Type '{}' must have a '[Symbol.iterator]()' method that returns an iterator. [plugin angular-compiler]

    src/app/features/client-photos/client-photos.component.ts:544:20:
      544 │     for (const f of fotos) {
          ╵                     ~~~~~


X [ERROR] TS2339: Property 'filter' does not exist on type '{}'. [plugin angular-compiler]

    src/app/features/client-photos/client-photos.component.ts:550:7:
      550 │       .filter(t => groups[t])
          ╵        ~~~~~~


X [ERROR] TS7006: Parameter 't' implicitly has an 'any' type. [plugin angular-compiler]

    src/app/features/client-photos/client-photos.component.ts:550:14:
      550 │       .filter(t => groups[t])
          ╵               ^


X [ERROR] TS7006: Parameter 't' implicitly has an 'any' type. [plugin angular-compiler]

    src/app/features/client-photos/client-photos.component.ts:551:11:
      551 │       .map(t => ({ tipo: t, nombre: groups[t][0]?.tipo_nombre || ...
          ╵            ^


X [ERROR] TS2304: Cannot find name 'Record'. [plugin angular-compiler]

    src/app/features/client-photos/client-photos.component.ts:562:19:
      562 │     const grouped: Record<number, PhotoItem[]> = {};
          ╵                    ~~~~~~


X [ERROR] TS2488: Type '{}' must have a '[Symbol.iterator]()' method that returns an iterator. [plugin angular-compiler]

    src/app/features/client-photos/client-photos.component.ts:564:20:
      564 │     for (const f of fotos) {
          ╵                     ~~~~~


X [ERROR] TS2339: Property 'map' does not exist on type '{}'. [plugin angular-compiler]

    src/app/features/client-photos/client-photos.component.ts:569:21:
      569 │     return ALL_TIPOS.map(t => ({
          ╵                      ~~~


X [ERROR] TS7006: Parameter 't' implicitly has an 'any' type. [plugin angular-compiler]

    src/app/features/client-photos/client-photos.component.ts:569:25:
      569 │     return ALL_TIPOS.map(t => ({
          ╵                          ^


X [ERROR] TS2339: Property 'length' does not exist on type '{}'. [plugin angular-compiler]

    src/app/features/client-photos/client-photos.component.ts:578:24:
      578 │     if (!fotos || fotos.length === 0) return;
          ╵                         ~~~~~~


X [ERROR] TS7006: Parameter 'v' implicitly has an 'any' type. [plugin angular-compiler]

    src/app/features/client-photos/client-photos.component.ts:624:30:
      624 │     this.dashboardOpen.update(v => !v);
          ╵                               ^


X [ERROR] TS7006: Parameter 'p' implicitly has an 'any' type. [plugin angular-compiler]

    src/app/features/client-photos/client-photos.component.ts:628:40:
      628 │     return this.filteredPoints().filter(p => p.cadena === cadena);
          ╵                                         ^


X [ERROR] TS2307: Cannot find module '@angular/core' or its corresponding type declarations. [plugin angular-compiler]

    src/app/features/client-visits/client-visits.component.ts:1:52:
      1 │ import { Component, OnInit, signal, computed } from '@angular/core';
        ╵                                                     ~~~~~~~~~~~~~~~


X [ERROR] TS2307: Cannot find module '@angular/common' or its corresponding type declarations. [plugin angular-compiler]

    src/app/features/client-visits/client-visits.component.ts:2:29:
      2 │ import { CommonModule } from '@angular/common';
        ╵                              ~~~~~~~~~~~~~~~~~


X [ERROR] TS2307: Cannot find module '@angular/forms' or its corresponding type declarations. [plugin angular-compiler]

    src/app/features/client-visits/client-visits.component.ts:3:28:
      3 │ import { FormsModule } from '@angular/forms';
        ╵                             ~~~~~~~~~~~~~~~~


X [ERROR] TS2307: Cannot find module '@angular/material/select' or its corresponding type declarations. [plugin angular-compiler]

    src/app/features/client-visits/client-visits.component.ts:4:32:
      4 │ import { MatSelectModule } from '@angular/material/select';
        ╵                                 ~~~~~~~~~~~~~~~~~~~~~~~~~~


X [ERROR] TS2307: Cannot find module '@angular/material/form-field' or its corresponding type declarations. [plugin angular-compiler]

    src/app/features/client-visits/client-visits.component.ts:5:35:
      5 │ import { MatFormFieldModule } from '@angular/material/form-field';
        ╵                                    ~~~~~~~~~~~~~~~~~~~~~~~~~~~~~~


X [ERROR] TS2307: Cannot find module '@angular/material/input' or its corresponding type declarations. [plugin angular-compiler]

    src/app/features/client-visits/client-visits.component.ts:6:31:
      6 │ import { MatInputModule } from '@angular/material/input';
        ╵                                ~~~~~~~~~~~~~~~~~~~~~~~~~


X [ERROR] TS2307: Cannot find module '@angular/material/button' or its corresponding type declarations. [plugin angular-compiler]

    src/app/features/client-visits/client-visits.component.ts:7:32:
      7 │ import { MatButtonModule } from '@angular/material/button';
        ╵                                 ~~~~~~~~~~~~~~~~~~~~~~~~~~


X [ERROR] TS2307: Cannot find module '@angular/material/icon' or its corresponding type declarations. [plugin angular-compiler]

    src/app/features/client-visits/client-visits.component.ts:8:30:
      8 │ import { MatIconModule } from '@angular/material/icon';
        ╵                               ~~~~~~~~~~~~~~~~~~~~~~~~


X [ERROR] TS2307: Cannot find module '@angular/material/progress-spinner' or its corresponding type declarations. [plugin angular-compiler]

    src/app/features/client-visits/client-visits.component.ts:9:41:
      9 │ ...tProgressSpinnerModule } from '@angular/material/progress-spinner';
        ╵                                  ~~~~~~~~~~~~~~~~~~~~~~~~~~~~~~~~~~~~


X [ERROR] TS-991010: 'imports' must be an array of components, directives, pipes, or NgModules.
  Value is of type '[(not statically analyzable), (not statically analyzable), (not statically analyzable), (not statically analyzable), (not statically analyzable), (not statically analyzable), (not statically analyzable), (not statically analyzable), SearchableSelectComponent, PhotoLightboxComponent]'. [plugin angular-compiler]

    src/app/features/client-visits/client-visits.component.ts:57:11:
      57 │   imports: [
         ╵            ^


X [ERROR] TS-991010: 'imports' must be an array of components, directives, pipes, or NgModules.
  Value is of type '[(not statically analyzable), (not statically analyzable), (not statically analyzable), (not statically analyzable), (not statically analyzable), (not statically analyzable), (not statically analyzable), (not statically analyzable), SearchableSelectComponent, PhotoLightboxComponent]'. [plugin angular-compiler]

    src/app/features/client-visits/client-visits.component.ts:57:11:
      57 │   imports: [
         ╵            ^


X [ERROR] TS-991010: 'imports' must be an array of components, directives, pipes, or NgModules.
  Value is of type '[(not statically analyzable), (not statically analyzable), (not statically analyzable), (not statically analyzable), (not statically analyzable), (not statically analyzable), (not statically analyzable), (not statically analyzable), SearchableSelectComponent, PhotoLightboxComponent]'. [plugin angular-compiler]

    src/app/features/client-visits/client-visits.component.ts:57:11:
      57 │   imports: [
         ╵            ^


X [ERROR] TS-991010: 'imports' must be an array of components, directives, pipes, or NgModules.
  Value is of type '[(not statically analyzable), (not statically analyzable), (not statically analyzable), (not statically analyzable), (not statically analyzable), (not statically analyzable), (not statically analyzable), (not statically analyzable), SearchableSelectComponent, PhotoLightboxComponent]'. [plugin angular-compiler]

    src/app/features/client-visits/client-visits.component.ts:57:11:
      57 │   imports: [
         ╵            ^


X [ERROR] TS-991010: 'imports' must be an array of components, directives, pipes, or NgModules.
  Value is of type '[(not statically analyzable), (not statically analyzable), (not statically analyzable), (not statically analyzable), (not statically analyzable), (not statically analyzable), (not statically analyzable), (not statically analyzable), SearchableSelectComponent, PhotoLightboxComponent]'. [plugin angular-compiler]

    src/app/features/client-visits/client-visits.component.ts:57:11:
      57 │   imports: [
         ╵            ^


X [ERROR] TS-991010: 'imports' must be an array of components, directives, pipes, or NgModules.
  Value is of type '[(not statically analyzable), (not statically analyzable), (not statically analyzable), (not statically analyzable), (not statically analyzable), (not statically analyzable), (not statically analyzable), (not statically analyzable), SearchableSelectComponent, PhotoLightboxComponent]'. [plugin angular-compiler]

    src/app/features/client-visits/client-visits.component.ts:57:11:
      57 │   imports: [
         ╵            ^


X [ERROR] TS-991010: 'imports' must be an array of components, directives, pipes, or NgModules.
  Value is of type '[(not statically analyzable), (not statically analyzable), (not statically analyzable), (not statically analyzable), (not statically analyzable), (not statically analyzable), (not statically analyzable), (not statically analyzable), SearchableSelectComponent, PhotoLightboxComponent]'. [plugin angular-compiler]

    src/app/features/client-visits/client-visits.component.ts:57:11:
      57 │   imports: [
         ╵            ^


X [ERROR] TS-991010: 'imports' must be an array of components, directives, pipes, or NgModules.
  Value is of type '[(not statically analyzable), (not statically analyzable), (not statically analyzable), (not statically analyzable), (not statically analyzable), (not statically analyzable), (not statically analyzable), (not statically analyzable), SearchableSelectComponent, PhotoLightboxComponent]'. [plugin angular-compiler]

    src/app/features/client-visits/client-visits.component.ts:57:11:
      57 │   imports: [
         ╵            ^


X [ERROR] TS7006: Parameter 'c' implicitly has an 'any' type. [plugin angular-compiler]

    src/app/features/client-visits/client-visits.component.ts:86:42:
      86 │ ...this.exclusiveClients().filter(c => (c.cliente || '').toLowerCa...
         ╵                                   ^


X [ERROR] TS7006: Parameter 'f' implicitly has an 'any' type. [plugin angular-compiler]

    src/app/features/client-visits/client-visits.component.ts:114:29:
      114 │     this.carouselFotos().map(f => ({ ...f, url: f.file_path }))
          ╵                              ^


X [ERROR] TS7006: Parameter 'data' implicitly has an 'any' type. [plugin angular-compiler]

    src/app/features/client-visits/client-visits.component.ts:144:12:
      144 │       next: data => { this.exclusiveClients.set(data); this.loadi...
          ╵             ~~~~


X [ERROR] TS2304: Cannot find name 'Date'. [plugin angular-compiler]

    src/app/features/client-visits/client-visits.component.ts:163:18:
      163 │     const d = new Date();
          ╵                   ~~~~


X [ERROR] TS7006: Parameter 'err' implicitly has an 'any' type. [plugin angular-compiler]

    src/app/features/client-visits/client-visits.component.ts:207:14:
      207 │       error: (err) => {
          ╵               ~~~


X [ERROR] TS7006: Parameter 'r' implicitly has an 'any' type. [plugin angular-compiler]

    src/app/features/client-visits/client-visits.component.ts:250:43:
      250 │ ....filtrosDisponibles().regiones.map(r => ({ value: r, label: r }))
          ╵                                       ^


X [ERROR] TS7006: Parameter 'c' implicitly has an 'any' type. [plugin angular-compiler]

    src/app/features/client-visits/client-visits.component.ts:253:42:
      253 │ ...s.filtrosDisponibles().cadenas.map(c => ({ value: c, label: c }))
          ╵                                       ^


X [ERROR] TS7006: Parameter 'p' implicitly has an 'any' type. [plugin angular-compiler]

    src/app/features/client-visits/client-visits.component.ts:256:41:
      256 │ ...iltrosDisponibles().puntos.map(p => ({ value: p.id, label: p.n...
          ╵                                   ^


X [ERROR] TS7006: Parameter 'v' implicitly has an 'any' type. [plugin angular-compiler]

    src/app/features/client-visits/client-visits.component.ts:263:36:
      263 │ ...onst index = current.findIndex(v => v.id_visita === visita.id_...
          ╵                                   ^


X [ERROR] TS7053: Element implicitly has an 'any' type because expression of type 'any' can't be used to index type '{}'. [plugin angular-compiler]

    src/app/features/client-visits/client-visits.component.ts:266:6:
      266 │       newVisitas[index] = { ...newVisitas[index], expanded: !newV...
          ╵       ~~~~~~~~~~~~~~~~~


X [ERROR] TS7053: Element implicitly has an 'any' type because expression of type 'any' can't be used to index type '{}'. [plugin angular-compiler]

    src/app/features/client-visits/client-visits.component.ts:266:31:
      266 │ ...wVisitas[index] = { ...newVisitas[index], expanded: !newVisita...
          ╵                           ~~~~~~~~~~~~~~~~~


X [ERROR] TS7053: Element implicitly has an 'any' type because expression of type 'any' can't be used to index type '{}'. [plugin angular-compiler]

    src/app/features/client-visits/client-visits.component.ts:266:61:
      266 │ ... { ...newVisitas[index], expanded: !newVisitas[index].expanded };
          ╵                                        ~~~~~~~~~~~~~~~~~


X [ERROR] TS2304: Cannot find name 'Event'. [plugin angular-compiler]

    src/app/features/client-visits/client-visits.component.ts:275:56:
      275 │ ...nCarousel(catNombre: string, fotos: Foto[], event: Event): void {
          ╵                                                       ~~~~~


X [ERROR] TS2339: Property 'length' does not exist on type '{}'. [plugin angular-compiler]

    src/app/features/client-visits/client-visits.component.ts:277:24:
      277 │     if (!fotos || fotos.length === 0) return;
          ╵                         ~~~~~~


X [ERROR] TS2304: Cannot find name 'Date'. [plugin angular-compiler]

    src/app/features/client-visits/client-visits.component.ts:297:20:
      297 │       const d = new Date(fechaStr + 'T00:00:00');
          ╵                     ~~~~


X [ERROR] TS2304: Cannot find name 'Date'. [plugin angular-compiler]

    src/app/features/client-visits/client-visits.component.ts:307:20:
      307 │       const d = new Date(fechaStr + 'T00:00:00');
          ╵                     ~~~~


X [ERROR] TS2304: Cannot find name 'Date'. [plugin angular-compiler]

    src/app/features/client-visits/client-visits.component.ts:317:17:
      317 │       return new Date(fechaStr).toLocaleTimeString('es-VE', { hou...
          ╵                  ~~~~


X [ERROR] TS2307: Cannot find module '@angular/core' or its corresponding type declarations. [plugin angular-compiler]

    src/app/features/client-visits/searchable-select.component.ts:1:121:
      1 │ ...tListener, ElementRef, inject, input, model } from '@angular/core';
        ╵                                                       ~~~~~~~~~~~~~~~


X [ERROR] TS2307: Cannot find module '@angular/common' or its corresponding type declarations. [plugin angular-compiler]

    src/app/features/client-visits/searchable-select.component.ts:2:29:
      2 │ import { CommonModule } from '@angular/common';
        ╵                              ~~~~~~~~~~~~~~~~~


X [ERROR] TS2307: Cannot find module '@angular/forms' or its corresponding type declarations. [plugin angular-compiler]

    src/app/features/client-visits/searchable-select.component.ts:3:28:
      3 │ import { FormsModule } from '@angular/forms';
        ╵                             ~~~~~~~~~~~~~~~~


X [ERROR] TS2307: Cannot find module '@angular/material/icon' or its corresponding type declarations. [plugin angular-compiler]

    src/app/features/client-visits/searchable-select.component.ts:4:30:
      4 │ import { MatIconModule } from '@angular/material/icon';
        ╵                               ~~~~~~~~~~~~~~~~~~~~~~~~


X [ERROR] TS-991010: 'imports' must be an array of components, directives, pipes, or NgModules.
  Value is of type '[(not statically analyzable), (not statically analyzable), (not statically analyzable)]'. [plugin angular-compiler]

    src/app/features/client-visits/searchable-select.component.ts:14:11:
      14 │   imports: [CommonModule, FormsModule, MatIconModule],
         ╵            ~~~~~~~~~~~~~~~~~~~~~~~~~~~~~~~~~~~~~~~~~~


X [ERROR] TS-991010: 'imports' must be an array of components, directives, pipes, or NgModules.
  Value is of type '[(not statically analyzable), (not statically analyzable), (not statically analyzable)]'. [plugin angular-compiler]

    src/app/features/client-visits/searchable-select.component.ts:14:11:
      14 │   imports: [CommonModule, FormsModule, MatIconModule],
         ╵            ~~~~~~~~~~~~~~~~~~~~~~~~~~~~~~~~~~~~~~~~~~


X [ERROR] TS-991010: 'imports' must be an array of components, directives, pipes, or NgModules.
  Value is of type '[(not statically analyzable), (not statically analyzable), (not statically analyzable)]'. [plugin angular-compiler]

    src/app/features/client-visits/searchable-select.component.ts:14:11:
      14 │   imports: [CommonModule, FormsModule, MatIconModule],
         ╵            ~~~~~~~~~~~~~~~~~~~~~~~~~~~~~~~~~~~~~~~~~~


X [ERROR] TS2304: Cannot find name 'HTMLElement'. [plugin angular-compiler]

    src/app/features/client-visits/searchable-select.component.ts:187:35:
      187 │   private host = inject(ElementRef<HTMLElement>);
          ╵                                    ~~~~~~~~~~~


X [ERROR] TS7006: Parameter 'o' implicitly has an 'any' type. [plugin angular-compiler]

    src/app/features/client-visits/searchable-select.component.ts:190:36:
      190 │     const opt = this.options().find(o => o.value === this.value());
          ╵                                     ^


X [ERROR] TS7006: Parameter 'o' implicitly has an 'any' type. [plugin angular-compiler]

    src/app/features/client-visits/searchable-select.component.ts:198:23:
      198 │     return opts.filter(o => o.label.toLowerCase().includes(q) || ...
          ╵                        ^


X [ERROR] TS7006: Parameter 'v' implicitly has an 'any' type. [plugin angular-compiler]

    src/app/features/client-visits/searchable-select.component.ts:202:21:
      202 │     this.open.update(v => !v);
          ╵                      ^


X [ERROR] TS2304: Cannot find name 'MouseEvent'. [plugin angular-compiler]

    src/app/features/client-visits/searchable-select.component.ts:213:16:
      213 │   onDocClick(e: MouseEvent): void {
          ╵                 ~~~~~~~~~~


X [ERROR] TS2304: Cannot find name 'Node'. [plugin angular-compiler]

    src/app/features/client-visits/searchable-select.component.ts:214:69:
      214 │ ...this.host.nativeElement.contains(e.target as Node)) this.close();
          ╵                                                 ~~~~


X [ERROR] TS2307: Cannot find module '@angular/core' or its corresponding type declarations. [plugin angular-compiler]

    src/app/features/dashboard/dashboard.component.ts:1:52:
      1 │ import { Component, OnInit, signal, computed } from '@angular/core';
        ╵                                                     ~~~~~~~~~~~~~~~


X [ERROR] TS2307: Cannot find module '@angular/common' or its corresponding type declarations. [plugin angular-compiler]

    src/app/features/dashboard/dashboard.component.ts:2:29:
      2 │ import { CommonModule } from '@angular/common';
        ╵                              ~~~~~~~~~~~~~~~~~


X [ERROR] TS2307: Cannot find module '@angular/material/card' or its corresponding type declarations. [plugin angular-compiler]

    src/app/features/dashboard/dashboard.component.ts:3:30:
      3 │ import { MatCardModule } from '@angular/material/card';
        ╵                               ~~~~~~~~~~~~~~~~~~~~~~~~


X [ERROR] TS2307: Cannot find module '@angular/material/icon' or its corresponding type declarations. [plugin angular-compiler]

    src/app/features/dashboard/dashboard.component.ts:4:30:
      4 │ import { MatIconModule } from '@angular/material/icon';
        ╵                               ~~~~~~~~~~~~~~~~~~~~~~~~


X [ERROR] TS2307: Cannot find module '@angular/material/progress-spinner' or its corresponding type declarations. [plugin angular-compiler]

    src/app/features/dashboard/dashboard.component.ts:5:41:
      5 │ ...tProgressSpinnerModule } from '@angular/material/progress-spinner';
        ╵                                  ~~~~~~~~~~~~~~~~~~~~~~~~~~~~~~~~~~~~


X [ERROR] TS2307: Cannot find module '@angular/material/button' or its corresponding type declarations. [plugin angular-compiler]

    src/app/features/dashboard/dashboard.component.ts:6:32:
      6 │ import { MatButtonModule } from '@angular/material/button';
        ╵                                 ~~~~~~~~~~~~~~~~~~~~~~~~~~


X [ERROR] TS2307: Cannot find module '@angular/router' or its corresponding type declarations. [plugin angular-compiler]

    src/app/features/dashboard/dashboard.component.ts:7:27:
      7 │ import { RouterLink } from '@angular/router';
        ╵                            ~~~~~~~~~~~~~~~~~


X [ERROR] TS2307: Cannot find module '@angular/platform-browser' or its corresponding type declarations. [plugin angular-compiler]

    src/app/features/dashboard/dashboard.component.ts:10:39:
      10 │ import { DomSanitizer, SafeHtml } from '@angular/platform-browser';
         ╵                                        ~~~~~~~~~~~~~~~~~~~~~~~~~~~


X [ERROR] TS2307: Cannot find module 'rxjs' or its corresponding type declarations. [plugin angular-compiler]

    src/app/features/dashboard/dashboard.component.ts:11:29:
      11 │ import { forkJoin, of } from 'rxjs';
         ╵                              ~~~~~~


X [ERROR] TS2307: Cannot find module 'rxjs/operators' or its corresponding type declarations. [plugin angular-compiler]

    src/app/features/dashboard/dashboard.component.ts:12:27:
      12 │ import { catchError } from 'rxjs/operators';
         ╵                            ~~~~~~~~~~~~~~~~


X [ERROR] TS2339: Property 'includes' does not exist on type '{}'. [plugin angular-compiler]

    src/app/features/dashboard/dashboard.component.ts:33:37:
      33 │     return u.is_client || clientRols.includes(u.rol);
         ╵                                      ~~~~~~~~


X [ERROR] TS2304: Cannot find name 'Date'. [plugin angular-compiler]

    src/app/features/dashboard/dashboard.component.ts:36:14:
      36 │   today = new Date().toLocaleDateString('es-VE', {
         ╵               ~~~~


X [ERROR] TS-992003: No suitable injection token for parameter 'sanitizer' of class 'DashboardComponent'.
  Consider using the @Inject decorator to specify an injection token. [plugin angular-compiler]

    src/app/features/dashboard/dashboard.component.ts:43:12:
      43 │     private sanitizer: DomSanitizer
         ╵             ~~~~~~~~~

  This type does not have a value, so it cannot be used as injection token.

    src/app/features/dashboard/dashboard.component.ts:43:23:
      43 │     private sanitizer: DomSanitizer
         ╵                        ~~~~~~~~~~~~


X [ERROR] TS7006: Parameter 'data' implicitly has an 'any' type. [plugin angular-compiler]

    src/app/features/dashboard/dashboard.component.ts:56:13:
      56 │       next: (data) => { this.summary.set(data); this.loading.set(f...
         ╵              ~~~~


X [ERROR] TS7031: Binding element 'summaryData' implicitly has an 'any' type. [plugin angular-compiler]

    src/app/features/dashboard/dashboard.component.ts:71:15:
      71 │       next: ({ summaryData, dashboardData }) => {
         ╵                ~~~~~~~~~~~


X [ERROR] TS7031: Binding element 'dashboardData' implicitly has an 'any' type. [plugin angular-compiler]

    src/app/features/dashboard/dashboard.component.ts:71:28:
      71 │       next: ({ summaryData, dashboardData }) => {
         ╵                             ~~~~~~~~~~~~~


X [ERROR] TS2307: Cannot find module '@angular/core' or its corresponding type declarations. [plugin angular-compiler]

    src/app/features/data/data.component.ts:1:42:
      1 │ import { Component, OnInit, signal } from '@angular/core';
        ╵                                           ~~~~~~~~~~~~~~~


X [ERROR] TS2307: Cannot find module '@angular/common' or its corresponding type declarations. [plugin angular-compiler]

    src/app/features/data/data.component.ts:2:29:
      2 │ import { CommonModule } from '@angular/common';
        ╵                              ~~~~~~~~~~~~~~~~~


X [ERROR] TS2307: Cannot find module '@angular/forms' or its corresponding type declarations. [plugin angular-compiler]

    src/app/features/data/data.component.ts:3:84:
      3 │ ...sModule, FormBuilder, FormGroup, FormArray } from '@angular/forms';
        ╵                                                      ~~~~~~~~~~~~~~~~


X [ERROR] TS2307: Cannot find module '@angular/material/table' or its corresponding type declarations. [plugin angular-compiler]

    src/app/features/data/data.component.ts:4:31:
      4 │ import { MatTableModule } from '@angular/material/table';
        ╵                                ~~~~~~~~~~~~~~~~~~~~~~~~~


X [ERROR] TS2307: Cannot find module '@angular/material/button' or its corresponding type declarations. [plugin angular-compiler]

    src/app/features/data/data.component.ts:5:32:
      5 │ import { MatButtonModule } from '@angular/material/button';
        ╵                                 ~~~~~~~~~~~~~~~~~~~~~~~~~~


X [ERROR] TS2307: Cannot find module '@angular/material/icon' or its corresponding type declarations. [plugin angular-compiler]

    src/app/features/data/data.component.ts:6:30:
      6 │ import { MatIconModule } from '@angular/material/icon';
        ╵                               ~~~~~~~~~~~~~~~~~~~~~~~~


X [ERROR] TS2307: Cannot find module '@angular/material/form-field' or its corresponding type declarations. [plugin angular-compiler]

    src/app/features/data/data.component.ts:7:35:
      7 │ import { MatFormFieldModule } from '@angular/material/form-field';
        ╵                                    ~~~~~~~~~~~~~~~~~~~~~~~~~~~~~~


X [ERROR] TS2307: Cannot find module '@angular/material/input' or its corresponding type declarations. [plugin angular-compiler]

    src/app/features/data/data.component.ts:8:31:
      8 │ import { MatInputModule } from '@angular/material/input';
        ╵                                ~~~~~~~~~~~~~~~~~~~~~~~~~


X [ERROR] TS2307: Cannot find module '@angular/material/progress-spinner' or its corresponding type declarations. [plugin angular-compiler]

    src/app/features/data/data.component.ts:9:41:
      9 │ ...tProgressSpinnerModule } from '@angular/material/progress-spinner';
        ╵                                  ~~~~~~~~~~~~~~~~~~~~~~~~~~~~~~~~~~~~


X [ERROR] TS2307: Cannot find module '@angular/material/snack-bar' or its corresponding type declarations. [plugin angular-compiler]

    src/app/features/data/data.component.ts:10:47:
      10 │ ...tSnackBar, MatSnackBarModule } from '@angular/material/snack-bar';
         ╵                                        ~~~~~~~~~~~~~~~~~~~~~~~~~~~~~


X [ERROR] TS-992003: No suitable injection token for parameter 'fb' of class 'DataComponent'.
  Consider using the @Inject decorator to specify an injection token. [plugin angular-compiler]

    src/app/features/data/data.component.ts:50:12:
      50 │     private fb: FormBuilder,
         ╵             ~~

  This type does not have a value, so it cannot be used as injection token.

    src/app/features/data/data.component.ts:50:16:
      50 │     private fb: FormBuilder,
         ╵                 ~~~~~~~~~~~


X [ERROR] TS7006: Parameter 'd' implicitly has an 'any' type. [plugin angular-compiler]

    src/app/features/data/data.component.ts:61:51:
      61 │ ...aderistas().subscribe({ next: (d) => this.mercaderistas.set(d),...
         ╵                                   ^


X [ERROR] TS7006: Parameter 'data' implicitly has an 'any' type. [plugin angular-compiler]

    src/app/features/data/data.component.ts:74:13:
      74 │       next: (data) => { this.visits.set(data); this.loadingVisits....
         ╵              ~~~~


X [ERROR] TS7006: Parameter 'balances' implicitly has an 'any' type. [plugin angular-compiler]

    src/app/features/data/data.component.ts:94:13:
      94 │       next: (balances) => { this.setBalances(balances); this.loadi...
         ╵              ~~~~~~~~


X [ERROR] TS2339: Property 'map' does not exist on type '{}'. [plugin angular-compiler]

    src/app/features/data/data.component.ts:100:32:
      100 │     const formGroups = balances.map(b => this.fb.group({
          ╵                                 ~~~


X [ERROR] TS7006: Parameter 'b' implicitly has an 'any' type. [plugin angular-compiler]

    src/app/features/data/data.component.ts:100:36:
      100 │     const formGroups = balances.map(b => this.fb.group({
          ╵                                     ^


X [ERROR] TS7006: Parameter 'err' implicitly has an 'any' type. [plugin angular-compiler]

    src/app/features/data/data.component.ts:114:14:
      114 │       error: (err) => this.snack.open('Error al guardar: ' + err....
          ╵               ~~~


X [ERROR] TS2307: Cannot find module '@angular/core' or its corresponding type declarations. [plugin angular-compiler]

    src/app/features/mercaderista/components/merc-chat/merc-chat.component.ts:1:50:
      1 │ import { Component, OnInit, signal, inject } from '@angular/core';
        ╵                                                   ~~~~~~~~~~~~~~~


X [ERROR] TS2307: Cannot find module '@angular/common' or its corresponding type declarations. [plugin angular-compiler]

    src/app/features/mercaderista/components/merc-chat/merc-chat.component.ts:2:29:
      2 │ import { CommonModule } from '@angular/common';
        ╵                              ~~~~~~~~~~~~~~~~~


X [ERROR] TS2307: Cannot find module '@angular/material/icon' or its corresponding type declarations. [plugin angular-compiler]

    src/app/features/mercaderista/components/merc-chat/merc-chat.component.ts:3:30:
      3 │ import { MatIconModule } from '@angular/material/icon';
        ╵                               ~~~~~~~~~~~~~~~~~~~~~~~~


X [ERROR] TS2307: Cannot find module '@angular/material/button' or its corresponding type declarations. [plugin angular-compiler]

    src/app/features/mercaderista/components/merc-chat/merc-chat.component.ts:4:32:
      4 │ import { MatButtonModule } from '@angular/material/button';
        ╵                                 ~~~~~~~~~~~~~~~~~~~~~~~~~~


X [ERROR] TS2307: Cannot find module '@angular/material/badge' or its corresponding type declarations. [plugin angular-compiler]

    src/app/features/mercaderista/components/merc-chat/merc-chat.component.ts:5:31:
      5 │ import { MatBadgeModule } from '@angular/material/badge';
        ╵                                ~~~~~~~~~~~~~~~~~~~~~~~~~


X [ERROR] TS2307: Cannot find module '@angular/material/progress-spinner' or its corresponding type declarations. [plugin angular-compiler]

    src/app/features/mercaderista/components/merc-chat/merc-chat.component.ts:6:41:
      6 │ ...tProgressSpinnerModule } from '@angular/material/progress-spinner';
        ╵                                  ~~~~~~~~~~~~~~~~~~~~~~~~~~~~~~~~~~~~


X [ERROR] TS-991010: 'imports' must be an array of components, directives, pipes, or NgModules.
  Value is of type '[(not statically analyzable), (not statically analyzable), (not statically analyzable), (not statically analyzable), (not statically analyzable)]'. [plugin angular-compiler]

    src/app/features/mercaderista/components/merc-chat/merc-chat.component.ts:13:11:
      13 │   imports: [CommonModule, MatIconModule, MatButtonModule, MatBadge...
         ╵            ~~~~~~~~~~~~~~~~~~~~~~~~~~~~~~~~~~~~~~~~~~~~~~~~~~~~~~~


X [ERROR] TS-991010: 'imports' must be an array of components, directives, pipes, or NgModules.
  Value is of type '[(not statically analyzable), (not statically analyzable), (not statically analyzable), (not statically analyzable), (not statically analyzable)]'. [plugin angular-compiler]

    src/app/features/mercaderista/components/merc-chat/merc-chat.component.ts:13:11:
      13 │   imports: [CommonModule, MatIconModule, MatButtonModule, MatBadge...
         ╵            ~~~~~~~~~~~~~~~~~~~~~~~~~~~~~~~~~~~~~~~~~~~~~~~~~~~~~~~


X [ERROR] TS-991010: 'imports' must be an array of components, directives, pipes, or NgModules.
  Value is of type '[(not statically analyzable), (not statically analyzable), (not statically analyzable), (not statically analyzable), (not statically analyzable)]'. [plugin angular-compiler]

    src/app/features/mercaderista/components/merc-chat/merc-chat.component.ts:13:11:
      13 │   imports: [CommonModule, MatIconModule, MatButtonModule, MatBadge...
         ╵            ~~~~~~~~~~~~~~~~~~~~~~~~~~~~~~~~~~~~~~~~~~~~~~~~~~~~~~~


X [ERROR] TS-991010: 'imports' must be an array of components, directives, pipes, or NgModules.
  Value is of type '[(not statically analyzable), (not statically analyzable), (not statically analyzable), (not statically analyzable), (not statically analyzable)]'. [plugin angular-compiler]

    src/app/features/mercaderista/components/merc-chat/merc-chat.component.ts:13:11:
      13 │   imports: [CommonModule, MatIconModule, MatButtonModule, MatBadge...
         ╵            ~~~~~~~~~~~~~~~~~~~~~~~~~~~~~~~~~~~~~~~~~~~~~~~~~~~~~~~


X [ERROR] TS-991010: 'imports' must be an array of components, directives, pipes, or NgModules.
  Value is of type '[(not statically analyzable), (not statically analyzable), (not statically analyzable), (not statically analyzable), (not statically analyzable)]'. [plugin angular-compiler]

    src/app/features/mercaderista/components/merc-chat/merc-chat.component.ts:13:11:
      13 │   imports: [CommonModule, MatIconModule, MatButtonModule, MatBadge...
         ╵            ~~~~~~~~~~~~~~~~~~~~~~~~~~~~~~~~~~~~~~~~~~~~~~~~~~~~~~~


X [ERROR] TS7006: Parameter 'res' implicitly has an 'any' type. [plugin angular-compiler]

    src/app/features/mercaderista/components/merc-chat/merc-chat.component.ts:102:13:
      102 │       next: (res) => {
          ╵              ~~~


X [ERROR] TS2307: Cannot find module '@angular/core' or its corresponding type declarations. [plugin angular-compiler]

    src/app/features/mercaderista/components/merc-perfil/merc-perfil.component.ts:1:50:
      1 │ import { Component, OnInit, signal, inject } from '@angular/core';
        ╵                                                   ~~~~~~~~~~~~~~~


X [ERROR] TS2307: Cannot find module '@angular/common' or its corresponding type declarations. [plugin angular-compiler]

    src/app/features/mercaderista/components/merc-perfil/merc-perfil.component.ts:2:29:
      2 │ import { CommonModule } from '@angular/common';
        ╵                              ~~~~~~~~~~~~~~~~~


X [ERROR] TS2307: Cannot find module '@angular/material/icon' or its corresponding type declarations. [plugin angular-compiler]

    src/app/features/mercaderista/components/merc-perfil/merc-perfil.component.ts:3:30:
      3 │ import { MatIconModule } from '@angular/material/icon';
        ╵                               ~~~~~~~~~~~~~~~~~~~~~~~~


X [ERROR] TS2307: Cannot find module '@angular/material/button' or its corresponding type declarations. [plugin angular-compiler]

    src/app/features/mercaderista/components/merc-perfil/merc-perfil.component.ts:4:32:
      4 │ import { MatButtonModule } from '@angular/material/button';
        ╵                                 ~~~~~~~~~~~~~~~~~~~~~~~~~~


X [ERROR] TS2307: Cannot find module '@angular/material/divider' or its corresponding type declarations. [plugin angular-compiler]

    src/app/features/mercaderista/components/merc-perfil/merc-perfil.component.ts:5:33:
      5 │ import { MatDividerModule } from '@angular/material/divider';
        ╵                                  ~~~~~~~~~~~~~~~~~~~~~~~~~~~


X [ERROR] TS2307: Cannot find module '@angular/material/progress-spinner' or its corresponding type declarations. [plugin angular-compiler]

    src/app/features/mercaderista/components/merc-perfil/merc-perfil.component.ts:6:41:
      6 │ ...tProgressSpinnerModule } from '@angular/material/progress-spinner';
        ╵                                  ~~~~~~~~~~~~~~~~~~~~~~~~~~~~~~~~~~~~


X [ERROR] TS-991010: 'imports' must be an array of components, directives, pipes, or NgModules.
  Value is of type '[(not statically analyzable), (not statically analyzable), (not statically analyzable), (not statically analyzable), (not statically analyzable)]'. [plugin angular-compiler]

    src/app/features/mercaderista/components/merc-perfil/merc-perfil.component.ts:14:11:
      14 │   imports: [CommonModule, MatIconModule, MatButtonModule, MatDivid...
         ╵            ~~~~~~~~~~~~~~~~~~~~~~~~~~~~~~~~~~~~~~~~~~~~~~~~~~~~~~~


X [ERROR] TS-991010: 'imports' must be an array of components, directives, pipes, or NgModules.
  Value is of type '[(not statically analyzable), (not statically analyzable), (not statically analyzable), (not statically analyzable), (not statically analyzable)]'. [plugin angular-compiler]

    src/app/features/mercaderista/components/merc-perfil/merc-perfil.component.ts:14:11:
      14 │   imports: [CommonModule, MatIconModule, MatButtonModule, MatDivid...
         ╵            ~~~~~~~~~~~~~~~~~~~~~~~~~~~~~~~~~~~~~~~~~~~~~~~~~~~~~~~


X [ERROR] TS-991010: 'imports' must be an array of components, directives, pipes, or NgModules.
  Value is of type '[(not statically analyzable), (not statically analyzable), (not statically analyzable), (not statically analyzable), (not statically analyzable)]'. [plugin angular-compiler]

    src/app/features/mercaderista/components/merc-perfil/merc-perfil.component.ts:14:11:
      14 │   imports: [CommonModule, MatIconModule, MatButtonModule, MatDivid...
         ╵            ~~~~~~~~~~~~~~~~~~~~~~~~~~~~~~~~~~~~~~~~~~~~~~~~~~~~~~~


X [ERROR] TS-991010: 'imports' must be an array of components, directives, pipes, or NgModules.
  Value is of type '[(not statically analyzable), (not statically analyzable), (not statically analyzable), (not statically analyzable), (not statically analyzable)]'. [plugin angular-compiler]

    src/app/features/mercaderista/components/merc-perfil/merc-perfil.component.ts:14:11:
      14 │   imports: [CommonModule, MatIconModule, MatButtonModule, MatDivid...
         ╵            ~~~~~~~~~~~~~~~~~~~~~~~~~~~~~~~~~~~~~~~~~~~~~~~~~~~~~~~


X [ERROR] TS-991010: 'imports' must be an array of components, directives, pipes, or NgModules.
  Value is of type '[(not statically analyzable), (not statically analyzable), (not statically analyzable), (not statically analyzable), (not statically analyzable)]'. [plugin angular-compiler]

    src/app/features/mercaderista/components/merc-perfil/merc-perfil.component.ts:14:11:
      14 │   imports: [CommonModule, MatIconModule, MatButtonModule, MatDivid...
         ╵            ~~~~~~~~~~~~~~~~~~~~~~~~~~~~~~~~~~~~~~~~~~~~~~~~~~~~~~~


X [ERROR] TS2304: Cannot find name 'navigator'. [plugin angular-compiler]

    src/app/features/mercaderista/components/merc-perfil/merc-perfil.component.ts:106:20:
      106 │   isOnline = signal(navigator.onLine);
          ╵                     ~~~~~~~~~


X [ERROR] TS7006: Parameter 'res' implicitly has an 'any' type. [plugin angular-compiler]

    src/app/features/mercaderista/components/merc-perfil/merc-perfil.component.ts:111:13:
      111 │       next: (res) => this.perfil.set(res),
          ╵              ~~~


X [ERROR] TS7006: Parameter 'v' implicitly has an 'any' type. [plugin angular-compiler]

    src/app/features/mercaderista/components/merc-perfil/merc-perfil.component.ts:115:41:
      115 │ ...s.offline.pendingCount$.subscribe(v => this.pendingCount.set(v));
          ╵                                      ^


X [ERROR] TS7006: Parameter 'v' implicitly has an 'any' type. [plugin angular-compiler]

    src/app/features/mercaderista/components/merc-perfil/merc-perfil.component.ts:116:37:
      116 │     this.offline.isOnline$.subscribe(v => this.isOnline.set(v));
          ╵                                      ^


X [ERROR] TS2583: Cannot find name 'Promise'. Do you need to change your target library? Try changing the 'lib' compiler option to 'es2015' or later. [plugin angular-compiler]

    src/app/features/mercaderista/components/merc-perfil/merc-perfil.component.ts:119:19:
      119 │   async syncNow(): Promise<void> {
          ╵                    ~~~~~~~


X [ERROR] TS2307: Cannot find module '@angular/core' or its corresponding type declarations. [plugin angular-compiler]

    src/app/features/mercaderista/components/merc-ruta/merc-ruta.component.ts:1:71:
      1 │ ...OnInit, OnDestroy, signal, inject, computed } from '@angular/core';
        ╵                                                       ~~~~~~~~~~~~~~~


X [ERROR] TS2307: Cannot find module '@angular/common' or its corresponding type declarations. [plugin angular-compiler]

    src/app/features/mercaderista/components/merc-ruta/merc-ruta.component.ts:2:29:
      2 │ import { CommonModule } from '@angular/common';
        ╵                              ~~~~~~~~~~~~~~~~~


X [ERROR] TS2307: Cannot find module '@angular/material/icon' or its corresponding type declarations. [plugin angular-compiler]

    src/app/features/mercaderista/components/merc-ruta/merc-ruta.component.ts:3:30:
      3 │ import { MatIconModule } from '@angular/material/icon';
        ╵                               ~~~~~~~~~~~~~~~~~~~~~~~~


X [ERROR] TS2307: Cannot find module '@angular/material/button' or its corresponding type declarations. [plugin angular-compiler]

    src/app/features/mercaderista/components/merc-ruta/merc-ruta.component.ts:4:32:
      4 │ import { MatButtonModule } from '@angular/material/button';
        ╵                                 ~~~~~~~~~~~~~~~~~~~~~~~~~~


X [ERROR] TS2307: Cannot find module '@angular/material/progress-spinner' or its corresponding type declarations. [plugin angular-compiler]

    src/app/features/mercaderista/components/merc-ruta/merc-ruta.component.ts:5:41:
      5 │ ...tProgressSpinnerModule } from '@angular/material/progress-spinner';
        ╵                                  ~~~~~~~~~~~~~~~~~~~~~~~~~~~~~~~~~~~~


X [ERROR] TS2307: Cannot find module '@angular/material/snack-bar' or its corresponding type declarations. [plugin angular-compiler]

    src/app/features/mercaderista/components/merc-ruta/merc-ruta.component.ts:6:47:
      6 │ ...atSnackBar, MatSnackBarModule } from '@angular/material/snack-bar';
        ╵                                         ~~~~~~~~~~~~~~~~~~~~~~~~~~~~~


X [ERROR] TS2307: Cannot find module 'maplibre-gl' or its corresponding type declarations. [plugin angular-compiler]

    src/app/features/mercaderista/components/merc-ruta/merc-ruta.component.ts:7:23:
      7 │ import maplibregl from 'maplibre-gl';
        ╵                        ~~~~~~~~~~~~~


X [ERROR] TS-991010: 'imports' must be an array of components, directives, pipes, or NgModules.
  Value is of type '[(not statically analyzable), (not statically analyzable), (not statically analyzable), (not statically analyzable), (not statically analyzable)]'. [plugin angular-compiler]

    src/app/features/mercaderista/components/merc-ruta/merc-ruta.component.ts:32:11:
      32 │   imports: [CommonModule, MatIconModule, MatButtonModule, MatProgr...
         ╵            ~~~~~~~~~~~~~~~~~~~~~~~~~~~~~~~~~~~~~~~~~~~~~~~~~~~~~~~


X [ERROR] TS-991010: 'imports' must be an array of components, directives, pipes, or NgModules.
  Value is of type '[(not statically analyzable), (not statically analyzable), (not statically analyzable), (not statically analyzable), (not statically analyzable)]'. [plugin angular-compiler]

    src/app/features/mercaderista/components/merc-ruta/merc-ruta.component.ts:32:11:
      32 │   imports: [CommonModule, MatIconModule, MatButtonModule, MatProgr...
         ╵            ~~~~~~~~~~~~~~~~~~~~~~~~~~~~~~~~~~~~~~~~~~~~~~~~~~~~~~~


X [ERROR] TS-991010: 'imports' must be an array of components, directives, pipes, or NgModules.
  Value is of type '[(not statically analyzable), (not statically analyzable), (not statically analyzable), (not statically analyzable), (not statically analyzable)]'. [plugin angular-compiler]

    src/app/features/mercaderista/components/merc-ruta/merc-ruta.component.ts:32:11:
      32 │   imports: [CommonModule, MatIconModule, MatButtonModule, MatProgr...
         ╵            ~~~~~~~~~~~~~~~~~~~~~~~~~~~~~~~~~~~~~~~~~~~~~~~~~~~~~~~


X [ERROR] TS-991010: 'imports' must be an array of components, directives, pipes, or NgModules.
  Value is of type '[(not statically analyzable), (not statically analyzable), (not statically analyzable), (not statically analyzable), (not statically analyzable)]'. [plugin angular-compiler]

    src/app/features/mercaderista/components/merc-ruta/merc-ruta.component.ts:32:11:
      32 │   imports: [CommonModule, MatIconModule, MatButtonModule, MatProgr...
         ╵            ~~~~~~~~~~~~~~~~~~~~~~~~~~~~~~~~~~~~~~~~~~~~~~~~~~~~~~~


X [ERROR] TS-991010: 'imports' must be an array of components, directives, pipes, or NgModules.
  Value is of type '[(not statically analyzable), (not statically analyzable), (not statically analyzable), (not statically analyzable), (not statically analyzable)]'. [plugin angular-compiler]

    src/app/features/mercaderista/components/merc-ruta/merc-ruta.component.ts:32:11:
      32 │   imports: [CommonModule, MatIconModule, MatButtonModule, MatProgr...
         ╵            ~~~~~~~~~~~~~~~~~~~~~~~~~~~~~~~~~~~~~~~~~~~~~~~~~~~~~~~


X [ERROR] TS7006: Parameter 'r' implicitly has an 'any' type. [plugin angular-compiler]

    src/app/features/mercaderista/components/merc-ruta/merc-ruta.component.ts:212:31:
      212 │     return this.rutas().filter(r => r.tipo.toLowerCase() === this...
          ╵                                ^


X [ERROR] TS7006: Parameter 'r' implicitly has an 'any' type. [plugin angular-compiler]

    src/app/features/mercaderista/components/merc-ruta/merc-ruta.component.ts:216:29:
      216 │     return this.rutas().find(r => r.id_ruta === this.selectedRout...
          ╵                              ^


X [ERROR] TS7006: Parameter 'p' implicitly has an 'any' type. [plugin angular-compiler]

    src/app/features/mercaderista/components/merc-ruta/merc-ruta.component.ts:220:30:
      220 │     return this.pdvs().filter(p => p.id_ruta === this.selectedRou...
          ╵                               ^


X [ERROR] TS2304: Cannot find name 'Record'. [plugin angular-compiler]

    src/app/features/mercaderista/components/merc-ruta/merc-ruta.component.ts:225:18:
      225 │     const groups: Record<string, PdvGroup> = {};
          ╵                   ~~~~~~


X [ERROR] TS7006: Parameter 'p' implicitly has an 'any' type. [plugin angular-compiler]

    src/app/features/mercaderista/components/merc-ruta/merc-ruta.component.ts:227:17:
      227 │     list.forEach(p => {
          ╵                  ^


X [ERROR] TS2304: Cannot find name 'Object'. [plugin angular-compiler]

    src/app/features/mercaderista/components/merc-ruta/merc-ruta.component.ts:249:11:
      249 │     return Object.values(groups);
          ╵            ~~~~~~


X [ERROR] TS7006: Parameter 'res' implicitly has an 'any' type. [plugin angular-compiler]

    src/app/features/mercaderista/components/merc-ruta/merc-ruta.component.ts:263:13:
      263 │       next: (res) => {
          ╵              ~~~


X [ERROR] TS7006: Parameter 'res' implicitly has an 'any' type. [plugin angular-compiler]

    src/app/features/mercaderista/components/merc-ruta/merc-ruta.component.ts:290:13:
      290 │       next: (res) => this.pdvs.set(res.pdvs || []),
          ╵              ~~~


X [ERROR] TS2584: Cannot find name 'document'. Do you need to change your target library? Try changing the 'lib' compiler option to include 'dom'. [plugin angular-compiler]

    src/app/features/mercaderista/components/merc-ruta/merc-ruta.component.ts:301:15:
      301 │     const el = document.getElementById('merc-map');
          ╵                ~~~~~~~~


X [ERROR] TS7006: Parameter 'pdv' implicitly has an 'any' type. [plugin angular-compiler]

    src/app/features/mercaderista/components/merc-ruta/merc-ruta.component.ts:316:31:
      316 │     this.groupedPdvs().forEach(pdv => {
          ╵                                ~~~


X [ERROR] TS2339: Property 'push' does not exist on type '{}'. [plugin angular-compiler]

    src/app/features/mercaderista/components/merc-ruta/merc-ruta.component.ts:331:21:
      331 │         this.markers.push(marker);
          ╵                      ~~~~


X [ERROR] TS2304: Cannot find name 'navigator'. [plugin angular-compiler]

    src/app/features/mercaderista/components/merc-ruta/merc-ruta.component.ts:342:9:
      342 │     if (!navigator.geolocation) return;
          ╵          ~~~~~~~~~


X [ERROR] TS2304: Cannot find name 'navigator'. [plugin angular-compiler]

    src/app/features/mercaderista/components/merc-ruta/merc-ruta.component.ts:343:4:
      343 │     navigator.geolocation.getCurrentPosition(pos => {
          ╵     ~~~~~~~~~


X [ERROR] TS7006: Parameter 'pos' implicitly has an 'any' type. [plugin angular-compiler]

    src/app/features/mercaderista/components/merc-ruta/merc-ruta.component.ts:343:45:
      343 │     navigator.geolocation.getCurrentPosition(pos => {
          ╵                                              ~~~


X [ERROR] TS2584: Cannot find name 'document'. Do you need to change your target library? Try changing the 'lib' compiler option to include 'dom'. [plugin angular-compiler]

    src/app/features/mercaderista/components/merc-ruta/merc-ruta.component.ts:360:18:
      360 │     const input = document.querySelector('input[type="file"]') as...
          ╵                   ~~~~~~~~


X [ERROR] TS2304: Cannot find name 'HTMLInputElement'. [plugin angular-compiler]

    src/app/features/mercaderista/components/merc-ruta/merc-ruta.component.ts:360:66:
      360 │ ...document.querySelector('input[type="file"]') as HTMLInputElement;
          ╵                                                    ~~~~~~~~~~~~~~~~


X [ERROR] TS2304: Cannot find name 'Event'. [plugin angular-compiler]

    src/app/features/mercaderista/components/merc-ruta/merc-ruta.component.ts:364:27:
      364 │   onActivationPhoto(event: Event): void {
          ╵                            ~~~~~


X [ERROR] TS2304: Cannot find name 'HTMLInputElement'. [plugin angular-compiler]

    src/app/features/mercaderista/components/merc-ruta/merc-ruta.component.ts:365:34:
      365 │     const file = (event.target as HTMLInputElement).files?.[0];
          ╵                                   ~~~~~~~~~~~~~~~~


X [ERROR] TS7006: Parameter 'res' implicitly has an 'any' type. [plugin angular-compiler]

    src/app/features/mercaderista/components/merc-ruta/merc-ruta.component.ts:387:13:
      387 │       next: (res) => {
          ╵              ~~~


X [ERROR] TS2307: Cannot find module '@angular/core' or its corresponding type declarations. [plugin angular-compiler]

    src/app/features/mercaderista/components/merc-visit-panel/components/balance-form/balance-form.component.ts:1:57:
      1 │ ... { Component, Input, OnInit, signal, inject } from '@angular/core';
        ╵                                                       ~~~~~~~~~~~~~~~


X [ERROR] TS2307: Cannot find module '@angular/common' or its corresponding type declarations. [plugin angular-compiler]

    src/app/features/mercaderista/components/merc-visit-panel/components/balance-form/balance-form.component.ts:2:29:
      2 │ import { CommonModule } from '@angular/common';
        ╵                              ~~~~~~~~~~~~~~~~~


X [ERROR] TS2307: Cannot find module '@angular/forms' or its corresponding type declarations. [plugin angular-compiler]

    src/app/features/mercaderista/components/merc-visit-panel/components/balance-form/balance-form.component.ts:3:28:
      3 │ import { FormsModule } from '@angular/forms';
        ╵                             ~~~~~~~~~~~~~~~~


X [ERROR] TS2307: Cannot find module '@angular/material/icon' or its corresponding type declarations. [plugin angular-compiler]

    src/app/features/mercaderista/components/merc-visit-panel/components/balance-form/balance-form.component.ts:4:30:
      4 │ import { MatIconModule } from '@angular/material/icon';
        ╵                               ~~~~~~~~~~~~~~~~~~~~~~~~


X [ERROR] TS2307: Cannot find module '@angular/material/button' or its corresponding type declarations. [plugin angular-compiler]

    src/app/features/mercaderista/components/merc-visit-panel/components/balance-form/balance-form.component.ts:5:32:
      5 │ import { MatButtonModule } from '@angular/material/button';
        ╵                                 ~~~~~~~~~~~~~~~~~~~~~~~~~~


X [ERROR] TS2307: Cannot find module '@angular/material/progress-spinner' or its corresponding type declarations. [plugin angular-compiler]

    src/app/features/mercaderista/components/merc-visit-panel/components/balance-form/balance-form.component.ts:6:41:
      6 │ ...tProgressSpinnerModule } from '@angular/material/progress-spinner';
        ╵                                  ~~~~~~~~~~~~~~~~~~~~~~~~~~~~~~~~~~~~


X [ERROR] TS2307: Cannot find module '@angular/material/snack-bar' or its corresponding type declarations. [plugin angular-compiler]

    src/app/features/mercaderista/components/merc-visit-panel/components/balance-form/balance-form.component.ts:7:47:
      7 │ ...atSnackBar, MatSnackBarModule } from '@angular/material/snack-bar';
        ╵                                         ~~~~~~~~~~~~~~~~~~~~~~~~~~~~~


X [ERROR] TS2307: Cannot find module '@angular/material/datepicker' or its corresponding type declarations. [plugin angular-compiler]

    src/app/features/mercaderista/components/merc-visit-panel/components/balance-form/balance-form.component.ts:8:36:
      8 │ import { MatDatepickerModule } from '@angular/material/datepicker';
        ╵                                     ~~~~~~~~~~~~~~~~~~~~~~~~~~~~~~


X [ERROR] TS2307: Cannot find module '@angular/material/core' or its corresponding type declarations. [plugin angular-compiler]

    src/app/features/mercaderista/components/merc-visit-panel/components/balance-form/balance-form.component.ts:9:36:
      9 │ import { MatNativeDateModule } from '@angular/material/core';
        ╵                                     ~~~~~~~~~~~~~~~~~~~~~~~~


X [ERROR] TS2307: Cannot find module '@angular/material/form-field' or its corresponding type declarations. [plugin angular-compiler]

    src/app/features/mercaderista/components/merc-visit-panel/components/balance-form/balance-form.component.ts:10:35:
      10 │ import { MatFormFieldModule } from '@angular/material/form-field';
         ╵                                    ~~~~~~~~~~~~~~~~~~~~~~~~~~~~~~


X [ERROR] TS2307: Cannot find module '@angular/material/input' or its corresponding type declarations. [plugin angular-compiler]

    src/app/features/mercaderista/components/merc-visit-panel/components/balance-form/balance-form.component.ts:11:31:
      11 │ import { MatInputModule } from '@angular/material/input';
         ╵                                ~~~~~~~~~~~~~~~~~~~~~~~~~


X [ERROR] TS2304: Cannot find name 'Date'. [plugin angular-compiler]

    src/app/features/mercaderista/components/merc-visit-panel/components/balance-form/balance-form.component.ts:25:8:
      25 │   fifo: Date | null;
         ╵         ~~~~


X [ERROR] TS-991010: 'imports' must be an array of components, directives, pipes, or NgModules.
  Value is of type '[(not statically analyzable), (not statically analyzable), (not statically analyzable), (not statically analyzable), (not statically analyzable), (not statically analyzable), (not statically analyzable), (not statically analyzable), (not statically analyzable), (not statically analyzable)]'. [plugin angular-compiler]

    src/app/features/mercaderista/components/merc-visit-panel/components/balance-form/balance-form.component.ts:31:11:
      31 │   imports: [
         ╵            ^


X [ERROR] TS-991010: 'imports' must be an array of components, directives, pipes, or NgModules.
  Value is of type '[(not statically analyzable), (not statically analyzable), (not statically analyzable), (not statically analyzable), (not statically analyzable), (not statically analyzable), (not statically analyzable), (not statically analyzable), (not statically analyzable), (not statically analyzable)]'. [plugin angular-compiler]

    src/app/features/mercaderista/components/merc-visit-panel/components/balance-form/balance-form.component.ts:31:11:
      31 │   imports: [
         ╵            ^


X [ERROR] TS-991010: 'imports' must be an array of components, directives, pipes, or NgModules.
  Value is of type '[(not statically analyzable), (not statically analyzable), (not statically analyzable), (not statically analyzable), (not statically analyzable), (not statically analyzable), (not statically analyzable), (not statically analyzable), (not statically analyzable), (not statically analyzable)]'. [plugin angular-compiler]

    src/app/features/mercaderista/components/merc-visit-panel/components/balance-form/balance-form.component.ts:31:11:
      31 │   imports: [
         ╵            ^


X [ERROR] TS-991010: 'imports' must be an array of components, directives, pipes, or NgModules.
  Value is of type '[(not statically analyzable), (not statically analyzable), (not statically analyzable), (not statically analyzable), (not statically analyzable), (not statically analyzable), (not statically analyzable), (not statically analyzable), (not statically analyzable), (not statically analyzable)]'. [plugin angular-compiler]

    src/app/features/mercaderista/components/merc-visit-panel/components/balance-form/balance-form.component.ts:31:11:
      31 │   imports: [
         ╵            ^


X [ERROR] TS-991010: 'imports' must be an array of components, directives, pipes, or NgModules.
  Value is of type '[(not statically analyzable), (not statically analyzable), (not statically analyzable), (not statically analyzable), (not statically analyzable), (not statically analyzable), (not statically analyzable), (not statically analyzable), (not statically analyzable), (not statically analyzable)]'. [plugin angular-compiler]

    src/app/features/mercaderista/components/merc-visit-panel/components/balance-form/balance-form.component.ts:31:11:
      31 │   imports: [
         ╵            ^


X [ERROR] TS-991010: 'imports' must be an array of components, directives, pipes, or NgModules.
  Value is of type '[(not statically analyzable), (not statically analyzable), (not statically analyzable), (not statically analyzable), (not statically analyzable), (not statically analyzable), (not statically analyzable), (not statically analyzable), (not statically analyzable), (not statically analyzable)]'. [plugin angular-compiler]

    src/app/features/mercaderista/components/merc-visit-panel/components/balance-form/balance-form.component.ts:31:11:
      31 │   imports: [
         ╵            ^


X [ERROR] TS-991010: 'imports' must be an array of components, directives, pipes, or NgModules.
  Value is of type '[(not statically analyzable), (not statically analyzable), (not statically analyzable), (not statically analyzable), (not statically analyzable), (not statically analyzable), (not statically analyzable), (not statically analyzable), (not statically analyzable), (not statically analyzable)]'. [plugin angular-compiler]

    src/app/features/mercaderista/components/merc-visit-panel/components/balance-form/balance-form.component.ts:31:11:
      31 │   imports: [
         ╵            ^


X [ERROR] TS-991010: 'imports' must be an array of components, directives, pipes, or NgModules.
  Value is of type '[(not statically analyzable), (not statically analyzable), (not statically analyzable), (not statically analyzable), (not statically analyzable), (not statically analyzable), (not statically analyzable), (not statically analyzable), (not statically analyzable), (not statically analyzable)]'. [plugin angular-compiler]

    src/app/features/mercaderista/components/merc-visit-panel/components/balance-form/balance-form.component.ts:31:11:
      31 │   imports: [
         ╵            ^


X [ERROR] TS-991010: 'imports' must be an array of components, directives, pipes, or NgModules.
  Value is of type '[(not statically analyzable), (not statically analyzable), (not statically analyzable), (not statically analyzable), (not statically analyzable), (not statically analyzable), (not statically analyzable), (not statically analyzable), (not statically analyzable), (not statically analyzable)]'. [plugin angular-compiler]

    src/app/features/mercaderista/components/merc-visit-panel/components/balance-form/balance-form.component.ts:31:11:
      31 │   imports: [
         ╵            ^


X [ERROR] TS-991010: 'imports' must be an array of components, directives, pipes, or NgModules.
  Value is of type '[(not statically analyzable), (not statically analyzable), (not statically analyzable), (not statically analyzable), (not statically analyzable), (not statically analyzable), (not statically analyzable), (not statically analyzable), (not statically analyzable), (not statically analyzable)]'. [plugin angular-compiler]

    src/app/features/mercaderista/components/merc-visit-panel/components/balance-form/balance-form.component.ts:31:11:
      31 │   imports: [
         ╵            ^


X [ERROR] TS7006: Parameter 'res' implicitly has an 'any' type. [plugin angular-compiler]

    src/app/features/mercaderista/components/merc-visit-panel/components/balance-form/balance-form.component.ts:177:63:
      177 │ ...is.api.getMercProductosCliente(this.idCliente).subscribe(res => {
          ╵                                                             ~~~


X [ERROR] TS2339: Property 'toLowerCase' does not exist on type 'string'. [plugin angular-compiler]

    src/app/features/mercaderista/components/merc-visit-panel/components/balance-form/balance-form.component.ts:187:31:
      187 │     const q = this.searchQuery.toLowerCase();
          ╵                                ~~~~~~~~~~~


X [ERROR] TS7006: Parameter 'p' implicitly has an 'any' type. [plugin angular-compiler]

    src/app/features/mercaderista/components/merc-visit-panel/components/balance-form/balance-form.component.ts:189:29:
      189 │       this.products().filter(p => p.sku.toLowerCase().includes(q)...
          ╵                              ^


X [ERROR] TS7006: Parameter 'x' implicitly has an 'any' type. [plugin angular-compiler]

    src/app/features/mercaderista/components/merc-visit-panel/components/balance-form/balance-form.component.ts:194:34:
      194 │     if (this.addedProducts().some(x => x.id === p.id)) {
          ╵                                   ^


X [ERROR] TS7006: Parameter 'list' implicitly has an 'any' type. [plugin angular-compiler]

    src/app/features/mercaderista/components/merc-visit-panel/components/balance-form/balance-form.component.ts:215:30:
      215 │     this.addedProducts.update(list => [...list, balance]);
          ╵                               ~~~~


X [ERROR] TS7006: Parameter 'list' implicitly has an 'any' type. [plugin angular-compiler]

    src/app/features/mercaderista/components/merc-visit-panel/components/balance-form/balance-form.component.ts:221:30:
      221 │     this.addedProducts.update(list => list.filter(x => x.id !== i...
          ╵                               ~~~~


X [ERROR] TS7006: Parameter 'x' implicitly has an 'any' type. [plugin angular-compiler]

    src/app/features/mercaderista/components/merc-visit-panel/components/balance-form/balance-form.component.ts:221:50:
      221 │ ...this.addedProducts.update(list => list.filter(x => x.id !== id));
          ╵                                                  ^


X [ERROR] TS7006: Parameter 'p' implicitly has an 'any' type. [plugin angular-compiler]

    src/app/features/mercaderista/components/merc-visit-panel/components/balance-form/balance-form.component.ts:229:42:
      229 │       productos: this.addedProducts().map(p => ({
          ╵                                           ^


X [ERROR] TS2307: Cannot find module '@angular/core' or its corresponding type declarations. [plugin angular-compiler]

    src/app/features/mercaderista/components/merc-visit-panel/components/photo-grid/photo-grid.component.ts:1:57:
      1 │ ... { Component, Input, OnInit, signal, inject } from '@angular/core';
        ╵                                                       ~~~~~~~~~~~~~~~


X [ERROR] TS2307: Cannot find module '@angular/common' or its corresponding type declarations. [plugin angular-compiler]

    src/app/features/mercaderista/components/merc-visit-panel/components/photo-grid/photo-grid.component.ts:2:29:
      2 │ import { CommonModule } from '@angular/common';
        ╵                              ~~~~~~~~~~~~~~~~~


X [ERROR] TS2307: Cannot find module '@angular/material/icon' or its corresponding type declarations. [plugin angular-compiler]

    src/app/features/mercaderista/components/merc-visit-panel/components/photo-grid/photo-grid.component.ts:3:30:
      3 │ import { MatIconModule } from '@angular/material/icon';
        ╵                               ~~~~~~~~~~~~~~~~~~~~~~~~


X [ERROR] TS2307: Cannot find module '@angular/material/progress-spinner' or its corresponding type declarations. [plugin angular-compiler]

    src/app/features/mercaderista/components/merc-visit-panel/components/photo-grid/photo-grid.component.ts:4:41:
      4 │ ...tProgressSpinnerModule } from '@angular/material/progress-spinner';
        ╵                                  ~~~~~~~~~~~~~~~~~~~~~~~~~~~~~~~~~~~~


X [ERROR] TS2307: Cannot find module '@angular/material/snack-bar' or its corresponding type declarations. [plugin angular-compiler]

    src/app/features/mercaderista/components/merc-visit-panel/components/photo-grid/photo-grid.component.ts:5:28:
      5 │ import { MatSnackBar } from '@angular/material/snack-bar';
        ╵                             ~~~~~~~~~~~~~~~~~~~~~~~~~~~~~


X [ERROR] TS-991010: 'imports' must be an array of components, directives, pipes, or NgModules.
  Value is of type '[(not statically analyzable), (not statically analyzable), (not statically analyzable)]'. [plugin angular-compiler]

    src/app/features/mercaderista/components/merc-visit-panel/components/photo-grid/photo-grid.component.ts:12:11:
      12 │   imports: [CommonModule, MatIconModule, MatProgressSpinnerModule],
         ╵            ~~~~~~~~~~~~~~~~~~~~~~~~~~~~~~~~~~~~~~~~~~~~~~~~~~~~~~~


X [ERROR] TS-991010: 'imports' must be an array of components, directives, pipes, or NgModules.
  Value is of type '[(not statically analyzable), (not statically analyzable), (not statically analyzable)]'. [plugin angular-compiler]

    src/app/features/mercaderista/components/merc-visit-panel/components/photo-grid/photo-grid.component.ts:12:11:
      12 │   imports: [CommonModule, MatIconModule, MatProgressSpinnerModule],
         ╵            ~~~~~~~~~~~~~~~~~~~~~~~~~~~~~~~~~~~~~~~~~~~~~~~~~~~~~~~


X [ERROR] TS-991010: 'imports' must be an array of components, directives, pipes, or NgModules.
  Value is of type '[(not statically analyzable), (not statically analyzable), (not statically analyzable)]'. [plugin angular-compiler]

    src/app/features/mercaderista/components/merc-visit-panel/components/photo-grid/photo-grid.component.ts:12:11:
      12 │   imports: [CommonModule, MatIconModule, MatProgressSpinnerModule],
         ╵            ~~~~~~~~~~~~~~~~~~~~~~~~~~~~~~~~~~~~~~~~~~~~~~~~~~~~~~~


X [ERROR] TS2583: Cannot find name 'Set'. Do you need to change your target library? Try changing the 'lib' compiler option to 'es2015' or later. [plugin angular-compiler]

    src/app/features/mercaderista/components/merc-visit-panel/components/photo-grid/photo-grid.component.ts:89:21:
      89 │   uploading = signal<Set<string>>(new Set());
         ╵                      ~~~


X [ERROR] TS2583: Cannot find name 'Set'. Do you need to change your target library? Try changing the 'lib' compiler option to 'es2015' or later. [plugin angular-compiler]

    src/app/features/mercaderista/components/merc-visit-panel/components/photo-grid/photo-grid.component.ts:89:38:
      89 │   uploading = signal<Set<string>>(new Set());
         ╵                                       ~~~


X [ERROR] TS7006: Parameter 'res' implicitly has an 'any' type. [plugin angular-compiler]

    src/app/features/mercaderista/components/merc-visit-panel/components/photo-grid/photo-grid.component.ts:94:53:
      94 │     this.api.getFotosVisita(this.visitaId).subscribe(res => {
         ╵                                                      ~~~


X [ERROR] TS2584: Cannot find name 'document'. Do you need to change your target library? Try changing the 'lib' compiler option to include 'dom'. [plugin angular-compiler]

    src/app/features/mercaderista/components/merc-visit-panel/components/photo-grid/photo-grid.component.ts:100:18:
      100 │     const input = document.getElementById((source === 'cam' ? 'ca...
          ╵                   ~~~~~~~~


X [ERROR] TS2304: Cannot find name 'HTMLInputElement'. [plugin angular-compiler]

    src/app/features/mercaderista/components/merc-visit-panel/components/photo-grid/photo-grid.component.ts:100:97:
      100 │ ... === 'cam' ? 'cam-' : 'gal-') + tipo.codigo) as HTMLInputElement;
          ╵                                                    ~~~~~~~~~~~~~~~~


X [ERROR] TS2697: An async function or method must return a 'Promise'. Make sure you have a declaration for 'Promise' or include 'ES2015' in your '--lib' option. [plugin angular-compiler]

    src/app/features/mercaderista/components/merc-visit-panel/components/photo-grid/photo-grid.component.ts:106:8:
      106 │   async onFiles(event: Event, tipo: any) {
          ╵         ~~~~~~~


X [ERROR] TS2304: Cannot find name 'Event'. [plugin angular-compiler]

    src/app/features/mercaderista/components/merc-visit-panel/components/photo-grid/photo-grid.component.ts:106:23:
      106 │   async onFiles(event: Event, tipo: any) {
          ╵                        ~~~~~


X [ERROR] TS2304: Cannot find name 'HTMLInputElement'. [plugin angular-compiler]

    src/app/features/mercaderista/components/merc-visit-panel/components/photo-grid/photo-grid.component.ts:107:34:
      107 │     const input = event.target as HTMLInputElement;
          ╵                                   ~~~~~~~~~~~~~~~~


X [ERROR] TS2304: Cannot find name 'Array'. [plugin angular-compiler]

    src/app/features/mercaderista/components/merc-visit-panel/components/photo-grid/photo-grid.component.ts:108:18:
      108 │     const files = Array.from(input.files || []);
          ╵                   ~~~~~


X [ERROR] TS7006: Parameter 's' implicitly has an 'any' type. [plugin angular-compiler]

    src/app/features/mercaderista/components/merc-visit-panel/components/photo-grid/photo-grid.component.ts:112:26:
      112 │     this.uploading.update(s => { s.add(tipo.codigo); return new S...
          ╵                           ^


X [ERROR] TS2583: Cannot find name 'Set'. Do you need to change your target library? Try changing the 'lib' compiler option to 'es2015' or later. [plugin angular-compiler]

    src/app/features/mercaderista/components/merc-visit-panel/components/photo-grid/photo-grid.component.ts:112:64:
      112 │ ...ploading.update(s => { s.add(tipo.codigo); return new Set(s); });
          ╵                                                          ~~~


X [ERROR] TS2304: Cannot find name 'setTimeout'. [plugin angular-compiler]

    src/app/features/mercaderista/components/merc-visit-panel/components/photo-grid/photo-grid.component.ts:118:6:
      118 │       setTimeout(() => {
          ╵       ~~~~~~~~~~


X [ERROR] TS7006: Parameter 's' implicitly has an 'any' type. [plugin angular-compiler]

    src/app/features/mercaderista/components/merc-visit-panel/components/photo-grid/photo-grid.component.ts:119:30:
      119 │         this.uploading.update(s => { s.delete(tipo.codigo); retur...
          ╵                               ^


X [ERROR] TS2583: Cannot find name 'Set'. Do you need to change your target library? Try changing the 'lib' compiler option to 'es2015' or later. [plugin angular-compiler]

    src/app/features/mercaderista/components/merc-visit-panel/components/photo-grid/photo-grid.component.ts:119:71:
      119 │ ...ading.update(s => { s.delete(tipo.codigo); return new Set(s); });
          ╵                                                          ~~~


X [ERROR] TS2304: Cannot find name 'confirm'. [plugin angular-compiler]

    src/app/features/mercaderista/components/merc-visit-panel/components/photo-grid/photo-grid.component.ts:126:9:
      126 │     if (!confirm('¿Eliminar esta foto?')) return;
          ╵          ~~~~~~~


X [ERROR] TS7006: Parameter 'list' implicitly has an 'any' type. [plugin angular-compiler]

    src/app/features/mercaderista/components/merc-visit-panel/components/photo-grid/photo-grid.component.ts:127:22:
      127 │     this.tipos.update(list => list.map(t => t.codigo === tipo.codigo
          ╵                       ~~~~


X [ERROR] TS7006: Parameter 't' implicitly has an 'any' type. [plugin angular-compiler]

    src/app/features/mercaderista/components/merc-visit-panel/components/photo-grid/photo-grid.component.ts:127:39:
      127 │     this.tipos.update(list => list.map(t => t.codigo === tipo.codigo
          ╵                                        ^


X [ERROR] TS2307: Cannot find module '@angular/core' or its corresponding type declarations. [plugin angular-compiler]

    src/app/features/mercaderista/components/merc-visit-panel/merc-visit-panel.component.ts:1:57:
      1 │ ... { Component, Input, signal, inject, OnInit } from '@angular/core';
        ╵                                                       ~~~~~~~~~~~~~~~


X [ERROR] TS2307: Cannot find module '@angular/common' or its corresponding type declarations. [plugin angular-compiler]

    src/app/features/mercaderista/components/merc-visit-panel/merc-visit-panel.component.ts:2:29:
      2 │ import { CommonModule } from '@angular/common';
        ╵                              ~~~~~~~~~~~~~~~~~


X [ERROR] TS2307: Cannot find module '@angular/material/icon' or its corresponding type declarations. [plugin angular-compiler]

    src/app/features/mercaderista/components/merc-visit-panel/merc-visit-panel.component.ts:3:30:
      3 │ import { MatIconModule } from '@angular/material/icon';
        ╵                               ~~~~~~~~~~~~~~~~~~~~~~~~


X [ERROR] TS2307: Cannot find module '@angular/material/button' or its corresponding type declarations. [plugin angular-compiler]

    src/app/features/mercaderista/components/merc-visit-panel/merc-visit-panel.component.ts:4:32:
      4 │ import { MatButtonModule } from '@angular/material/button';
        ╵                                 ~~~~~~~~~~~~~~~~~~~~~~~~~~


X [ERROR] TS2307: Cannot find module '@angular/material/tabs' or its corresponding type declarations. [plugin angular-compiler]

    src/app/features/mercaderista/components/merc-visit-panel/merc-visit-panel.component.ts:5:30:
      5 │ import { MatTabsModule } from '@angular/material/tabs';
        ╵                               ~~~~~~~~~~~~~~~~~~~~~~~~


X [ERROR] TS-991010: 'imports' must be an array of components, directives, pipes, or NgModules.
  Value is of type '[(not statically analyzable), (not statically analyzable), (not statically analyzable), (not statically analyzable), PhotoGridComponent, BalanceFormComponent]'. [plugin angular-compiler]

    src/app/features/mercaderista/components/merc-visit-panel/merc-visit-panel.component.ts:14:11:
      14 │   imports: [CommonModule, MatIconModule, MatButtonModule, MatTabsM...
         ╵            ~~~~~~~~~~~~~~~~~~~~~~~~~~~~~~~~~~~~~~~~~~~~~~~~~~~~~~~


X [ERROR] TS-991010: 'imports' must be an array of components, directives, pipes, or NgModules.
  Value is of type '[(not statically analyzable), (not statically analyzable), (not statically analyzable), (not statically analyzable), PhotoGridComponent, BalanceFormComponent]'. [plugin angular-compiler]

    src/app/features/mercaderista/components/merc-visit-panel/merc-visit-panel.component.ts:14:11:
      14 │   imports: [CommonModule, MatIconModule, MatButtonModule, MatTabsM...
         ╵            ~~~~~~~~~~~~~~~~~~~~~~~~~~~~~~~~~~~~~~~~~~~~~~~~~~~~~~~


X [ERROR] TS-991010: 'imports' must be an array of components, directives, pipes, or NgModules.
  Value is of type '[(not statically analyzable), (not statically analyzable), (not statically analyzable), (not statically analyzable), PhotoGridComponent, BalanceFormComponent]'. [plugin angular-compiler]

    src/app/features/mercaderista/components/merc-visit-panel/merc-visit-panel.component.ts:14:11:
      14 │   imports: [CommonModule, MatIconModule, MatButtonModule, MatTabsM...
         ╵            ~~~~~~~~~~~~~~~~~~~~~~~~~~~~~~~~~~~~~~~~~~~~~~~~~~~~~~~


X [ERROR] TS-991010: 'imports' must be an array of components, directives, pipes, or NgModules.
  Value is of type '[(not statically analyzable), (not statically analyzable), (not statically analyzable), (not statically analyzable), PhotoGridComponent, BalanceFormComponent]'. [plugin angular-compiler]

    src/app/features/mercaderista/components/merc-visit-panel/merc-visit-panel.component.ts:14:11:
      14 │   imports: [CommonModule, MatIconModule, MatButtonModule, MatTabsM...
         ╵            ~~~~~~~~~~~~~~~~~~~~~~~~~~~~~~~~~~~~~~~~~~~~~~~~~~~~~~~


X [ERROR] TS2307: Cannot find module '@angular/core' or its corresponding type declarations. [plugin angular-compiler]

    src/app/features/mercaderista/components/merc-visitas/merc-visitas.component.ts:1:60:
      1 │ ...Component, OnInit, signal, inject, computed } from '@angular/core';
        ╵                                                       ~~~~~~~~~~~~~~~


X [ERROR] TS2307: Cannot find module '@angular/common' or its corresponding type declarations. [plugin angular-compiler]

    src/app/features/mercaderista/components/merc-visitas/merc-visitas.component.ts:2:29:
      2 │ import { CommonModule } from '@angular/common';
        ╵                              ~~~~~~~~~~~~~~~~~


X [ERROR] TS2307: Cannot find module '@angular/forms' or its corresponding type declarations. [plugin angular-compiler]

    src/app/features/mercaderista/components/merc-visitas/merc-visitas.component.ts:3:28:
      3 │ import { FormsModule } from '@angular/forms';
        ╵                             ~~~~~~~~~~~~~~~~


X [ERROR] TS2307: Cannot find module '@angular/material/icon' or its corresponding type declarations. [plugin angular-compiler]

    src/app/features/mercaderista/components/merc-visitas/merc-visitas.component.ts:4:30:
      4 │ import { MatIconModule } from '@angular/material/icon';
        ╵                               ~~~~~~~~~~~~~~~~~~~~~~~~


X [ERROR] TS2307: Cannot find module '@angular/material/button' or its corresponding type declarations. [plugin angular-compiler]

    src/app/features/mercaderista/components/merc-visitas/merc-visitas.component.ts:5:32:
      5 │ import { MatButtonModule } from '@angular/material/button';
        ╵                                 ~~~~~~~~~~~~~~~~~~~~~~~~~~


X [ERROR] TS2307: Cannot find module '@angular/material/progress-spinner' or its corresponding type declarations. [plugin angular-compiler]

    src/app/features/mercaderista/components/merc-visitas/merc-visitas.component.ts:6:41:
      6 │ ...tProgressSpinnerModule } from '@angular/material/progress-spinner';
        ╵                                  ~~~~~~~~~~~~~~~~~~~~~~~~~~~~~~~~~~~~


X [ERROR] TS2307: Cannot find module '@angular/material/form-field' or its corresponding type declarations. [plugin angular-compiler]

    src/app/features/mercaderista/components/merc-visitas/merc-visitas.component.ts:7:35:
      7 │ import { MatFormFieldModule } from '@angular/material/form-field';
        ╵                                    ~~~~~~~~~~~~~~~~~~~~~~~~~~~~~~


X [ERROR] TS2307: Cannot find module '@angular/material/input' or its corresponding type declarations. [plugin angular-compiler]

    src/app/features/mercaderista/components/merc-visitas/merc-visitas.component.ts:8:31:
      8 │ import { MatInputModule } from '@angular/material/input';
        ╵                                ~~~~~~~~~~~~~~~~~~~~~~~~~


X [ERROR] TS2307: Cannot find module '@angular/material/select' or its corresponding type declarations. [plugin angular-compiler]

    src/app/features/mercaderista/components/merc-visitas/merc-visitas.component.ts:9:32:
      9 │ import { MatSelectModule } from '@angular/material/select';
        ╵                                 ~~~~~~~~~~~~~~~~~~~~~~~~~~


X [ERROR] TS-991010: 'imports' must be an array of components, directives, pipes, or NgModules.
  Value is of type '[(not statically analyzable), (not statically analyzable), (not statically analyzable), (not statically analyzable), (not statically analyzable), (not statically analyzable), (not statically analyzable), (not statically analyzable)]'. [plugin angular-compiler]

    src/app/features/mercaderista/components/merc-visitas/merc-visitas.component.ts:16:11:
      16 │   imports: [
         ╵            ^


X [ERROR] TS-991010: 'imports' must be an array of components, directives, pipes, or NgModules.
  Value is of type '[(not statically analyzable), (not statically analyzable), (not statically analyzable), (not statically analyzable), (not statically analyzable), (not statically analyzable), (not statically analyzable), (not statically analyzable)]'. [plugin angular-compiler]

    src/app/features/mercaderista/components/merc-visitas/merc-visitas.component.ts:16:11:
      16 │   imports: [
         ╵            ^


X [ERROR] TS-991010: 'imports' must be an array of components, directives, pipes, or NgModules.
  Value is of type '[(not statically analyzable), (not statically analyzable), (not statically analyzable), (not statically analyzable), (not statically analyzable), (not statically analyzable), (not statically analyzable), (not statically analyzable)]'. [plugin angular-compiler]

    src/app/features/mercaderista/components/merc-visitas/merc-visitas.component.ts:16:11:
      16 │   imports: [
         ╵            ^


X [ERROR] TS-991010: 'imports' must be an array of components, directives, pipes, or NgModules.
  Value is of type '[(not statically analyzable), (not statically analyzable), (not statically analyzable), (not statically analyzable), (not statically analyzable), (not statically analyzable), (not statically analyzable), (not statically analyzable)]'. [plugin angular-compiler]

    src/app/features/mercaderista/components/merc-visitas/merc-visitas.component.ts:16:11:
      16 │   imports: [
         ╵            ^


X [ERROR] TS-991010: 'imports' must be an array of components, directives, pipes, or NgModules.
  Value is of type '[(not statically analyzable), (not statically analyzable), (not statically analyzable), (not statically analyzable), (not statically analyzable), (not statically analyzable), (not statically analyzable), (not statically analyzable)]'. [plugin angular-compiler]

    src/app/features/mercaderista/components/merc-visitas/merc-visitas.component.ts:16:11:
      16 │   imports: [
         ╵            ^


X [ERROR] TS-991010: 'imports' must be an array of components, directives, pipes, or NgModules.
  Value is of type '[(not statically analyzable), (not statically analyzable), (not statically analyzable), (not statically analyzable), (not statically analyzable), (not statically analyzable), (not statically analyzable), (not statically analyzable)]'. [plugin angular-compiler]

    src/app/features/mercaderista/components/merc-visitas/merc-visitas.component.ts:16:11:
      16 │   imports: [
         ╵            ^


X [ERROR] TS-991010: 'imports' must be an array of components, directives, pipes, or NgModules.
  Value is of type '[(not statically analyzable), (not statically analyzable), (not statically analyzable), (not statically analyzable), (not statically analyzable), (not statically analyzable), (not statically analyzable), (not statically analyzable)]'. [plugin angular-compiler]

    src/app/features/mercaderista/components/merc-visitas/merc-visitas.component.ts:16:11:
      16 │   imports: [
         ╵            ^


X [ERROR] TS-991010: 'imports' must be an array of components, directives, pipes, or NgModules.
  Value is of type '[(not statically analyzable), (not statically analyzable), (not statically analyzable), (not statically analyzable), (not statically analyzable), (not statically analyzable), (not statically analyzable), (not statically analyzable)]'. [plugin angular-compiler]

    src/app/features/mercaderista/components/merc-visitas/merc-visitas.component.ts:16:11:
      16 │   imports: [
         ╵            ^


X [ERROR] TS2583: Cannot find name 'Set'. Do you need to change your target library? Try changing the 'lib' compiler option to 'es2015' or later. [plugin angular-compiler]

    src/app/features/mercaderista/components/merc-visitas/merc-visitas.component.ts:162:34:
      162 │ ...ains = computed(() => [...new Set(this.visitas().map(v => v.ca...
          ╵                                  ~~~


X [ERROR] TS7006: Parameter 'v' implicitly has an 'any' type. [plugin angular-compiler]

    src/app/features/mercaderista/components/merc-visitas/merc-visitas.component.ts:162:57:
      162 │ ...[...new Set(this.visitas().map(v => v.cadena))].filter(Boolean));
          ╵                                   ^


X [ERROR] TS2339: Property 'filter' does not exist on type '{}'. [plugin angular-compiler]

    src/app/features/mercaderista/components/merc-visitas/merc-visitas.component.ts:162:74:
      162 │ ...[...new Set(this.visitas().map(v => v.cadena))].filter(Boolean));
          ╵                                                    ~~~~~~


X [ERROR] TS2304: Cannot find name 'Boolean'. [plugin angular-compiler]

    src/app/features/mercaderista/components/merc-visitas/merc-visitas.component.ts:162:81:
      162 │ ...[...new Set(this.visitas().map(v => v.cadena))].filter(Boolean));
          ╵                                                           ~~~~~~~


X [ERROR] TS2583: Cannot find name 'Set'. Do you need to change your target library? Try changing the 'lib' compiler option to 'es2015' or later. [plugin angular-compiler]

    src/app/features/mercaderista/components/merc-visitas/merc-visitas.component.ts:163:35:
      163 │ ...ents = computed(() => [...new Set(this.visitas().map(v => v.cl...
          ╵                                  ~~~


X [ERROR] TS7006: Parameter 'v' implicitly has an 'any' type. [plugin angular-compiler]

    src/app/features/mercaderista/components/merc-visitas/merc-visitas.component.ts:163:58:
      163 │ ...[...new Set(this.visitas().map(v => v.cliente_nombre))].filter...
          ╵                                   ^


X [ERROR] TS2339: Property 'filter' does not exist on type '{}'. [plugin angular-compiler]

    src/app/features/mercaderista/components/merc-visitas/merc-visitas.component.ts:163:83:
      163 │ ...Set(this.visitas().map(v => v.cliente_nombre))].filter(Boolean));
          ╵                                                    ~~~~~~


X [ERROR] TS2304: Cannot find name 'Boolean'. [plugin angular-compiler]

    src/app/features/mercaderista/components/merc-visitas/merc-visitas.component.ts:163:90:
      163 │ ...Set(this.visitas().map(v => v.cliente_nombre))].filter(Boolean));
          ╵                                                           ~~~~~~~


X [ERROR] TS7006: Parameter 'v' implicitly has an 'any' type. [plugin angular-compiler]

    src/app/features/mercaderista/components/merc-visitas/merc-visitas.component.ts:166:33:
      166 │     return this.visitas().filter(v => {
          ╵                                  ^


X [ERROR] TS2339: Property 'toLowerCase' does not exist on type 'string'. [plugin angular-compiler]

    src/app/features/mercaderista/components/merc-visitas/merc-visitas.component.ts:168:61:
      168 │ ..._nombre.toLowerCase().includes(this.searchQuery.toLowerCase()) ||
          ╵                                                    ~~~~~~~~~~~


X [ERROR] TS2339: Property 'toLowerCase' does not exist on type 'string'. [plugin angular-compiler]

    src/app/features/mercaderista/components/merc-visitas/merc-visitas.component.ts:169:65:
      169 │ ...te_nombre.toLowerCase().includes(this.searchQuery.toLowerCase());
          ╵                                                      ~~~~~~~~~~~


X [ERROR] TS2304: Cannot find name 'Date'. [plugin angular-compiler]

    src/app/features/mercaderista/components/merc-visitas/merc-visitas.component.ts:188:19:
      188 │     const fi = new Date();
          ╵                    ~~~~


X [ERROR] TS7006: Parameter 'res' implicitly has an 'any' type. [plugin angular-compiler]

    src/app/features/mercaderista/components/merc-visitas/merc-visitas.component.ts:192:13:
      192 │       next: (res) => {
          ╵              ~~~


X [ERROR] TS2307: Cannot find module '@angular/core' or its corresponding type declarations. [plugin angular-compiler]

    src/app/features/mercaderista/mercaderista.component.ts:1:50:
      1 │ import { Component, OnInit, signal, inject } from '@angular/core';
        ╵                                                   ~~~~~~~~~~~~~~~


X [ERROR] TS2307: Cannot find module '@angular/common' or its corresponding type declarations. [plugin angular-compiler]

    src/app/features/mercaderista/mercaderista.component.ts:2:29:
      2 │ import { CommonModule } from '@angular/common';
        ╵                              ~~~~~~~~~~~~~~~~~


X [ERROR] TS2307: Cannot find module '@angular/material/tabs' or its corresponding type declarations. [plugin angular-compiler]

    src/app/features/mercaderista/mercaderista.component.ts:3:30:
      3 │ import { MatTabsModule } from '@angular/material/tabs';
        ╵                               ~~~~~~~~~~~~~~~~~~~~~~~~


X [ERROR] TS2307: Cannot find module '@angular/material/icon' or its corresponding type declarations. [plugin angular-compiler]

    src/app/features/mercaderista/mercaderista.component.ts:4:30:
      4 │ import { MatIconModule } from '@angular/material/icon';
        ╵                               ~~~~~~~~~~~~~~~~~~~~~~~~


X [ERROR] TS2307: Cannot find module '@angular/material/badge' or its corresponding type declarations. [plugin angular-compiler]

    src/app/features/mercaderista/mercaderista.component.ts:5:31:
      5 │ import { MatBadgeModule } from '@angular/material/badge';
        ╵                                ~~~~~~~~~~~~~~~~~~~~~~~~~


X [ERROR] TS2307: Cannot find module '@angular/material/button' or its corresponding type declarations. [plugin angular-compiler]

    src/app/features/mercaderista/mercaderista.component.ts:6:32:
      6 │ import { MatButtonModule } from '@angular/material/button';
        ╵                                 ~~~~~~~~~~~~~~~~~~~~~~~~~~


X [ERROR] TS-991010: 'imports' must be an array of components, directives, pipes, or NgModules.
  Value is of type '[(not statically analyzable), (not statically analyzable), (not statically analyzable), (not statically analyzable), (not statically analyzable), MercRutaComponent, MercVisitasComponent, MercChatComponent, MercPerfilComponent, MercVisitPanelComponent]'. [plugin angular-compiler]

    src/app/features/mercaderista/mercaderista.component.ts:18:11:
      18 │   imports: [
         ╵            ^


X [ERROR] TS-991010: 'imports' must be an array of components, directives, pipes, or NgModules.
  Value is of type '[(not statically analyzable), (not statically analyzable), (not statically analyzable), (not statically analyzable), (not statically analyzable), MercRutaComponent, MercVisitasComponent, MercChatComponent, MercPerfilComponent, MercVisitPanelComponent]'. [plugin angular-compiler]

    src/app/features/mercaderista/mercaderista.component.ts:18:11:
      18 │   imports: [
         ╵            ^


X [ERROR] TS-991010: 'imports' must be an array of components, directives, pipes, or NgModules.
  Value is of type '[(not statically analyzable), (not statically analyzable), (not statically analyzable), (not statically analyzable), (not statically analyzable), MercRutaComponent, MercVisitasComponent, MercChatComponent, MercPerfilComponent, MercVisitPanelComponent]'. [plugin angular-compiler]

    src/app/features/mercaderista/mercaderista.component.ts:18:11:
      18 │   imports: [
         ╵            ^


X [ERROR] TS-991010: 'imports' must be an array of components, directives, pipes, or NgModules.
  Value is of type '[(not statically analyzable), (not statically analyzable), (not statically analyzable), (not statically analyzable), (not statically analyzable), MercRutaComponent, MercVisitasComponent, MercChatComponent, MercPerfilComponent, MercVisitPanelComponent]'. [plugin angular-compiler]

    src/app/features/mercaderista/mercaderista.component.ts:18:11:
      18 │   imports: [
         ╵            ^


X [ERROR] TS-991010: 'imports' must be an array of components, directives, pipes, or NgModules.
  Value is of type '[(not statically analyzable), (not statically analyzable), (not statically analyzable), (not statically analyzable), (not statically analyzable), MercRutaComponent, MercVisitasComponent, MercChatComponent, MercPerfilComponent, MercVisitPanelComponent]'. [plugin angular-compiler]

    src/app/features/mercaderista/mercaderista.component.ts:18:11:
      18 │   imports: [
         ╵            ^


X [ERROR] TS2304: Cannot find name 'navigator'. [plugin angular-compiler]

    src/app/features/mercaderista/mercaderista.component.ts:26:20:
      26 │   isOnline = signal(navigator.onLine);
         ╵                     ~~~~~~~~~


X [ERROR] TS2304: Cannot find name 'Date'. [plugin angular-compiler]

    src/app/features/mercaderista/mercaderista.component.ts:28:14:
      28 │   today = new Date().toLocaleDateString('es-VE', { weekday: 'long'...
         ╵               ~~~~


X [ERROR] TS7006: Parameter 'v' implicitly has an 'any' type. [plugin angular-compiler]

    src/app/features/mercaderista/mercaderista.component.ts:34:37:
      34 │     this.offline.isOnline$.subscribe(v => this.isOnline.set(v));
         ╵                                      ^


X [ERROR] TS7006: Parameter 'v' implicitly has an 'any' type. [plugin angular-compiler]

    src/app/features/mercaderista/mercaderista.component.ts:35:41:
      35 │ ...s.offline.pendingCount$.subscribe(v => this.pendingPhotos.set(v));
         ╵                                      ^


X [ERROR] TS2307: Cannot find module '@angular/core' or its corresponding type declarations. [plugin angular-compiler]

    src/app/features/mercaderista/services/merc-socket.service.ts:1:38:
      1 │ import { Injectable, OnDestroy } from '@angular/core';
        ╵                                       ~~~~~~~~~~~~~~~


X [ERROR] TS2307: Cannot find module '@angular/common/http' or its corresponding type declarations. [plugin angular-compiler]

    src/app/features/mercaderista/services/merc-socket.service.ts:2:27:
      2 │ import { HttpClient } from '@angular/common/http';
        ╵                            ~~~~~~~~~~~~~~~~~~~~~~


X [ERROR] TS2307: Cannot find module 'rxjs' or its corresponding type declarations. [plugin angular-compiler]

    src/app/features/mercaderista/services/merc-socket.service.ts:3:63:
      3 │ import { BehaviorSubject, Subject, Observable, interval } from 'rxjs';
        ╵                                                                ~~~~~~


X [ERROR] TS2307: Cannot find module 'rxjs/operators' or its corresponding type declarations. [plugin angular-compiler]

    src/app/features/mercaderista/services/merc-socket.service.ts:4:48:
      4 │ import { takeUntil, switchMap, startWith } from 'rxjs/operators';
        ╵                                                 ~~~~~~~~~~~~~~~~


X [ERROR] TS-992003: No suitable injection token for parameter 'http' of class 'MercSocketService'.
  Consider using the @Inject decorator to specify an injection token. [plugin angular-compiler]

    src/app/features/mercaderista/services/merc-socket.service.ts:25:22:
      25 │   constructor(private http: HttpClient) {}
         ╵                       ~~~~

  This type does not have a value, so it cannot be used as injection token.

    src/app/features/mercaderista/services/merc-socket.service.ts:25:28:
      25 │   constructor(private http: HttpClient) {}
         ╵                             ~~~~~~~~~~


X [ERROR] TS2307: Cannot find module '@angular/core' or its corresponding type declarations. [plugin angular-compiler]

    src/app/features/mercaderista/services/merc-ui.service.ts:1:35:
      1 │ import { Injectable, signal } from '@angular/core';
        ╵                                    ~~~~~~~~~~~~~~~


X [ERROR] TS2307: Cannot find module '@angular/core' or its corresponding type declarations. [plugin angular-compiler]

    src/app/features/mercaderista/services/offline-queue.service.ts:1:27:
      1 │ import { Injectable } from '@angular/core';
        ╵                            ~~~~~~~~~~~~~~~


X [ERROR] TS2307: Cannot find module '@angular/common/http' or its corresponding type declarations. [plugin angular-compiler]

    src/app/features/mercaderista/services/offline-queue.service.ts:2:27:
      2 │ import { HttpClient } from '@angular/common/http';
        ╵                            ~~~~~~~~~~~~~~~~~~~~~~


X [ERROR] TS2307: Cannot find module 'rxjs' or its corresponding type declarations. [plugin angular-compiler]

    src/app/features/mercaderista/services/offline-queue.service.ts:3:54:
      3 │ import { BehaviorSubject, fromEvent, merge, of } from 'rxjs';
        ╵                                                       ~~~~~~


X [ERROR] TS2307: Cannot find module 'rxjs/operators' or its corresponding type declarations. [plugin angular-compiler]

    src/app/features/mercaderista/services/offline-queue.service.ts:4:20:
      4 │ import { map } from 'rxjs/operators';
        ╵                     ~~~~~~~~~~~~~~~~


X [ERROR] TS2304: Cannot find name 'Blob'. [plugin angular-compiler]

    src/app/features/mercaderista/services/offline-queue.service.ts:10:8:
      10 │   file: Blob;
         ╵         ~~~~


X [ERROR] TS2304: Cannot find name 'IDBDatabase'. [plugin angular-compiler]

    src/app/features/mercaderista/services/offline-queue.service.ts:22:14:
      22 │   private db: IDBDatabase | null = null;
         ╵               ~~~~~~~~~~~


X [ERROR] TS2304: Cannot find name 'navigator'. [plugin angular-compiler]

    src/app/features/mercaderista/services/offline-queue.service.ts:28:7:
      28 │     of(navigator.onLine),
         ╵        ~~~~~~~~~


X [ERROR] TS2304: Cannot find name 'window'. [plugin angular-compiler]

    src/app/features/mercaderista/services/offline-queue.service.ts:29:14:
      29 │     fromEvent(window, 'online').pipe(map(() => true)),
         ╵               ~~~~~~


X [ERROR] TS2304: Cannot find name 'window'. [plugin angular-compiler]

    src/app/features/mercaderista/services/offline-queue.service.ts:30:14:
      30 │     fromEvent(window, 'offline').pipe(map(() => false)),
         ╵               ~~~~~~


X [ERROR] TS-992003: No suitable injection token for parameter 'http' of class 'OfflineQueueService'.
  Consider using the @Inject decorator to specify an injection token. [plugin angular-compiler]

    src/app/features/mercaderista/services/offline-queue.service.ts:33:22:
      33 │   constructor(private http: HttpClient) {
         ╵                       ~~~~

  This type does not have a value, so it cannot be used as injection token.

    src/app/features/mercaderista/services/offline-queue.service.ts:33:28:
      33 │   constructor(private http: HttpClient) {
         ╵                             ~~~~~~~~~~


X [ERROR] TS2304: Cannot find name 'window'. [plugin angular-compiler]

    src/app/features/mercaderista/services/offline-queue.service.ts:36:14:
      36 │     fromEvent(window, 'online').subscribe(() => this.syncQueue());
         ╵               ~~~~~~


X [ERROR] TS2583: Cannot find name 'Promise'. Do you need to change your target library? Try changing the 'lib' compiler option to 'es2015' or later. [plugin angular-compiler]

    src/app/features/mercaderista/services/offline-queue.service.ts:39:26:
      39 │   private async initDB(): Promise<void> {
         ╵                           ~~~~~~~


X [ERROR] TS2583: Cannot find name 'Promise'. Do you need to change your target library? Try changing the 'lib' compiler option to 'es2015' or later. [plugin angular-compiler]

    src/app/features/mercaderista/services/offline-queue.service.ts:40:15:
      40 │     return new Promise((resolve, reject) => {
         ╵                ~~~~~~~


X [ERROR] TS7006: Parameter 'resolve' implicitly has an 'any' type. [plugin angular-compiler]

    src/app/features/mercaderista/services/offline-queue.service.ts:40:24:
      40 │     return new Promise((resolve, reject) => {
         ╵                         ~~~~~~~


X [ERROR] TS7006: Parameter 'reject' implicitly has an 'any' type. [plugin angular-compiler]

    src/app/features/mercaderista/services/offline-queue.service.ts:40:33:
      40 │     return new Promise((resolve, reject) => {
         ╵                                  ~~~~~~


X [ERROR] TS2304: Cannot find name 'indexedDB'. [plugin angular-compiler]

    src/app/features/mercaderista/services/offline-queue.service.ts:41:18:
      41 │       const req = indexedDB.open(DB_NAME, DB_VERSION);
         ╵                   ~~~~~~~~~


X [ERROR] TS7006: Parameter 'e' implicitly has an 'any' type. [plugin angular-compiler]

    src/app/features/mercaderista/services/offline-queue.service.ts:42:29:
      42 │       req.onupgradeneeded = (e) => {
         ╵                              ^


X [ERROR] TS2304: Cannot find name 'IDBOpenDBRequest'. [plugin angular-compiler]

    src/app/features/mercaderista/services/offline-queue.service.ts:43:32:
      43 │         const db = (e.target as IDBOpenDBRequest).result;
         ╵                                 ~~~~~~~~~~~~~~~~


X [ERROR] TS7006: Parameter 'e' implicitly has an 'any' type. [plugin angular-compiler]

    src/app/features/mercaderista/services/offline-queue.service.ts:48:23:
      48 │       req.onsuccess = (e) => {
         ╵                        ^


X [ERROR] TS2304: Cannot find name 'IDBOpenDBRequest'. [plugin angular-compiler]

    src/app/features/mercaderista/services/offline-queue.service.ts:49:31:
      49 │         this.db = (e.target as IDBOpenDBRequest).result;
         ╵                                ~~~~~~~~~~~~~~~~


X [ERROR] TS2304: Cannot find name 'File'. [plugin angular-compiler]

    src/app/features/mercaderista/services/offline-queue.service.ts:58:63:
      58 │ ...visitaId: number, tipoFoto: string, file: File): Promise<string> {
         ╵                                              ~~~~


X [ERROR] TS2583: Cannot find name 'Promise'. Do you need to change your target library? Try changing the 'lib' compiler option to 'es2015' or later. [plugin angular-compiler]

    src/app/features/mercaderista/services/offline-queue.service.ts:58:70:
      58 │ ...visitaId: number, tipoFoto: string, file: File): Promise<string> {
         ╵                                                     ~~~~~~~


X [ERROR] TS2304: Cannot find name 'crypto'. [plugin angular-compiler]

    src/app/features/mercaderista/services/offline-queue.service.ts:60:10:
      60 │       id: crypto.randomUUID(),
         ╵           ~~~~~~


X [ERROR] TS2304: Cannot find name 'Date'. [plugin angular-compiler]

    src/app/features/mercaderista/services/offline-queue.service.ts:65:17:
      65 │       timestamp: Date.now(),
         ╵                  ~~~~


X [ERROR] TS2304: Cannot find name 'navigator'. [plugin angular-compiler]

    src/app/features/mercaderista/services/offline-queue.service.ts:73:8:
      73 │     if (navigator.onLine) {
         ╵         ~~~~~~~~~


X [ERROR] TS2583: Cannot find name 'Promise'. Do you need to change your target library? Try changing the 'lib' compiler option to 'es2015' or later. [plugin angular-compiler]

    src/app/features/mercaderista/services/offline-queue.service.ts:80:21:
      80 │   async syncQueue(): Promise<void> {
         ╵                      ~~~~~~~


X [ERROR] TS2304: Cannot find name 'navigator'. [plugin angular-compiler]

    src/app/features/mercaderista/services/offline-queue.service.ts:81:9:
      81 │     if (!navigator.onLine) return;
         ╵          ~~~~~~~~~


X [ERROR] TS2583: Cannot find name 'Promise'. Do you need to change your target library? Try changing the 'lib' compiler option to 'es2015' or later. [plugin angular-compiler]

    src/app/features/mercaderista/services/offline-queue.service.ts:90:50:
      90 │   private async uploadPhoto(photo: OfflinePhoto): Promise<void> {
         ╵                                                   ~~~~~~~


X [ERROR] TS2304: Cannot find name 'FormData'. [plugin angular-compiler]

    src/app/features/mercaderista/services/offline-queue.service.ts:93:19:
      93 │     const fd = new FormData();
         ╵                    ~~~~~~~~


X [ERROR] TS2304: Cannot find name 'String'. [plugin angular-compiler]

    src/app/features/mercaderista/services/offline-queue.service.ts:94:27:
      94 │     fd.append('visita_id', String(photo.visitaId));
         ╵                            ~~~~~~


X [ERROR] TS2583: Cannot find name 'Promise'. Do you need to change your target library? Try changing the 'lib' compiler option to 'es2015' or later. [plugin angular-compiler]

    src/app/features/mercaderista/services/offline-queue.service.ts:107:28:
      107 │   async getPendingPhotos(): Promise<OfflinePhoto[]> {
          ╵                             ~~~~~~~


X [ERROR] TS2583: Cannot find name 'Promise'. Do you need to change your target library? Try changing the 'lib' compiler option to 'es2015' or later. [plugin angular-compiler]

    src/app/features/mercaderista/services/offline-queue.service.ts:108:15:
      108 │     return new Promise((resolve) => {
          ╵                ~~~~~~~


X [ERROR] TS7006: Parameter 'resolve' implicitly has an 'any' type. [plugin angular-compiler]

    src/app/features/mercaderista/services/offline-queue.service.ts:108:24:
      108 │     return new Promise((resolve) => {
          ╵                         ~~~~~~~


X [ERROR] TS2583: Cannot find name 'Promise'. Do you need to change your target library? Try changing the 'lib' compiler option to 'es2015' or later. [plugin angular-compiler]

    src/app/features/mercaderista/services/offline-queue.service.ts:117:32:
      117 │   private async refreshCount(): Promise<void> {
          ╵                                 ~~~~~~~


X [ERROR] TS7006: Parameter 'p' implicitly has an 'any' type. [plugin angular-compiler]

    src/app/features/mercaderista/services/offline-queue.service.ts:119:42:
      119 │ ...endingCount.next(photos.filter(p => p.status !== 'done').length);
          ╵                                   ^


X [ERROR] TS2583: Cannot find name 'Promise'. Do you need to change your target library? Try changing the 'lib' compiler option to 'es2015' or later. [plugin angular-compiler]

    src/app/features/mercaderista/services/offline-queue.service.ts:122:38:
      122 │   private dbPut(photo: OfflinePhoto): Promise<void> {
          ╵                                       ~~~~~~~


X [ERROR] TS2583: Cannot find name 'Promise'. Do you need to change your target library? Try changing the 'lib' compiler option to 'es2015' or later. [plugin angular-compiler]

    src/app/features/mercaderista/services/offline-queue.service.ts:123:15:
      123 │     return new Promise((resolve, reject) => {
          ╵                ~~~~~~~


X [ERROR] TS7006: Parameter 'resolve' implicitly has an 'any' type. [plugin angular-compiler]

    src/app/features/mercaderista/services/offline-queue.service.ts:123:24:
      123 │     return new Promise((resolve, reject) => {
          ╵                         ~~~~~~~


X [ERROR] TS7006: Parameter 'reject' implicitly has an 'any' type. [plugin angular-compiler]

    src/app/features/mercaderista/services/offline-queue.service.ts:123:33:
      123 │     return new Promise((resolve, reject) => {
          ╵                                  ~~~~~~


X [ERROR] TS2583: Cannot find name 'Promise'. Do you need to change your target library? Try changing the 'lib' compiler option to 'es2015' or later. [plugin angular-compiler]

    src/app/features/mercaderista/services/offline-queue.service.ts:132:32:
      132 │   private dbDelete(id: string): Promise<void> {
          ╵                                 ~~~~~~~


X [ERROR] TS2583: Cannot find name 'Promise'. Do you need to change your target library? Try changing the 'lib' compiler option to 'es2015' or later. [plugin angular-compiler]

    src/app/features/mercaderista/services/offline-queue.service.ts:133:15:
      133 │     return new Promise((resolve, reject) => {
          ╵                ~~~~~~~


X [ERROR] TS7006: Parameter 'resolve' implicitly has an 'any' type. [plugin angular-compiler]

    src/app/features/mercaderista/services/offline-queue.service.ts:133:24:
      133 │     return new Promise((resolve, reject) => {
          ╵                         ~~~~~~~


X [ERROR] TS7006: Parameter 'reject' implicitly has an 'any' type. [plugin angular-compiler]

    src/app/features/mercaderista/services/offline-queue.service.ts:133:33:
      133 │     return new Promise((resolve, reject) => {
          ╵                                  ~~~~~~


X [ERROR] TS2583: Cannot find name 'Promise'. Do you need to change your target library? Try changing the 'lib' compiler option to 'es2015' or later. [plugin angular-compiler]

    src/app/features/mercaderista/services/offline-queue.service.ts:142:70:
      142 │ ...atus(id: string, status: OfflinePhoto['status']): Promise<void> {
          ╵                                                      ~~~~~~~


X [ERROR] TS2583: Cannot find name 'Promise'. Do you need to change your target library? Try changing the 'lib' compiler option to 'es2015' or later. [plugin angular-compiler]

    src/app/features/mercaderista/services/offline-queue.service.ts:143:15:
      143 │     return new Promise(async (resolve) => {
          ╵                ~~~~~~~


X [ERROR] TS2697: An async function or method must return a 'Promise'. Make sure you have a declaration for 'Promise' or include 'ES2015' in your '--lib' option. [plugin angular-compiler]

    src/app/features/mercaderista/services/offline-queue.service.ts:143:23:
      143 │     return new Promise(async (resolve) => {
          ╵                        ~~~~~~~~~~~~~~~~~~~~


X [ERROR] TS7006: Parameter 'resolve' implicitly has an 'any' type. [plugin angular-compiler]

    src/app/features/mercaderista/services/offline-queue.service.ts:143:30:
      143 │     return new Promise(async (resolve) => {
          ╵                               ~~~~~~~


X [ERROR] TS7006: Parameter 'p' implicitly has an 'any' type. [plugin angular-compiler]

    src/app/features/mercaderista/services/offline-queue.service.ts:145:29:
      145 │       const photo = all.find(p => p.id === id);
          ╵                              ^


X [ERROR] TS2307: Cannot find module '@angular/core' or its corresponding type declarations. [plugin angular-compiler]

    src/app/features/photos/photos.component.ts:1:42:
      1 │ import { Component, OnInit, signal } from '@angular/core';
        ╵                                           ~~~~~~~~~~~~~~~


X [ERROR] TS2307: Cannot find module '@angular/common' or its corresponding type declarations. [plugin angular-compiler]

    src/app/features/photos/photos.component.ts:2:29:
      2 │ import { CommonModule } from '@angular/common';
        ╵                              ~~~~~~~~~~~~~~~~~


X [ERROR] TS2307: Cannot find module '@angular/material/card' or its corresponding type declarations. [plugin angular-compiler]

    src/app/features/photos/photos.component.ts:3:30:
      3 │ import { MatCardModule } from '@angular/material/card';
        ╵                               ~~~~~~~~~~~~~~~~~~~~~~~~


X [ERROR] TS2307: Cannot find module '@angular/material/button' or its corresponding type declarations. [plugin angular-compiler]

    src/app/features/photos/photos.component.ts:4:32:
      4 │ import { MatButtonModule } from '@angular/material/button';
        ╵                                 ~~~~~~~~~~~~~~~~~~~~~~~~~~


X [ERROR] TS2307: Cannot find module '@angular/material/icon' or its corresponding type declarations. [plugin angular-compiler]

    src/app/features/photos/photos.component.ts:5:30:
      5 │ import { MatIconModule } from '@angular/material/icon';
        ╵                               ~~~~~~~~~~~~~~~~~~~~~~~~


X [ERROR] TS2307: Cannot find module '@angular/material/progress-spinner' or its corresponding type declarations. [plugin angular-compiler]

    src/app/features/photos/photos.component.ts:6:41:
      6 │ ...tProgressSpinnerModule } from '@angular/material/progress-spinner';
        ╵                                  ~~~~~~~~~~~~~~~~~~~~~~~~~~~~~~~~~~~~


X [ERROR] TS2307: Cannot find module '@angular/material/form-field' or its corresponding type declarations. [plugin angular-compiler]

    src/app/features/photos/photos.component.ts:7:35:
      7 │ import { MatFormFieldModule } from '@angular/material/form-field';
        ╵                                    ~~~~~~~~~~~~~~~~~~~~~~~~~~~~~~


X [ERROR] TS2307: Cannot find module '@angular/material/select' or its corresponding type declarations. [plugin angular-compiler]

    src/app/features/photos/photos.component.ts:8:32:
      8 │ import { MatSelectModule } from '@angular/material/select';
        ╵                                 ~~~~~~~~~~~~~~~~~~~~~~~~~~


X [ERROR] TS2307: Cannot find module '@angular/material/snack-bar' or its corresponding type declarations. [plugin angular-compiler]

    src/app/features/photos/photos.component.ts:9:47:
      9 │ ...atSnackBar, MatSnackBarModule } from '@angular/material/snack-bar';
        ╵                                         ~~~~~~~~~~~~~~~~~~~~~~~~~~~~~


X [ERROR] TS2307: Cannot find module '@angular/material/tooltip' or its corresponding type declarations. [plugin angular-compiler]

    src/app/features/photos/photos.component.ts:10:33:
      10 │ import { MatTooltipModule } from '@angular/material/tooltip';
         ╵                                  ~~~~~~~~~~~~~~~~~~~~~~~~~~~


X [ERROR] TS2307: Cannot find module '@angular/forms' or its corresponding type declarations. [plugin angular-compiler]

    src/app/features/photos/photos.component.ts:11:28:
      11 │ import { FormsModule } from '@angular/forms';
         ╵                             ~~~~~~~~~~~~~~~~


X [ERROR] TS-992003: No suitable injection token for parameter 'snack' of class 'PhotosComponent'.
  Consider using the @Inject decorator to specify an injection token. [plugin angular-compiler]

    src/app/features/photos/photos.component.ts:30:47:
      30 │   constructor(private api: ApiService, private snack: MatSnackBar) {}
         ╵                                                ~~~~~

  This type does not have a value, so it cannot be used as injection token.

    src/app/features/photos/photos.component.ts:30:54:
      30 │   constructor(private api: ApiService, private snack: MatSnackBar) {}
         ╵                                                       ~~~~~~~~~~~


X [ERROR] TS7006: Parameter 'data' implicitly has an 'any' type. [plugin angular-compiler]

    src/app/features/photos/photos.component.ts:37:13:
      37 │       next: (data) => {
         ╵              ~~~~


X [ERROR] TS7006: Parameter 'ps' implicitly has an 'any' type. [plugin angular-compiler]

    src/app/features/photos/photos.component.ts:50:28:
      50 │         this.photos.update((ps) => ps.filter((p) => p.id !== foto....
         ╵                             ~~


X [ERROR] TS7006: Parameter 'p' implicitly has an 'any' type. [plugin angular-compiler]

    src/app/features/photos/photos.component.ts:50:46:
      50 │ ...   this.photos.update((ps) => ps.filter((p) => p.id !== foto.id));
         ╵                                             ^


X [ERROR] TS2304: Cannot find name 'Event'. [plugin angular-compiler]

    src/app/features/photos/photos.component.ts:59:20:
      59 │   onImgError(event: Event): void {
         ╵                     ~~~~~


X [ERROR] TS2304: Cannot find name 'HTMLImageElement'. [plugin angular-compiler]

    src/app/features/photos/photos.component.ts:60:21:
      60 │     (event.target as HTMLImageElement).src = 'assets/images/no-ima...
         ╵                      ~~~~~~~~~~~~~~~~


X [ERROR] TS2307: Cannot find module '@angular/core' or its corresponding type declarations. [plugin angular-compiler]

    src/app/features/reports/reports.component.ts:1:42:
      1 │ import { Component, OnInit, signal } from '@angular/core';
        ╵                                           ~~~~~~~~~~~~~~~


X [ERROR] TS2307: Cannot find module '@angular/common' or its corresponding type declarations. [plugin angular-compiler]

    src/app/features/reports/reports.component.ts:2:29:
      2 │ import { CommonModule } from '@angular/common';
        ╵                              ~~~~~~~~~~~~~~~~~


X [ERROR] TS2307: Cannot find module '@angular/forms' or its corresponding type declarations. [plugin angular-compiler]

    src/app/features/reports/reports.component.ts:3:28:
      3 │ import { FormsModule } from '@angular/forms';
        ╵                             ~~~~~~~~~~~~~~~~


X [ERROR] TS2307: Cannot find module '@angular/material/card' or its corresponding type declarations. [plugin angular-compiler]

    src/app/features/reports/reports.component.ts:4:30:
      4 │ import { MatCardModule } from '@angular/material/card';
        ╵                               ~~~~~~~~~~~~~~~~~~~~~~~~


X [ERROR] TS2307: Cannot find module '@angular/material/button' or its corresponding type declarations. [plugin angular-compiler]

    src/app/features/reports/reports.component.ts:5:32:
      5 │ import { MatButtonModule } from '@angular/material/button';
        ╵                                 ~~~~~~~~~~~~~~~~~~~~~~~~~~


X [ERROR] TS2307: Cannot find module '@angular/material/icon' or its corresponding type declarations. [plugin angular-compiler]

    src/app/features/reports/reports.component.ts:6:30:
      6 │ import { MatIconModule } from '@angular/material/icon';
        ╵                               ~~~~~~~~~~~~~~~~~~~~~~~~


X [ERROR] TS2307: Cannot find module '@angular/material/form-field' or its corresponding type declarations. [plugin angular-compiler]

    src/app/features/reports/reports.component.ts:7:35:
      7 │ import { MatFormFieldModule } from '@angular/material/form-field';
        ╵                                    ~~~~~~~~~~~~~~~~~~~~~~~~~~~~~~


X [ERROR] TS2307: Cannot find module '@angular/material/input' or its corresponding type declarations. [plugin angular-compiler]

    src/app/features/reports/reports.component.ts:8:31:
      8 │ import { MatInputModule } from '@angular/material/input';
        ╵                                ~~~~~~~~~~~~~~~~~~~~~~~~~


X [ERROR] TS2307: Cannot find module '@angular/material/progress-spinner' or its corresponding type declarations. [plugin angular-compiler]

    src/app/features/reports/reports.component.ts:9:41:
      9 │ ...tProgressSpinnerModule } from '@angular/material/progress-spinner';
        ╵                                  ~~~~~~~~~~~~~~~~~~~~~~~~~~~~~~~~~~~~


X [ERROR] TS2307: Cannot find module '@angular/material/tabs' or its corresponding type declarations. [plugin angular-compiler]

    src/app/features/reports/reports.component.ts:10:30:
      10 │ import { MatTabsModule } from '@angular/material/tabs';
         ╵                               ~~~~~~~~~~~~~~~~~~~~~~~~


X [ERROR] TS-991010: 'imports' must be an array of components, directives, pipes, or NgModules.
  Value is of type '[(not statically analyzable), (not statically analyzable), (not statically analyzable), (not statically analyzable), (not statically analyzable), (not statically analyzable), (not statically analyzable), (not statically analyzable), (not statically analyzable)]'. [plugin angular-compiler]

    src/app/features/reports/reports.component.ts:16:11:
      16 │   imports: [
         ╵            ^


X [ERROR] TS-991010: 'imports' must be an array of components, directives, pipes, or NgModules.
  Value is of type '[(not statically analyzable), (not statically analyzable), (not statically analyzable), (not statically analyzable), (not statically analyzable), (not statically analyzable), (not statically analyzable), (not statically analyzable), (not statically analyzable)]'. [plugin angular-compiler]

    src/app/features/reports/reports.component.ts:16:11:
      16 │   imports: [
         ╵            ^


X [ERROR] TS-991010: 'imports' must be an array of components, directives, pipes, or NgModules.
  Value is of type '[(not statically analyzable), (not statically analyzable), (not statically analyzable), (not statically analyzable), (not statically analyzable), (not statically analyzable), (not statically analyzable), (not statically analyzable), (not statically analyzable)]'. [plugin angular-compiler]

    src/app/features/reports/reports.component.ts:16:11:
      16 │   imports: [
         ╵            ^


X [ERROR] TS-991010: 'imports' must be an array of components, directives, pipes, or NgModules.
  Value is of type '[(not statically analyzable), (not statically analyzable), (not statically analyzable), (not statically analyzable), (not statically analyzable), (not statically analyzable), (not statically analyzable), (not statically analyzable), (not statically analyzable)]'. [plugin angular-compiler]

    src/app/features/reports/reports.component.ts:16:11:
      16 │   imports: [
         ╵            ^


X [ERROR] TS-991010: 'imports' must be an array of components, directives, pipes, or NgModules.
  Value is of type '[(not statically analyzable), (not statically analyzable), (not statically analyzable), (not statically analyzable), (not statically analyzable), (not statically analyzable), (not statically analyzable), (not statically analyzable), (not statically analyzable)]'. [plugin angular-compiler]

    src/app/features/reports/reports.component.ts:16:11:
      16 │   imports: [
         ╵            ^


X [ERROR] TS-991010: 'imports' must be an array of components, directives, pipes, or NgModules.
  Value is of type '[(not statically analyzable), (not statically analyzable), (not statically analyzable), (not statically analyzable), (not statically analyzable), (not statically analyzable), (not statically analyzable), (not statically analyzable), (not statically analyzable)]'. [plugin angular-compiler]

    src/app/features/reports/reports.component.ts:16:11:
      16 │   imports: [
         ╵            ^


X [ERROR] TS-991010: 'imports' must be an array of components, directives, pipes, or NgModules.
  Value is of type '[(not statically analyzable), (not statically analyzable), (not statically analyzable), (not statically analyzable), (not statically analyzable), (not statically analyzable), (not statically analyzable), (not statically analyzable), (not statically analyzable)]'. [plugin angular-compiler]

    src/app/features/reports/reports.component.ts:16:11:
      16 │   imports: [
         ╵            ^


X [ERROR] TS-991010: 'imports' must be an array of components, directives, pipes, or NgModules.
  Value is of type '[(not statically analyzable), (not statically analyzable), (not statically analyzable), (not statically analyzable), (not statically analyzable), (not statically analyzable), (not statically analyzable), (not statically analyzable), (not statically analyzable)]'. [plugin angular-compiler]

    src/app/features/reports/reports.component.ts:16:11:
      16 │   imports: [
         ╵            ^


X [ERROR] TS-991010: 'imports' must be an array of components, directives, pipes, or NgModules.
  Value is of type '[(not statically analyzable), (not statically analyzable), (not statically analyzable), (not statically analyzable), (not statically analyzable), (not statically analyzable), (not statically analyzable), (not statically analyzable), (not statically analyzable)]'. [plugin angular-compiler]

    src/app/features/reports/reports.component.ts:16:11:
      16 │   imports: [
         ╵            ^


X [ERROR] TS2304: Cannot find name 'Date'. [plugin angular-compiler]

    src/app/features/reports/reports.component.ts:30:20:
      30 │     const now = new Date();
         ╵                     ~~~~


X [ERROR] TS2304: Cannot find name 'Date'. [plugin angular-compiler]

    src/app/features/reports/reports.component.ts:32:22:
      32 │     const start = new Date();
         ╵                       ~~~~


X [ERROR] TS7006: Parameter 'data' implicitly has an 'any' type. [plugin angular-compiler]

    src/app/features/reports/reports.component.ts:45:13:
      45 │       next: (data) => {
         ╵              ~~~~


X [ERROR] TS2307: Cannot find module '@angular/core' or its corresponding type declarations. [plugin angular-compiler]

    src/app/features/revision-visitas/revision-visitas.component.ts:1:42:
      1 │ import { Component, OnInit, signal } from '@angular/core';
        ╵                                           ~~~~~~~~~~~~~~~


X [ERROR] TS2307: Cannot find module '@angular/common' or its corresponding type declarations. [plugin angular-compiler]

    src/app/features/revision-visitas/revision-visitas.component.ts:2:29:
      2 │ import { CommonModule } from '@angular/common';
        ╵                              ~~~~~~~~~~~~~~~~~


X [ERROR] TS2307: Cannot find module '@angular/forms' or its corresponding type declarations. [plugin angular-compiler]

    src/app/features/revision-visitas/revision-visitas.component.ts:3:28:
      3 │ import { FormsModule } from '@angular/forms';
        ╵                             ~~~~~~~~~~~~~~~~


X [ERROR] TS2307: Cannot find module '@angular/material/icon' or its corresponding type declarations. [plugin angular-compiler]

    src/app/features/revision-visitas/revision-visitas.component.ts:4:30:
      4 │ import { MatIconModule } from '@angular/material/icon';
        ╵                               ~~~~~~~~~~~~~~~~~~~~~~~~


X [ERROR] TS2307: Cannot find module '@angular/material/progress-spinner' or its corresponding type declarations. [plugin angular-compiler]

    src/app/features/revision-visitas/revision-visitas.component.ts:5:41:
      5 │ ...tProgressSpinnerModule } from '@angular/material/progress-spinner';
        ╵                                  ~~~~~~~~~~~~~~~~~~~~~~~~~~~~~~~~~~~~


X [ERROR] TS2307: Cannot find module '@angular/material/snack-bar' or its corresponding type declarations. [plugin angular-compiler]

    src/app/features/revision-visitas/revision-visitas.component.ts:6:47:
      6 │ ...atSnackBar, MatSnackBarModule } from '@angular/material/snack-bar';
        ╵                                         ~~~~~~~~~~~~~~~~~~~~~~~~~~~~~


X [ERROR] TS2307: Cannot find module '@angular/material/tooltip' or its corresponding type declarations. [plugin angular-compiler]

    src/app/features/revision-visitas/revision-visitas.component.ts:7:33:
      7 │ import { MatTooltipModule } from '@angular/material/tooltip';
        ╵                                  ~~~~~~~~~~~~~~~~~~~~~~~~~~~


X [ERROR] TS2304: Cannot find name 'Record'. [plugin angular-compiler]

    src/app/features/revision-visitas/revision-visitas.component.ts:44:14:
      44 │   tipoLabels: Record<number, string> = {};
         ╵               ~~~~~~


X [ERROR] TS-992003: No suitable injection token for parameter 'snack' of class 'RevisionVisitasComponent'.
  Consider using the @Inject decorator to specify an injection token. [plugin angular-compiler]

    src/app/features/revision-visitas/revision-visitas.component.ts:59:47:
      59 │ ...ate api: ApiService, private snack: MatSnackBar, private auth: ...
         ╵                                 ~~~~~

  This type does not have a value, so it cannot be used as injection token.

    src/app/features/revision-visitas/revision-visitas.component.ts:59:54:
      59 │ ...piService, private snack: MatSnackBar, private auth: AuthServic...
         ╵                              ~~~~~~~~~~~


X [ERROR] TS7006: Parameter 'rs' implicitly has an 'any' type. [plugin angular-compiler]

    src/app/features/revision-visitas/revision-visitas.component.ts:67:51:
      67 │ ...ctReasons().subscribe({ next: (rs) => this.rejectReasons.set(rs...
         ╵                                   ~~


X [ERROR] TS7006: Parameter 'ev' implicitly has an 'any' type. [plugin angular-compiler]

    src/app/features/revision-visitas/revision-visitas.component.ts:69:36:
      69 │     this.realtime.events$.subscribe(ev => {
         ╵                                     ~~


X [ERROR] TS2304: Cannot find name 'clearTimeout'. [plugin angular-compiler]

    src/app/features/revision-visitas/revision-visitas.component.ts:77:8:
      77 │         clearTimeout(this.rtDebounce);
         ╵         ~~~~~~~~~~~~


X [ERROR] TS2304: Cannot find name 'setTimeout'. [plugin angular-compiler]

    src/app/features/revision-visitas/revision-visitas.component.ts:78:26:
      78 │         this.rtDebounce = setTimeout(() => this.load(), 800);
         ╵                           ~~~~~~~~~~


X [ERROR] TS2304: Cannot find name 'Date'. [plugin angular-compiler]

    src/app/features/revision-visitas/revision-visitas.component.ts:84:20:
      84 │     const hoy = new Date();
         ╵                     ~~~~


X [ERROR] TS2304: Cannot find name 'Date'. [plugin angular-compiler]

    src/app/features/revision-visitas/revision-visitas.component.ts:85:20:
      85 │     const fmt = (d: Date) => d.toISOString().slice(0, 10);
         ╵                     ~~~~


X [ERROR] TS2304: Cannot find name 'Date'. [plugin angular-compiler]

    src/app/features/revision-visitas/revision-visitas.component.ts:87:18:
      87 │     const d = new Date(hoy);
         ╵                   ~~~~


X [ERROR] TS7006: Parameter 'd' implicitly has an 'any' type. [plugin angular-compiler]

    src/app/features/revision-visitas/revision-visitas.component.ts:104:13:
      104 │       next: (d) => { this.visitas.set(d || []); this.loading.set(...
          ╵              ^


X [ERROR] TS2304: Cannot find name 'Array'. [plugin angular-compiler]

    src/app/features/revision-visitas/revision-visitas.component.ts:111:11:
      111 │     return Array.from(new Set(this.visitas().map(v => v[key]).fil...
          ╵            ~~~~~


X [ERROR] TS2583: Cannot find name 'Set'. Do you need to change your target library? Try changing the 'lib' compiler option to 'es2015' or later. [plugin angular-compiler]

    src/app/features/revision-visitas/revision-visitas.component.ts:111:26:
      111 │     return Array.from(new Set(this.visitas().map(v => v[key]).fil...
          ╵                           ~~~


X [ERROR] TS7006: Parameter 'v' implicitly has an 'any' type. [plugin angular-compiler]

    src/app/features/revision-visitas/revision-visitas.component.ts:111:49:
      111 │ ...rom(new Set(this.visitas().map(v => v[key]).filter(x => x != n...
          ╵                                   ^


X [ERROR] TS7006: Parameter 'x' implicitly has an 'any' type. [plugin angular-compiler]

    src/app/features/revision-visitas/revision-visitas.component.ts:111:69:
      111 │ ...itas().map(v => v[key]).filter(x => x != null && x !== ''))).s...
          ╵                                   ^


X [ERROR] TS2339: Property 'trim' does not exist on type 'string'. [plugin angular-compiler]

    src/app/features/revision-visitas/revision-visitas.component.ts:124:26:
      124 │     const s = this.search.trim().toLowerCase();
          ╵                           ~~~~


X [ERROR] TS7006: Parameter 'v' implicitly has an 'any' type. [plugin angular-compiler]

    src/app/features/revision-visitas/revision-visitas.component.ts:125:33:
      125 │     return this.visitas().filter(v => {
          ╵                                  ^


X [ERROR] TS2304: Cannot find name 'String'. [plugin angular-compiler]

    src/app/features/revision-visitas/revision-visitas.component.ts:138:8:
      138 │         String(v.id_visita).includes(s)
          ╵         ~~~~~~


X [ERROR] TS2339: Property 'reduce' does not exist on type '{}'. [plugin angular-compiler]

    src/app/features/revision-visitas/revision-visitas.component.ts:146:20:
      146 │     const fotos = f.reduce((a, v) => a + (v.fotos_revisar || 0), 0);
          ╵                     ~~~~~~


X [ERROR] TS7006: Parameter 'a' implicitly has an 'any' type. [plugin angular-compiler]

    src/app/features/revision-visitas/revision-visitas.component.ts:146:28:
      146 │     const fotos = f.reduce((a, v) => a + (v.fotos_revisar || 0), 0);
          ╵                             ^


X [ERROR] TS7006: Parameter 'v' implicitly has an 'any' type. [plugin angular-compiler]

    src/app/features/revision-visitas/revision-visitas.component.ts:146:31:
      146 │     const fotos = f.reduce((a, v) => a + (v.fotos_revisar || 0), 0);
          ╵                                ^


X [ERROR] TS2339: Property 'reduce' does not exist on type '{}'. [plugin angular-compiler]

    src/app/features/revision-visitas/revision-visitas.component.ts:147:18:
      147 │     const apr = f.reduce((a, v) => a + (v.aprobadas || 0), 0);
          ╵                   ~~~~~~


X [ERROR] TS7006: Parameter 'a' implicitly has an 'any' type. [plugin angular-compiler]

    src/app/features/revision-visitas/revision-visitas.component.ts:147:26:
      147 │     const apr = f.reduce((a, v) => a + (v.aprobadas || 0), 0);
          ╵                           ^


X [ERROR] TS7006: Parameter 'v' implicitly has an 'any' type. [plugin angular-compiler]

    src/app/features/revision-visitas/revision-visitas.component.ts:147:29:
      147 │     const apr = f.reduce((a, v) => a + (v.aprobadas || 0), 0);
          ╵                              ^


X [ERROR] TS2339: Property 'reduce' does not exist on type '{}'. [plugin angular-compiler]

    src/app/features/revision-visitas/revision-visitas.component.ts:148:18:
      148 │     const rec = f.reduce((a, v) => a + (v.rechazadas || 0), 0);
          ╵                   ~~~~~~


X [ERROR] TS7006: Parameter 'a' implicitly has an 'any' type. [plugin angular-compiler]

    src/app/features/revision-visitas/revision-visitas.component.ts:148:26:
      148 │     const rec = f.reduce((a, v) => a + (v.rechazadas || 0), 0);
          ╵                           ^


X [ERROR] TS7006: Parameter 'v' implicitly has an 'any' type. [plugin angular-compiler]

    src/app/features/revision-visitas/revision-visitas.component.ts:148:29:
      148 │     const rec = f.reduce((a, v) => a + (v.rechazadas || 0), 0);
          ╵                              ^


X [ERROR] TS2339: Property 'reduce' does not exist on type '{}'. [plugin angular-compiler]

    src/app/features/revision-visitas/revision-visitas.component.ts:149:18:
      149 │     const sin = f.reduce((a, v) => a + (v.sin_revisar || 0), 0);
          ╵                   ~~~~~~


X [ERROR] TS7006: Parameter 'a' implicitly has an 'any' type. [plugin angular-compiler]

    src/app/features/revision-visitas/revision-visitas.component.ts:149:26:
      149 │     const sin = f.reduce((a, v) => a + (v.sin_revisar || 0), 0);
          ╵                           ^


X [ERROR] TS7006: Parameter 'v' implicitly has an 'any' type. [plugin angular-compiler]

    src/app/features/revision-visitas/revision-visitas.component.ts:149:29:
      149 │     const sin = f.reduce((a, v) => a + (v.sin_revisar || 0), 0);
          ╵                              ^


X [ERROR] TS2339: Property 'length' does not exist on type '{}'. [plugin angular-compiler]

    src/app/features/revision-visitas/revision-visitas.component.ts:151:17:
      151 │       visitas: f.length, fotos, aprobadas: apr, rechazadas: rec, ...
          ╵                  ~~~~~~


X [ERROR] TS2304: Cannot find name 'Math'. [plugin angular-compiler]

    src/app/features/revision-visitas/revision-visitas.component.ts:152:24:
      152 │       progreso: fotos ? Math.round(apr / fotos * 1000) / 10 : 0,
          ╵                         ~~~~


X [ERROR] TS2304: Cannot find name 'Math'. [plugin angular-compiler]

    src/app/features/revision-visitas/revision-visitas.component.ts:158:15:
      158 │     return t ? Math.round((v.aprobadas || 0) / t * 100) : 0;
          ╵                ~~~~


X [ERROR] TS2583: Cannot find name 'Set'. Do you need to change your target library? Try changing the 'lib' compiler option to 'es2015' or later. [plugin angular-compiler]

    src/app/features/revision-visitas/revision-visitas.component.ts:174:21:
      174 │     const used = new Set<number>();
          ╵                      ~~~


X [ERROR] TS2488: Type '{}' must have a '[Symbol.iterator]()' method that returns an iterator. [plugin angular-compiler]

    src/app/features/revision-visitas/revision-visitas.component.ts:175:20:
      175 │     for (const g of this.GRUPOS) {
          ╵                     ~~~~~~~~~~~


X [ERROR] TS2339: Property 'filter' does not exist on type '{}'. [plugin angular-compiler]

    src/app/features/revision-visitas/revision-visitas.component.ts:176:26:
      176 │       const items = tipos.filter(t => g.ids.includes(t.id_tipo_fo...
          ╵                           ~~~~~~


X [ERROR] TS7006: Parameter 't' implicitly has an 'any' type. [plugin angular-compiler]

    src/app/features/revision-visitas/revision-visitas.component.ts:176:33:
      176 │       const items = tipos.filter(t => g.ids.includes(t.id_tipo_fo...
          ╵                                  ^


X [ERROR] TS7006: Parameter 't' implicitly has an 'any' type. [plugin angular-compiler]

    src/app/features/revision-visitas/revision-visitas.component.ts:178:20:
      178 │       items.forEach(t => used.add(t.id_tipo_foto));
          ╵                     ^


X [ERROR] TS2339: Property 'push' does not exist on type '{}'. [plugin angular-compiler]

    src/app/features/revision-visitas/revision-visitas.component.ts:179:10:
      179 │       out.push({
          ╵           ~~~~


X [ERROR] TS7006: Parameter 't' implicitly has an 'any' type. [plugin angular-compiler]

    src/app/features/revision-visitas/revision-visitas.component.ts:181:23:
      181 │         ids: items.map(t => t.id_tipo_foto),
          ╵                        ^


X [ERROR] TS7006: Parameter 'a' implicitly has an 'any' type. [plugin angular-compiler]

    src/app/features/revision-visitas/revision-visitas.component.ts:182:29:
      182 │         total: items.reduce((a, t) => a + (t.total || 0), 0),
          ╵                              ^


X [ERROR] TS7006: Parameter 't' implicitly has an 'any' type. [plugin angular-compiler]

    src/app/features/revision-visitas/revision-visitas.component.ts:182:32:
      182 │         total: items.reduce((a, t) => a + (t.total || 0), 0),
          ╵                                 ^


X [ERROR] TS7006: Parameter 'a' implicitly has an 'any' type. [plugin angular-compiler]

    src/app/features/revision-visitas/revision-visitas.component.ts:183:34:
      183 │         rechazadas: items.reduce((a, t) => a + (t.rechazadas || 0...
          ╵                                   ^


X [ERROR] TS7006: Parameter 't' implicitly has an 'any' type. [plugin angular-compiler]

    src/app/features/revision-visitas/revision-visitas.component.ts:183:37:
      183 │ ...  rechazadas: items.reduce((a, t) => a + (t.rechazadas || 0), 0),
          ╵                                   ^


X [ERROR] TS2339: Property 'filter' does not exist on type '{}'. [plugin angular-compiler]

    src/app/features/revision-visitas/revision-visitas.component.ts:186:24:
      186 │     const otros = tipos.filter(t => !used.has(t.id_tipo_foto));
          ╵                         ~~~~~~


X [ERROR] TS7006: Parameter 't' implicitly has an 'any' type. [plugin angular-compiler]

    src/app/features/revision-visitas/revision-visitas.component.ts:186:31:
      186 │     const otros = tipos.filter(t => !used.has(t.id_tipo_foto));
          ╵                                ^


X [ERROR] TS2339: Property 'push' does not exist on type '{}'. [plugin angular-compiler]

    src/app/features/revision-visitas/revision-visitas.component.ts:188:10:
      188 │       out.push({
          ╵           ~~~~


X [ERROR] TS7006: Parameter 't' implicitly has an 'any' type. [plugin angular-compiler]

    src/app/features/revision-visitas/revision-visitas.component.ts:190:23:
      190 │         ids: otros.map(t => t.id_tipo_foto),
          ╵                        ^


X [ERROR] TS7006: Parameter 'a' implicitly has an 'any' type. [plugin angular-compiler]

    src/app/features/revision-visitas/revision-visitas.component.ts:191:29:
      191 │         total: otros.reduce((a, t) => a + (t.total || 0), 0),
          ╵                              ^


X [ERROR] TS7006: Parameter 't' implicitly has an 'any' type. [plugin angular-compiler]

    src/app/features/revision-visitas/revision-visitas.component.ts:191:32:
      191 │         total: otros.reduce((a, t) => a + (t.total || 0), 0),
          ╵                                 ^


X [ERROR] TS7006: Parameter 'a' implicitly has an 'any' type. [plugin angular-compiler]

    src/app/features/revision-visitas/revision-visitas.component.ts:192:34:
      192 │         rechazadas: otros.reduce((a, t) => a + (t.rechazadas || 0...
          ╵                                   ^


X [ERROR] TS7006: Parameter 't' implicitly has an 'any' type. [plugin angular-compiler]

    src/app/features/revision-visitas/revision-visitas.component.ts:192:37:
      192 │ ...  rechazadas: otros.reduce((a, t) => a + (t.rechazadas || 0), 0),
          ╵                                   ^


X [ERROR] TS2339: Property 'find' does not exist on type '{}'. [plugin angular-compiler]

    src/app/features/revision-visitas/revision-visitas.component.ts:206:50:
      206 │ ...rupoKey ?? (this.modalGrupos.find(g => g.revisable)?.key ?? 'a...
          ╵                                 ~~~~


X [ERROR] TS7006: Parameter 'g' implicitly has an 'any' type. [plugin angular-compiler]

    src/app/features/revision-visitas/revision-visitas.component.ts:206:55:
      206 │ ...poKey ?? (this.modalGrupos.find(g => g.revisable)?.key ?? 'all');
          ╵                                    ^


X [ERROR] TS7006: Parameter 'ph' implicitly has an 'any' type. [plugin angular-compiler]

    src/app/features/revision-visitas/revision-visitas.component.ts:211:13:
      211 │       next: (ph) => { this.photos.set(ph as any[]); this.photosLo...
          ╵              ~~


X [ERROR] TS2339: Property 'includes' does not exist on type '{}'. [plugin angular-compiler]

    src/app/features/revision-visitas/revision-visitas.component.ts:221:49:
      221 │ ...ble(f: any): boolean { return ![5, 6].includes(f.id_tipo_foto); }
          ╵                                          ~~~~~~~~


X [ERROR] TS7006: Parameter 'list' implicitly has an 'any' type. [plugin angular-compiler]

    src/app/features/revision-visitas/revision-visitas.component.ts:231:23:
      231 │     this.photos.update(list => list.map(x => x.id === f.id ? { .....
          ╵                        ~~~~


X [ERROR] TS7006: Parameter 'x' implicitly has an 'any' type. [plugin angular-compiler]

    src/app/features/revision-visitas/revision-visitas.component.ts:231:40:
      231 │ ...photos.update(list => list.map(x => x.id === f.id ? { ...x, es...
          ╵                                   ^


X [ERROR] TS7006: Parameter 'list' implicitly has an 'any' type. [plugin angular-compiler]

    src/app/features/revision-visitas/revision-visitas.component.ts:238:27:
      238 │         this.photos.update(list => list.map(x => x.id === f.id ? ...
          ╵                            ~~~~


X [ERROR] TS7006: Parameter 'x' implicitly has an 'any' type. [plugin angular-compiler]

    src/app/features/revision-visitas/revision-visitas.component.ts:238:44:
      238 │ ...photos.update(list => list.map(x => x.id === f.id ? { ...x, es...
          ╵                                   ^


X [ERROR] TS7006: Parameter 'f' implicitly has an 'any' type. [plugin angular-compiler]

    src/app/features/revision-visitas/revision-visitas.component.ts:247:37:
      247 │     const rev = this.photos().filter(f => this.isReviewable(f));
          ╵                                      ^


X [ERROR] TS7006: Parameter 'f' implicitly has an 'any' type. [plugin angular-compiler]

    src/app/features/revision-visitas/revision-visitas.component.ts:248:27:
      248 │     const apr = rev.filter(f => f.estado === 'Aprobada').length;
          ╵                            ^


X [ERROR] TS7006: Parameter 'f' implicitly has an 'any' type. [plugin angular-compiler]

    src/app/features/revision-visitas/revision-visitas.component.ts:249:27:
      249 │     const rec = rev.filter(f => f.estado === 'Rechazada').length;
          ╵                            ^


X [ERROR] TS2304: Cannot find name 'Math'. [plugin angular-compiler]

    src/app/features/revision-visitas/revision-visitas.component.ts:250:64:
      250 │ ...echazadas: rec, sin_revisar: Math.max(rev.length - apr - rec, ...
          ╵                                 ~~~~


X [ERROR] TS7006: Parameter 'list' implicitly has an 'any' type. [plugin angular-compiler]

    src/app/features/revision-visitas/revision-visitas.component.ts:251:24:
      251 │     this.visitas.update(list => list.map(x => x.id_visita === v.i...
          ╵                         ~~~~


X [ERROR] TS7006: Parameter 'x' implicitly has an 'any' type. [plugin angular-compiler]

    src/app/features/revision-visitas/revision-visitas.component.ts:251:41:
      251 │ ...isitas.update(list => list.map(x => x.id_visita === v.id_visit...
          ╵                                   ^


X [ERROR] TS2304: Cannot find name 'Array'. [plugin angular-compiler]

    src/app/features/revision-visitas/revision-visitas.component.ts:257:29:
      257 │     this.selectedReasonIds = Array.isArray(f?.razones_ids) ? [......
          ╵                              ~~~~~


X [ERROR] TS2339: Property 'indexOf' does not exist on type '{}'. [plugin angular-compiler]

    src/app/features/revision-visitas/revision-visitas.component.ts:261:37:
      261 │     const i = this.selectedReasonIds.indexOf(id);
          ╵                                      ~~~~~~~


X [ERROR] TS2339: Property 'splice' does not exist on type '{}'. [plugin angular-compiler]

    src/app/features/revision-visitas/revision-visitas.component.ts:262:39:
      262 │ ...= 0) this.selectedReasonIds.splice(i, 1); else this.selectedRe...
          ╵                                ~~~~~~


X [ERROR] TS2339: Property 'push' does not exist on type '{}'. [plugin angular-compiler]

    src/app/features/revision-visitas/revision-visitas.component.ts:262:81:
      262 │ ...ctedReasonIds.splice(i, 1); else this.selectedReasonIds.push(id);
          ╵                                                            ~~~~


X [ERROR] TS2339: Property 'includes' does not exist on type '{}'. [plugin angular-compiler]

    src/app/features/revision-visitas/revision-visitas.component.ts:264:67:
      264 │ ... number): boolean { return this.selectedReasonIds.includes(id); }
          ╵                                                      ~~~~~~~~


X [ERROR] TS2339: Property 'length' does not exist on type '{}'. [plugin angular-compiler]

    src/app/features/revision-visitas/revision-visitas.component.ts:269:37:
      269 │     if (!f || this.selectedReasonIds.length === 0) {
          ╵                                      ~~~~~~


X [ERROR] TS7006: Parameter 'r' implicitly has an 'any' type. [plugin angular-compiler]

    src/app/features/revision-visitas/revision-visitas.component.ts:273:48:
      273 │ ... = this.rejectReasons().filter(r => ids.includes(r.id)).map(r ...
          ╵                                   ^


X [ERROR] TS2339: Property 'includes' does not exist on type '{}'. [plugin angular-compiler]

    src/app/features/revision-visitas/revision-visitas.component.ts:273:57:
      273 │ ...ejectReasons().filter(r => ids.includes(r.id)).map(r => r.razon);
          ╵                                   ~~~~~~~~


X [ERROR] TS7006: Parameter 'r' implicitly has an 'any' type. [plugin angular-compiler]

    src/app/features/revision-visitas/revision-visitas.component.ts:273:77:
      273 │ ...ejectReasons().filter(r => ids.includes(r.id)).map(r => r.razon);
          ╵                                                       ^


X [ERROR] TS7006: Parameter 'list' implicitly has an 'any' type. [plugin angular-compiler]

    src/app/features/revision-visitas/revision-visitas.component.ts:276:23:
      276 │     this.photos.update(list => list.map(x => x.id === f.id ? { .....
          ╵                        ~~~~


X [ERROR] TS7006: Parameter 'x' implicitly has an 'any' type. [plugin angular-compiler]

    src/app/features/revision-visitas/revision-visitas.component.ts:276:40:
      276 │ ...photos.update(list => list.map(x => x.id === f.id ? { ...x, es...
          ╵                                   ^


X [ERROR] TS7006: Parameter 'list' implicitly has an 'any' type. [plugin angular-compiler]

    src/app/features/revision-visitas/revision-visitas.component.ts:285:27:
      285 │         this.photos.update(list => list.map(x => x.id === f.id ? ...
          ╵                            ~~~~


X [ERROR] TS7006: Parameter 'x' implicitly has an 'any' type. [plugin angular-compiler]

    src/app/features/revision-visitas/revision-visitas.component.ts:285:44:
      285 │ ...photos.update(list => list.map(x => x.id === f.id ? { ...x, .....
          ╵                                   ^


X [ERROR] TS7006: Parameter 'list' implicitly has an 'any' type. [plugin angular-compiler]

    src/app/features/revision-visitas/revision-visitas.component.ts:302:28:
      302 │         this.visitas.update(list => list.map(x => x.id_visita ===...
          ╵                             ~~~~


X [ERROR] TS7006: Parameter 'x' implicitly has an 'any' type. [plugin angular-compiler]

    src/app/features/revision-visitas/revision-visitas.component.ts:302:45:
      302 │ ...isitas.update(list => list.map(x => x.id_visita === v.id_visit...
          ╵                                   ^


X [ERROR] TS7006: Parameter 'm' implicitly has an 'any' type. [plugin angular-compiler]

    src/app/features/revision-visitas/revision-visitas.component.ts:323:13:
      323 │       next: (m) => { this.chatMessages.set(m as any[]); this.chat...
          ╵              ^


X [ERROR] TS2339: Property 'trim' does not exist on type 'string'. [plugin angular-compiler]

    src/app/features/revision-visitas/revision-visitas.component.ts:328:64:
      328 │ ...nst v = this.selectedVisita(); const txt = this.chatInput.trim();
          ╵                                                              ~~~~


X [ERROR] TS7006: Parameter 'm' implicitly has an 'any' type. [plugin angular-compiler]

    src/app/features/revision-visitas/revision-visitas.component.ts:332:13:
      332 │       next: (m) => {
          ╵              ^


X [ERROR] TS7006: Parameter 'list' implicitly has an 'any' type. [plugin angular-compiler]

    src/app/features/revision-visitas/revision-visitas.component.ts:333:33:
      333 │         this.chatMessages.update(list => [...list, m]);
          ╵                                  ~~~~


X [ERROR] TS7006: Parameter 'list' implicitly has an 'any' type. [plugin angular-compiler]

    src/app/features/revision-visitas/revision-visitas.component.ts:335:28:
      335 │         this.visitas.update(list => list.map(x => x.id_visita ===...
          ╵                             ~~~~


X [ERROR] TS7006: Parameter 'x' implicitly has an 'any' type. [plugin angular-compiler]

    src/app/features/revision-visitas/revision-visitas.component.ts:335:45:
      335 │ ...isitas.update(list => list.map(x => x.id_visita === v.id_visit...
          ╵                                   ^


X [ERROR] TS2339: Property 'find' does not exist on type '{}'. [plugin angular-compiler]

    src/app/features/revision-visitas/revision-visitas.component.ts:345:43:
      345 │ ... number[] = this.modalGrupos.find(g => g.key === this.grupoSel...
          ╵                                 ~~~~


X [ERROR] TS7006: Parameter 'g' implicitly has an 'any' type. [plugin angular-compiler]

    src/app/features/revision-visitas/revision-visitas.component.ts:345:48:
      345 │ ...mber[] = this.modalGrupos.find(g => g.key === this.grupoSel)?....
          ╵                                   ^


X [ERROR] TS7006: Parameter 'f' implicitly has an 'any' type. [plugin angular-compiler]

    src/app/features/revision-visitas/revision-visitas.component.ts:346:21:
      346 │     return ph.filter(f => ids.includes(f.id_tipo_foto));
          ╵                      ^


X [ERROR] TS2339: Property 'includes' does not exist on type '{}'. [plugin angular-compiler]

    src/app/features/revision-visitas/revision-visitas.component.ts:346:30:
      346 │     return ph.filter(f => ids.includes(f.id_tipo_foto));
          ╵                               ~~~~~~~~


X [ERROR] TS2339: Property 'length' does not exist on type '{}'. [plugin angular-compiler]

    src/app/features/revision-visitas/revision-visitas.component.ts:348:57:
      348 │   get grupoTotal(): number { return this.photosByGrupo().length; }
          ╵                                                          ~~~~~~


X [ERROR] TS2339: Property 'filter' does not exist on type '{}'. [plugin angular-compiler]

    src/app/features/revision-visitas/revision-visitas.component.ts:353:14:
      353 │     return ph.filter(f => {
          ╵               ~~~~~~


X [ERROR] TS7006: Parameter 'f' implicitly has an 'any' type. [plugin angular-compiler]

    src/app/features/revision-visitas/revision-visitas.component.ts:353:21:
      353 │     return ph.filter(f => {
          ╵                      ^


X [ERROR] TS2339: Property 'filter' does not exist on type '{}'. [plugin angular-compiler]

    src/app/features/revision-visitas/revision-visitas.component.ts:362:32:
      362 │     return this.photosByGrupo().filter(f => {
          ╵                                 ~~~~~~


X [ERROR] TS7006: Parameter 'f' implicitly has an 'any' type. [plugin angular-compiler]

    src/app/features/revision-visitas/revision-visitas.component.ts:362:39:
      362 │     return this.photosByGrupo().filter(f => {
          ╵                                        ^


X [ERROR] TS2339: Property 'some' does not exist on type '{}'. [plugin angular-compiler]

    src/app/features/revision-visitas/revision-visitas.component.ts:383:14:
      383 │     return ph.some(f => this.ANTES_IDS.includes(f.id_tipo_foto)) &&
          ╵               ~~~~


X [ERROR] TS7006: Parameter 'f' implicitly has an 'any' type. [plugin angular-compiler]

    src/app/features/revision-visitas/revision-visitas.component.ts:383:19:
      383 │     return ph.some(f => this.ANTES_IDS.includes(f.id_tipo_foto)) &&
          ╵                    ^


X [ERROR] TS2339: Property 'includes' does not exist on type '{}'. [plugin angular-compiler]

    src/app/features/revision-visitas/revision-visitas.component.ts:383:39:
      383 │     return ph.some(f => this.ANTES_IDS.includes(f.id_tipo_foto)) &&
          ╵                                        ~~~~~~~~


X [ERROR] TS2339: Property 'some' does not exist on type '{}'. [plugin angular-compiler]

    src/app/features/revision-visitas/revision-visitas.component.ts:384:14:
      384 │            ph.some(f => this.DESPUES_IDS.includes(f.id_tipo_foto));
          ╵               ~~~~


X [ERROR] TS7006: Parameter 'f' implicitly has an 'any' type. [plugin angular-compiler]

    src/app/features/revision-visitas/revision-visitas.component.ts:384:19:
      384 │            ph.some(f => this.DESPUES_IDS.includes(f.id_tipo_foto));
          ╵                    ^


X [ERROR] TS2339: Property 'includes' does not exist on type '{}'. [plugin angular-compiler]

    src/app/features/revision-visitas/revision-visitas.component.ts:384:41:
      384 │            ph.some(f => this.DESPUES_IDS.includes(f.id_tipo_foto));
          ╵                                          ~~~~~~~~


X [ERROR] TS2339: Property 'filter' does not exist on type '{}'. [plugin angular-compiler]

    src/app/features/revision-visitas/revision-visitas.component.ts:393:21:
      393 │     const antes = ph.filter(f => this.ANTES_IDS.includes(f.id_tip...
          ╵                      ~~~~~~


X [ERROR] TS7006: Parameter 'f' implicitly has an 'any' type. [plugin angular-compiler]

    src/app/features/revision-visitas/revision-visitas.component.ts:393:28:
      393 │     const antes = ph.filter(f => this.ANTES_IDS.includes(f.id_tip...
          ╵                             ^


X [ERROR] TS2339: Property 'includes' does not exist on type '{}'. [plugin angular-compiler]

    src/app/features/revision-visitas/revision-visitas.component.ts:393:48:
      393 │ ...filter(f => this.ANTES_IDS.includes(f.id_tipo_foto) && this.es...
          ╵                               ~~~~~~~~


X [ERROR] TS2339: Property 'filter' does not exist on type '{}'. [plugin angular-compiler]

    src/app/features/revision-visitas/revision-visitas.component.ts:394:23:
      394 │     const despues = ph.filter(f => this.DESPUES_IDS.includes(f.id...
          ╵                        ~~~~~~


X [ERROR] TS7006: Parameter 'f' implicitly has an 'any' type. [plugin angular-compiler]

    src/app/features/revision-visitas/revision-visitas.component.ts:394:30:
      394 │     const despues = ph.filter(f => this.DESPUES_IDS.includes(f.id...
          ╵                               ^


X [ERROR] TS2339: Property 'includes' does not exist on type '{}'. [plugin angular-compiler]

    src/app/features/revision-visitas/revision-visitas.component.ts:394:52:
      394 │ ...lter(f => this.DESPUES_IDS.includes(f.id_tipo_foto) && this.es...
          ╵                               ~~~~~~~~


X [ERROR] TS2304: Cannot find name 'Math'. [plugin angular-compiler]

    src/app/features/revision-visitas/revision-visitas.component.ts:395:14:
      395 │     const n = Math.max(antes.length, despues.length);
          ╵               ~~~~


X [ERROR] TS2339: Property 'push' does not exist on type '{}'. [plugin angular-compiler]

    src/app/features/revision-visitas/revision-visitas.component.ts:397:38:
      397 │ ...let i = 0; i < n; i++) pairs.push({ antes: antes[i] || null, d...
          ╵                                 ~~~~


X [ERROR] TS2307: Cannot find module '@angular/core' or its corresponding type declarations. [plugin angular-compiler]

    src/app/features/routes/route-detail-dialog.component.ts:1:50:
      1 │ import { Component, Inject, OnInit, signal } from '@angular/core';
        ╵                                                   ~~~~~~~~~~~~~~~


X [ERROR] TS2307: Cannot find module '@angular/common' or its corresponding type declarations. [plugin angular-compiler]

    src/app/features/routes/route-detail-dialog.component.ts:2:29:
      2 │ import { CommonModule } from '@angular/common';
        ╵                              ~~~~~~~~~~~~~~~~~


X [ERROR] TS2307: Cannot find module '@angular/forms' or its corresponding type declarations. [plugin angular-compiler]

    src/app/features/routes/route-detail-dialog.component.ts:3:62:
      3 │ ...ctiveFormsModule, FormBuilder, FormsModule } from '@angular/forms';
        ╵                                                      ~~~~~~~~~~~~~~~~


X [ERROR] TS2307: Cannot find module '@angular/material/dialog' or its corresponding type declarations. [plugin angular-compiler]

    src/app/features/routes/route-detail-dialog.component.ts:4:63:
      4 │ ...MAT_DIALOG_DATA, MatDialogModule } from '@angular/material/dialog';
        ╵                                            ~~~~~~~~~~~~~~~~~~~~~~~~~~


X [ERROR] TS2307: Cannot find module '@angular/material/button' or its corresponding type declarations. [plugin angular-compiler]

    src/app/features/routes/route-detail-dialog.component.ts:5:32:
      5 │ import { MatButtonModule } from '@angular/material/button';
        ╵                                 ~~~~~~~~~~~~~~~~~~~~~~~~~~


X [ERROR] TS2307: Cannot find module '@angular/material/icon' or its corresponding type declarations. [plugin angular-compiler]

    src/app/features/routes/route-detail-dialog.component.ts:6:30:
      6 │ import { MatIconModule } from '@angular/material/icon';
        ╵                               ~~~~~~~~~~~~~~~~~~~~~~~~


X [ERROR] TS2307: Cannot find module '@angular/material/snack-bar' or its corresponding type declarations. [plugin angular-compiler]

    src/app/features/routes/route-detail-dialog.component.ts:7:28:
      7 │ import { MatSnackBar } from '@angular/material/snack-bar';
        ╵                             ~~~~~~~~~~~~~~~~~~~~~~~~~~~~~


X [ERROR] TS2307: Cannot find module '@angular/material/progress-spinner' or its corresponding type declarations. [plugin angular-compiler]

    src/app/features/routes/route-detail-dialog.component.ts:8:41:
      8 │ ...tProgressSpinnerModule } from '@angular/material/progress-spinner';
        ╵                                  ~~~~~~~~~~~~~~~~~~~~~~~~~~~~~~~~~~~~


X [ERROR] TS2307: Cannot find module '@angular/material/tooltip' or its corresponding type declarations. [plugin angular-compiler]

    src/app/features/routes/route-detail-dialog.component.ts:9:33:
      9 │ import { MatTooltipModule } from '@angular/material/tooltip';
        ╵                                  ~~~~~~~~~~~~~~~~~~~~~~~~~~~


X [ERROR] TS2307: Cannot find module 'rxjs' or its corresponding type declarations. [plugin angular-compiler]

    src/app/features/routes/route-detail-dialog.component.ts:10:75:
      10 │ ..., debounceTime, distinctUntilChanged, switchMap, of } from 'rxjs';
         ╵                                                               ~~~~~~


X [ERROR] TS2304: Cannot find name 'Record'. [plugin angular-compiler]

    src/app/features/routes/route-detail-dialog.component.ts:15:85:
      15 │ ...iority[]; prioridad: string; dayChecks: Record<string, boolean>; }
         ╵                                            ~~~~~~


X [ERROR] TS2583: Cannot find name 'Set'. Do you need to change your target library? Try changing the 'lib' compiler option to 'es2015' or later. [plugin angular-compiler]

    src/app/features/routes/route-detail-dialog.component.ts:51:27:
      51 │   selectedProgIds = signal<Set<number>>(new Set());
         ╵                            ~~~


X [ERROR] TS2583: Cannot find name 'Set'. Do you need to change your target library? Try changing the 'lib' compiler option to 'es2015' or later. [plugin angular-compiler]

    src/app/features/routes/route-detail-dialog.component.ts:51:44:
      51 │   selectedProgIds = signal<Set<number>>(new Set());
         ╵                                             ~~~


X [ERROR] TS-992003: No suitable injection token for parameter 'dialogRef' of class 'RouteDetailDialogComponent'.
  Consider using the @Inject decorator to specify an injection token. [plugin angular-compiler]

    src/app/features/routes/route-detail-dialog.component.ts:66:11:
      66 │     public dialogRef: MatDialogRef<RouteDetailDialogComponent>,
         ╵            ~~~~~~~~~

  This type does not have a value, so it cannot be used as injection token.

    src/app/features/routes/route-detail-dialog.component.ts:66:22:
      66 │     public dialogRef: MatDialogRef<RouteDetailDialogComponent>,
         ╵                       ~~~~~~~~~~~~~~~~~~~~~~~~~~~~~~~~~~~~~~~~


X [ERROR] TS2339: Property 'startsWith' does not exist on type 'string'. [plugin angular-compiler]

    src/app/features/routes/route-detail-dialog.component.ts:79:10:
      79 │     if (n.startsWith('Ruta ') && n.length > 5 && ['E', 'T', 'A'].i...
         ╵           ~~~~~~~~~~


X [ERROR] TS2339: Property 'length' does not exist on type 'string'. [plugin angular-compiler]

    src/app/features/routes/route-detail-dialog.component.ts:79:35:
      79 │ ... (n.startsWith('Ruta ') && n.length > 5 && ['E', 'T', 'A'].incl...
         ╵                                 ~~~~~~


X [ERROR] TS2339: Property 'includes' does not exist on type '{}'. [plugin angular-compiler]

    src/app/features/routes/route-detail-dialog.component.ts:79:65:
      79 │ ... n.length > 5 && ['E', 'T', 'A'].includes(n[5])) this.tipo = n[5];
         ╵                                     ~~~~~~~~


X [ERROR] TS7053: Element implicitly has an 'any' type because expression of type '5' can't be used to index type '{}'.
  Property '5' does not exist on type '{}'. [plugin angular-compiler]

    src/app/features/routes/route-detail-dialog.component.ts:79:74:
      79 │ ... n.length > 5 && ['E', 'T', 'A'].includes(n[5])) this.tipo = n[5];
         ╵                                              ~~~~


X [ERROR] TS7053: Element implicitly has an 'any' type because expression of type '5' can't be used to index type '{}'.
  Property '5' does not exist on type '{}'. [plugin angular-compiler]

    src/app/features/routes/route-detail-dialog.component.ts:79:93:
      79 │ ... n.length > 5 && ['E', 'T', 'A'].includes(n[5])) this.tipo = n[5];
         ╵                                                                 ~~~~


X [ERROR] TS2304: Cannot find name 'Number'. [plugin angular-compiler]

    src/app/features/routes/route-detail-dialog.component.ts:92:36:
      92 │ ... this.selectedClientIds.set([Number(this.ruta.id_cliente_exclus...
         ╵                                 ~~~~~~


X [ERROR] TS7006: Parameter 'term' implicitly has an 'any' type. [plugin angular-compiler]

    src/app/features/routes/route-detail-dialog.component.ts:100:16:
      100 │       switchMap(term => {
          ╵                 ~~~~


X [ERROR] TS7006: Parameter 'c' implicitly has an 'any' type. [plugin angular-compiler]

    src/app/features/routes/route-detail-dialog.component.ts:116:29:
      116 │       ?? this.clients().find(c => c.id === Number(this.ruta.id_cl...
          ╵                              ^


X [ERROR] TS2304: Cannot find name 'Number'. [plugin angular-compiler]

    src/app/features/routes/route-detail-dialog.component.ts:116:43:
      116 │ ...lients().find(c => c.id === Number(this.ruta.id_cliente_exclus...
          ╵                                ~~~~~~


X [ERROR] TS2339: Property 'trim' does not exist on type 'string'. [plugin angular-compiler]

    src/app/features/routes/route-detail-dialog.component.ts:121:32:
      121 │     const s = this.clientSearch.trim().toLowerCase();
          ╵                                 ~~~~


X [ERROR] TS7006: Parameter 'c' implicitly has an 'any' type. [plugin angular-compiler]

    src/app/features/routes/route-detail-dialog.component.ts:122:33:
      122 │     return this.clients().filter(c => !s || c.nombre?.toLowerCase...
          ╵                                  ^


X [ERROR] TS7006: Parameter 'd' implicitly has an 'any' type. [plugin angular-compiler]

    src/app/features/routes/route-detail-dialog.component.ts:128:77:
      128 │ ...eChanges(this.ruta.id).subscribe(d => this.futureChanges.set(d));
          ╵                                     ^


X [ERROR] TS7006: Parameter 'updated' implicitly has an 'any' type. [plugin angular-compiler]

    src/app/features/routes/route-detail-dialog.component.ts:135:13:
      135 │       next: (updated) => {
          ╵              ~~~~~~~


X [ERROR] TS7006: Parameter 'list' implicitly has an 'any' type. [plugin angular-compiler]

    src/app/features/routes/route-detail-dialog.component.ts:149:34:
      149 │ ...his.selectedClientIds.update(list => list.includes(id) ? list....
          ╵                                 ~~~~


X [ERROR] TS7006: Parameter 'x' implicitly has an 'any' type. [plugin angular-compiler]

    src/app/features/routes/route-detail-dialog.component.ts:149:74:
      149 │ ... list.includes(id) ? list.filter(x => x !== id) : [...list, id]);
          ╵                                     ^


X [ERROR] TS7006: Parameter 'r' implicitly has an 'any' type. [plugin angular-compiler]

    src/app/features/routes/route-detail-dialog.component.ts:165:31:
      165 │     if (this.editorRows().some(r => r.point.id === this.selectedP...
          ╵                                ^


X [ERROR] TS7006: Parameter 'rows' implicitly has an 'any' type. [plugin angular-compiler]

    src/app/features/routes/route-detail-dialog.component.ts:169:27:
      169 │     this.editorRows.update(rows => [...rows, {
          ╵                            ~~~~


X [ERROR] TS7006: Parameter 'rows' implicitly has an 'any' type. [plugin angular-compiler]

    src/app/features/routes/route-detail-dialog.component.ts:179:27:
      179 │     this.editorRows.update(rows => rows.filter((_, i) => i !== id...
          ╵                            ~~~~


X [ERROR] TS7006: Parameter '_' implicitly has an 'any' type. [plugin angular-compiler]

    src/app/features/routes/route-detail-dialog.component.ts:179:48:
      179 │ ...this.editorRows.update(rows => rows.filter((_, i) => i !== idx));
          ╵                                                ^


X [ERROR] TS7006: Parameter 'i' implicitly has an 'any' type. [plugin angular-compiler]

    src/app/features/routes/route-detail-dialog.component.ts:179:51:
      179 │ ...this.editorRows.update(rows => rows.filter((_, i) => i !== idx));
          ╵                                                   ^


X [ERROR] TS7006: Parameter 'rows' implicitly has an 'any' type. [plugin angular-compiler]

    src/app/features/routes/route-detail-dialog.component.ts:184:27:
      184 │     this.editorRows.update(rows => rows.map((r, i) => {
          ╵                            ~~~~


X [ERROR] TS7006: Parameter 'r' implicitly has an 'any' type. [plugin angular-compiler]

    src/app/features/routes/route-detail-dialog.component.ts:184:45:
      184 │     this.editorRows.update(rows => rows.map((r, i) => {
          ╵                                              ^


X [ERROR] TS7006: Parameter 'i' implicitly has an 'any' type. [plugin angular-compiler]

    src/app/features/routes/route-detail-dialog.component.ts:184:48:
      184 │     this.editorRows.update(rows => rows.map((r, i) => {
          ╵                                                 ^


X [ERROR] TS2339: Property 'filter' does not exist on type '{}'. [plugin angular-compiler]

    src/app/features/routes/route-detail-dialog.component.ts:186:32:
      186 │ ...  const checked = this.dias.filter(d => r.dayChecks[d.v]).map(...
          ╵                                ~~~~~~


X [ERROR] TS7006: Parameter 'd' implicitly has an 'any' type. [plugin angular-compiler]

    src/app/features/routes/route-detail-dialog.component.ts:186:39:
      186 │ ...nst checked = this.dias.filter(d => r.dayChecks[d.v]).map(d =>...
          ╵                                   ^


X [ERROR] TS7006: Parameter 'd' implicitly has an 'any' type. [plugin angular-compiler]

    src/app/features/routes/route-detail-dialog.component.ts:186:66:
      186 │ ... checked = this.dias.filter(d => r.dayChecks[d.v]).map(d => d.v);
          ╵                                                           ^


X [ERROR] TS2339: Property 'find' does not exist on type '{}'. [plugin angular-compiler]

    src/app/features/routes/route-detail-dialog.component.ts:190:30:
      190 │         const existing = days.find(d => d.dia === dia);
          ╵                               ~~~~


X [ERROR] TS7006: Parameter 'd' implicitly has an 'any' type. [plugin angular-compiler]

    src/app/features/routes/route-detail-dialog.component.ts:190:35:
      190 │         const existing = days.find(d => d.dia === dia);
          ╵                                    ^


X [ERROR] TS2339: Property 'push' does not exist on type '{}'. [plugin angular-compiler]

    src/app/features/routes/route-detail-dialog.component.ts:192:18:
      192 │         else days.push({ dia, prioridad: r.prioridad });
          ╵                   ~~~~


X [ERROR] TS7006: Parameter 'rows' implicitly has an 'any' type. [plugin angular-compiler]

    src/app/features/routes/route-detail-dialog.component.ts:198:27:
      198 │     this.editorRows.update(rows => rows.map((r, i) =>
          ╵                            ~~~~


X [ERROR] TS7006: Parameter 'r' implicitly has an 'any' type. [plugin angular-compiler]

    src/app/features/routes/route-detail-dialog.component.ts:198:45:
      198 │     this.editorRows.update(rows => rows.map((r, i) =>
          ╵                                              ^


X [ERROR] TS7006: Parameter 'i' implicitly has an 'any' type. [plugin angular-compiler]

    src/app/features/routes/route-detail-dialog.component.ts:198:48:
      198 │     this.editorRows.update(rows => rows.map((r, i) =>
          ╵                                                 ^


X [ERROR] TS7006: Parameter 'd' implicitly has an 'any' type. [plugin angular-compiler]

    src/app/features/routes/route-detail-dialog.component.ts:199:46:
      199 │ ...== idx ? { ...r, days: r.days.filter(d => d.dia !== dia) } : r));
          ╵                                         ^


X [ERROR] TS2339: Property 'find' does not exist on type '{}'. [plugin angular-compiler]

    src/app/features/routes/route-detail-dialog.component.ts:201:49:
      201 │ ...tring): string { return this.dias.find(d => d.v === v)?.l ?? v; }
          ╵                                      ~~~~


X [ERROR] TS7006: Parameter 'd' implicitly has an 'any' type. [plugin angular-compiler]

    src/app/features/routes/route-detail-dialog.component.ts:201:54:
      201 │ ...tring): string { return this.dias.find(d => d.v === v)?.l ?? v; }
          ╵                                           ^


X [ERROR] TS7006: Parameter 'r' implicitly has an 'any' type. [plugin angular-compiler]

    src/app/features/routes/route-detail-dialog.component.ts:206:29:
      206 │       this.editorRows().some(r => r.days.length > 0);
          ╵                              ^


X [ERROR] TS2339: Property 'push' does not exist on type '{}'. [plugin angular-compiler]

    src/app/features/routes/route-detail-dialog.component.ts:218:18:
      218 │           inserts.push({ point_id: row.point.id, client_id: cid, ...
          ╵                   ~~~~


X [ERROR] TS2339: Property 'length' does not exist on type '{}'. [plugin angular-compiler]

    src/app/features/routes/route-detail-dialog.component.ts:222:16:
      222 │     if (inserts.length === 0) return;
          ╵                 ~~~~~~


X [ERROR] TS7006: Parameter 'res' implicitly has an 'any' type. [plugin angular-compiler]

    src/app/features/routes/route-detail-dialog.component.ts:225:13:
      225 │       next: (res) => {
          ╵              ~~~


X [ERROR] TS7006: Parameter 'err' implicitly has an 'any' type. [plugin angular-compiler]

    src/app/features/routes/route-detail-dialog.component.ts:231:14:
      231 │       error: (err) => {
          ╵               ~~~


X [ERROR] TS7006: Parameter 'd' implicitly has an 'any' type. [plugin angular-compiler]

    src/app/features/routes/route-detail-dialog.component.ts:240:58:
      240 │     this.api.getRoutePoints(this.ruta.id, true).subscribe(d => {
          ╵                                                           ^


X [ERROR] TS7006: Parameter 'list' implicitly has an 'any' type. [plugin angular-compiler]

    src/app/features/routes/route-detail-dialog.component.ts:254:32:
      254 │         this.routePoints.update(list => list.map(x => x.id === p....
          ╵                                 ~~~~


X [ERROR] TS7006: Parameter 'x' implicitly has an 'any' type. [plugin angular-compiler]

    src/app/features/routes/route-detail-dialog.component.ts:254:49:
      254 │ ...Points.update(list => list.map(x => x.id === p.id ? { ...x, ac...
          ╵                                   ^


X [ERROR] TS2304: Cannot find name 'confirm'. [plugin angular-compiler]

    src/app/features/routes/route-detail-dialog.component.ts:261:9:
      261 │     if (!confirm('¿Eliminar este punto de la ruta?')) return;
          ╵          ~~~~~~~


X [ERROR] TS7006: Parameter 'set' implicitly has an 'any' type. [plugin angular-compiler]

    src/app/features/routes/route-detail-dialog.component.ts:269:32:
      269 │     this.selectedProgIds.update(set => {
          ╵                                 ~~~


X [ERROR] TS2583: Cannot find name 'Set'. Do you need to change your target library? Try changing the 'lib' compiler option to 'es2015' or later. [plugin angular-compiler]

    src/app/features/routes/route-detail-dialog.component.ts:270:20:
      270 │       const s = new Set(set);
          ╵                     ~~~


X [ERROR] TS2339: Property 'length' does not exist on type '{}'. [plugin angular-compiler]

    src/app/features/routes/route-detail-dialog.component.ts:279:12:
      279 │     if (ids.length === 0) return;
          ╵             ~~~~~~


X [ERROR] TS2339: Property 'map' does not exist on type '{}'. [plugin angular-compiler]

    src/app/features/routes/route-detail-dialog.component.ts:280:52:
      280 │ ...(this.ruta.id, { deletes: ids.map(id => ({ programacion_id: id...
          ╵                                  ~~~


X [ERROR] TS7006: Parameter 'id' implicitly has an 'any' type. [plugin angular-compiler]

    src/app/features/routes/route-detail-dialog.component.ts:280:56:
      280 │ ...s.ruta.id, { deletes: ids.map(id => ({ programacion_id: id }))...
          ╵                                  ~~


X [ERROR] TS7006: Parameter 'res' implicitly has an 'any' type. [plugin angular-compiler]

    src/app/features/routes/route-detail-dialog.component.ts:281:13:
      281 │       next: (res) => {
          ╵              ~~~


X [ERROR] TS2583: Cannot find name 'Set'. Do you need to change your target library? Try changing the 'lib' compiler option to 'es2015' or later. [plugin angular-compiler]

    src/app/features/routes/route-detail-dialog.component.ts:282:37:
      282 │         this.selectedProgIds.set(new Set());
          ╵                                      ~~~


X [ERROR] TS2339: Property 'length' does not exist on type '{}'. [plugin angular-compiler]

    src/app/features/routes/route-detail-dialog.component.ts:292:12:
      292 │     if (ids.length === 0) return;
          ╵             ~~~~~~


X [ERROR] TS2304: Cannot find name 'confirm'. [plugin angular-compiler]

    src/app/features/routes/route-detail-dialog.component.ts:293:9:
      293 │     if (!confirm(`¿Eliminar ${ids.length} punto(s) seleccionado(...
          ╵          ~~~~~~~


X [ERROR] TS2339: Property 'length' does not exist on type '{}'. [plugin angular-compiler]

    src/app/features/routes/route-detail-dialog.component.ts:293:34:
      293 │ ... (!confirm(`¿Eliminar ${ids.length} punto(s) seleccionado(s)?...
          ╵                               ~~~~~~


X [ERROR] TS7006: Parameter 'x' implicitly has an 'any' type. [plugin angular-compiler]

    src/app/features/routes/route-detail-dialog.component.ts:300:42:
      300 │ ...ds = this.routePoints().filter(x => (x.punto?.id ?? x.punto_id...
          ╵                                   ^


X [ERROR] TS7006: Parameter 'x' implicitly has an 'any' type. [plugin angular-compiler]

    src/app/features/routes/route-detail-dialog.component.ts:300:88:
      300 │ ....filter(x => (x.punto?.id ?? x.punto_id) === pid).map(x => x.id);
          ╵                                                          ^


X [ERROR] TS2304: Cannot find name 'confirm'. [plugin angular-compiler]

    src/app/features/routes/route-detail-dialog.component.ts:301:9:
      301 │     if (!confirm(`¿Eliminar "${p.punto?.nombre || p.punto_intere...
          ╵          ~~~~~~~


X [ERROR] TS7006: Parameter 'x' implicitly has an 'any' type. [plugin angular-compiler]

    src/app/features/routes/route-detail-dialog.component.ts:309:42:
      309 │ ...ds = this.routePoints().filter(x => x.dia === this.bulkDeleteD...
          ╵                                   ^


X [ERROR] TS7006: Parameter 'x' implicitly has an 'any' type. [plugin angular-compiler]

    src/app/features/routes/route-detail-dialog.component.ts:309:81:
      309 │ ...oints().filter(x => x.dia === this.bulkDeleteDay).map(x => x.id);
          ╵                                                          ^


X [ERROR] TS2304: Cannot find name 'confirm'. [plugin angular-compiler]

    src/app/features/routes/route-detail-dialog.component.ts:311:9:
      311 │     if (!confirm(`¿Eliminar los ${ids.length} punto(s) del día ...
          ╵          ~~~~~~~


X [ERROR] TS7006: Parameter 'x' implicitly has an 'any' type. [plugin angular-compiler]

    src/app/features/routes/route-detail-dialog.component.ts:318:39:
      318 │     const ids = this.routePoints().map(x => x.id);
          ╵                                        ^


X [ERROR] TS2304: Cannot find name 'confirm'. [plugin angular-compiler]

    src/app/features/routes/route-detail-dialog.component.ts:320:9:
      320 │     if (!confirm(`¿Eliminar TODOS los ${ids.length} puntos de la...
          ╵          ~~~~~~~


X [ERROR] TS2304: Cannot find name 'Record'. [plugin angular-compiler]

    src/app/features/routes/route-detail-dialog.component.ts:327:14:
      327 │   futureForm: Record<string, any> = {};
          ╵               ~~~~~~


X [ERROR] TS7006: Parameter 'd' implicitly has an 'any' type. [plugin angular-compiler]

    src/app/features/routes/route-detail-dialog.component.ts:367:58:
      367 │ ...eChanges(this.ruta.id).subscribe(d => this.futureChanges.set(d));
          ╵                                     ^


X [ERROR] TS2307: Cannot find module '@angular/core' or its corresponding type declarations. [plugin angular-compiler]

    src/app/features/routes/routes.component.ts:1:42:
      1 │ import { Component, OnInit, signal } from '@angular/core';
        ╵                                           ~~~~~~~~~~~~~~~


X [ERROR] TS2307: Cannot find module '@angular/common' or its corresponding type declarations. [plugin angular-compiler]

    src/app/features/routes/routes.component.ts:2:29:
      2 │ import { CommonModule } from '@angular/common';
        ╵                              ~~~~~~~~~~~~~~~~~


X [ERROR] TS2307: Cannot find module '@angular/forms' or its corresponding type declarations. [plugin angular-compiler]

    src/app/features/routes/routes.component.ts:3:74:
      3 │ ...dule, FormBuilder, Validators, FormsModule } from '@angular/forms';
        ╵                                                      ~~~~~~~~~~~~~~~~


X [ERROR] TS2307: Cannot find module '@angular/material/button' or its corresponding type declarations. [plugin angular-compiler]

    src/app/features/routes/routes.component.ts:4:32:
      4 │ import { MatButtonModule } from '@angular/material/button';
        ╵                                 ~~~~~~~~~~~~~~~~~~~~~~~~~~


X [ERROR] TS2307: Cannot find module '@angular/material/icon' or its corresponding type declarations. [plugin angular-compiler]

    src/app/features/routes/routes.component.ts:5:30:
      5 │ import { MatIconModule } from '@angular/material/icon';
        ╵                               ~~~~~~~~~~~~~~~~~~~~~~~~


X [ERROR] TS2307: Cannot find module '@angular/material/table' or its corresponding type declarations. [plugin angular-compiler]

    src/app/features/routes/routes.component.ts:6:31:
      6 │ import { MatTableModule } from '@angular/material/table';
        ╵                                ~~~~~~~~~~~~~~~~~~~~~~~~~


X [ERROR] TS2307: Cannot find module '@angular/material/form-field' or its corresponding type declarations. [plugin angular-compiler]

    src/app/features/routes/routes.component.ts:7:35:
      7 │ import { MatFormFieldModule } from '@angular/material/form-field';
        ╵                                    ~~~~~~~~~~~~~~~~~~~~~~~~~~~~~~


X [ERROR] TS2307: Cannot find module '@angular/material/input' or its corresponding type declarations. [plugin angular-compiler]

    src/app/features/routes/routes.component.ts:8:31:
      8 │ import { MatInputModule } from '@angular/material/input';
        ╵                                ~~~~~~~~~~~~~~~~~~~~~~~~~


X [ERROR] TS2307: Cannot find module '@angular/material/dialog' or its corresponding type declarations. [plugin angular-compiler]

    src/app/features/routes/routes.component.ts:9:43:
      9 │ import { MatDialogModule, MatDialog } from '@angular/material/dialog';
        ╵                                            ~~~~~~~~~~~~~~~~~~~~~~~~~~


X [ERROR] TS2307: Cannot find module '@angular/material/progress-spinner' or its corresponding type declarations. [plugin angular-compiler]

    src/app/features/routes/routes.component.ts:10:41:
      10 │ ...ProgressSpinnerModule } from '@angular/material/progress-spinner';
         ╵                                 ~~~~~~~~~~~~~~~~~~~~~~~~~~~~~~~~~~~~


X [ERROR] TS2307: Cannot find module '@angular/material/slide-toggle' or its corresponding type declarations. [plugin angular-compiler]

    src/app/features/routes/routes.component.ts:11:37:
      11 │ ...rt { MatSlideToggleModule } from '@angular/material/slide-toggle';
         ╵                                     ~~~~~~~~~~~~~~~~~~~~~~~~~~~~~~~~


X [ERROR] TS2307: Cannot find module '@angular/material/snack-bar' or its corresponding type declarations. [plugin angular-compiler]

    src/app/features/routes/routes.component.ts:12:47:
      12 │ ...tSnackBar, MatSnackBarModule } from '@angular/material/snack-bar';
         ╵                                        ~~~~~~~~~~~~~~~~~~~~~~~~~~~~~


X [ERROR] TS2307: Cannot find module '@angular/material/select' or its corresponding type declarations. [plugin angular-compiler]

    src/app/features/routes/routes.component.ts:13:32:
      13 │ import { MatSelectModule } from '@angular/material/select';
         ╵                                 ~~~~~~~~~~~~~~~~~~~~~~~~~~


X [ERROR] TS2307: Cannot find module '@angular/material/tooltip' or its corresponding type declarations. [plugin angular-compiler]

    src/app/features/routes/routes.component.ts:14:33:
      14 │ import { MatTooltipModule } from '@angular/material/tooltip';
         ╵                                  ~~~~~~~~~~~~~~~~~~~~~~~~~~~


X [ERROR] TS-992003: No suitable injection token for parameter 'fb' of class 'RoutesComponent'.
  Consider using the @Inject decorator to specify an injection token. [plugin angular-compiler]

    src/app/features/routes/routes.component.ts:113:12:
      113 │     private fb: FormBuilder,
          ╵             ~~

  This type does not have a value, so it cannot be used as injection token.

    src/app/features/routes/routes.component.ts:113:16:
      113 │     private fb: FormBuilder,
          ╵                 ~~~~~~~~~~~


X [ERROR] TS7006: Parameter 'd' implicitly has an 'any' type. [plugin angular-compiler]

    src/app/features/routes/routes.component.ts:127:54:
      127 │ ...Catalog('servicios', true).subscribe(d => this.servicios.set(d));
          ╵                                         ^


X [ERROR] TS7006: Parameter 'd' implicitly has an 'any' type. [plugin angular-compiler]

    src/app/features/routes/routes.component.ts:128:55:
      128 │ ...talog('cuadrantes', true).subscribe(d => this.cuadrantes.set(d));
          ╵                                        ^


X [ERROR] TS7006: Parameter 'd' implicitly has an 'any' type. [plugin angular-compiler]

    src/app/features/routes/routes.component.ts:132:36:
      132 │     this.api.getClients().subscribe(d => this.clients.set(d ?? []));
          ╵                                     ^


X [ERROR] TS7006: Parameter 'data' implicitly has an 'any' type. [plugin angular-compiler]

    src/app/features/routes/routes.component.ts:138:13:
      138 │       next: (data) => { this.routes.set(data); this.loading.set(f...
          ╵              ~~~~


X [ERROR] TS2339: Property 'trim' does not exist on type 'string'. [plugin angular-compiler]

    src/app/features/routes/routes.component.ts:145:30:
      145 │     const s = this.searchTerm.trim().toLowerCase();
          ╵                               ~~~~


X [ERROR] TS7006: Parameter 'r' implicitly has an 'any' type. [plugin angular-compiler]

    src/app/features/routes/routes.component.ts:148:32:
      148 │     return this.routes().filter(r =>
          ╵                                 ^


X [ERROR] TS2583: Cannot find name 'Set'. Do you need to change your target library? Try changing the 'lib' compiler option to 'es2015' or later. [plugin angular-compiler]

    src/app/features/routes/routes.component.ts:156:20:
      156 │     const set = new Set<string>();
          ╵                     ~~~


X [ERROR] TS7006: Parameter 'r' implicitly has an 'any' type. [plugin angular-compiler]

    src/app/features/routes/routes.component.ts:157:26:
      157 │     this.routes().forEach(r => (r.clientes ?? []).forEach(c => se...
          ╵                           ^


X [ERROR] TS7006: Parameter 'c' implicitly has an 'any' type. [plugin angular-compiler]

    src/app/features/routes/routes.component.ts:157:58:
      157 │ ...utes().forEach(r => (r.clientes ?? []).forEach(c => set.add(c)));
          ╵                                                   ^


X [ERROR] TS2339: Property 'sort' does not exist on type '{}'. [plugin angular-compiler]

    src/app/features/routes/routes.component.ts:158:20:
      158 │     return [...set].sort();
          ╵                     ~~~~


X [ERROR] TS7006: Parameter 'data' implicitly has an 'any' type. [plugin angular-compiler]

    src/app/features/routes/routes.component.ts:178:48:
      178 │     this.api.getNextRouteNumber(tipo).subscribe(data => {
          ╵                                                 ~~~~


X [ERROR] TS2304: Cannot find name 'Number'. [plugin angular-compiler]

    src/app/features/routes/routes.component.ts:194:71:
      194 │ ...&& v.id_cliente_exclusivo ? Number(v.id_cliente_exclusivo) : n...
          ╵                                ~~~~~~


X [ERROR] TS7006: Parameter 'ruta' implicitly has an 'any' type. [plugin angular-compiler]

    src/app/features/routes/routes.component.ts:197:13:
      197 │       next: (ruta) => {
          ╵              ~~~~


X [ERROR] TS2339: Property 'sort' does not exist on type '{}'. [plugin angular-compiler]

    src/app/features/routes/routes.component.ts:199:57:
      199 │ ...rs: Ruta[]) => [...rs, ruta].sort((a, b) => a.nombre.localeCom...
          ╵                                 ~~~~


X [ERROR] TS7006: Parameter 'a' implicitly has an 'any' type. [plugin angular-compiler]

    src/app/features/routes/routes.component.ts:199:63:
      199 │ ...Ruta[]) => [...rs, ruta].sort((a, b) => a.nombre.localeCompare...
          ╵                                   ^


X [ERROR] TS7006: Parameter 'b' implicitly has an 'any' type. [plugin angular-compiler]

    src/app/features/routes/routes.component.ts:199:66:
      199 │ ...a[]) => [...rs, ruta].sort((a, b) => a.nombre.localeCompare(b....
          ╵                                   ^


X [ERROR] TS7006: Parameter 'err' implicitly has an 'any' type. [plugin angular-compiler]

    src/app/features/routes/routes.component.ts:205:14:
      205 │       error: (err) => {
          ╵               ~~~


X [ERROR] TS7006: Parameter 'nueva' implicitly has an 'any' type. [plugin angular-compiler]

    src/app/features/routes/routes.component.ts:222:13:
      222 │       next: (nueva) => {
          ╵              ~~~~~


X [ERROR] TS2339: Property 'sort' does not exist on type '{}'. [plugin angular-compiler]

    src/app/features/routes/routes.component.ts:223:58:
      223 │ ...s: Ruta[]) => [...rs, nueva].sort((a, b) => a.nombre.localeCom...
          ╵                                 ~~~~


X [ERROR] TS7006: Parameter 'a' implicitly has an 'any' type. [plugin angular-compiler]

    src/app/features/routes/routes.component.ts:223:64:
      223 │ ...uta[]) => [...rs, nueva].sort((a, b) => a.nombre.localeCompare...
          ╵                                   ^


X [ERROR] TS7006: Parameter 'b' implicitly has an 'any' type. [plugin angular-compiler]

    src/app/features/routes/routes.component.ts:223:67:
      223 │ ...[]) => [...rs, nueva].sort((a, b) => a.nombre.localeCompare(b....
          ╵                                   ^


X [ERROR] TS7006: Parameter 'err' implicitly has an 'any' type. [plugin angular-compiler]

    src/app/features/routes/routes.component.ts:226:14:
      226 │       error: (err) => this.snack.open(err.error?.detail ?? 'Error...
          ╵               ~~~


X [ERROR] TS2304: Cannot find name 'confirm'. [plugin angular-compiler]

    src/app/features/routes/routes.component.ts:231:9:
      231 │     if (!confirm(`¿Eliminar la ruta ${ruta.nombre}? Se borrarán...
          ╵          ~~~~~~~


X [ERROR] TS2339: Property 'filter' does not exist on type '{}'. [plugin angular-compiler]

    src/app/features/routes/routes.component.ts:234:46:
      234 │ ....routes.update((rs: Ruta[]) => rs.filter(r => r.id !== ruta.id));
          ╵                                      ~~~~~~


X [ERROR] TS7006: Parameter 'r' implicitly has an 'any' type. [plugin angular-compiler]

    src/app/features/routes/routes.component.ts:234:53:
      234 │ ....routes.update((rs: Ruta[]) => rs.filter(r => r.id !== ruta.id));
          ╵                                             ^


X [ERROR] TS7006: Parameter 'err' implicitly has an 'any' type. [plugin angular-compiler]

    src/app/features/routes/routes.component.ts:237:14:
      237 │       error: (err) => this.snack.open(err.error?.detail ?? 'Error...
          ╵               ~~~


X [ERROR] TS7006: Parameter 'd' implicitly has an 'any' type. [plugin angular-compiler]

    src/app/features/routes/routes.component.ts:253:47:
      253 │     this.api.listCatalog(kind, true).subscribe(d => {
          ╵                                                ^


X [ERROR] TS2339: Property 'trim' does not exist on type 'string'. [plugin angular-compiler]

    src/app/features/routes/routes.component.ts:259:39:
      259 │     const nombre = this.catalogNewName.trim();
          ╵                                        ~~~~


X [ERROR] TS7006: Parameter 'err' implicitly has an 'any' type. [plugin angular-compiler]

    src/app/features/routes/routes.component.ts:265:14:
      265 │       error: (err) => { this.catalogSaving.set(false); this.snack...
          ╵               ~~~


X [ERROR] TS2339: Property 'trim' does not exist on type 'string'. [plugin angular-compiler]

    src/app/features/routes/routes.component.ts:270:25:
      270 │     const nombre = nuevo.trim();
          ╵                          ~~~~


X [ERROR] TS7006: Parameter 'err' implicitly has an 'any' type. [plugin angular-compiler]

    src/app/features/routes/routes.component.ts:275:14:
      275 │       error: (err) => this.snack.open(err.error?.detail ?? 'Error...
          ╵               ~~~


X [ERROR] TS7006: Parameter 'err' implicitly has an 'any' type. [plugin angular-compiler]

    src/app/features/routes/routes.component.ts:283:14:
      283 │       error: (err) => {
          ╵               ~~~


X [ERROR] TS2304: Cannot find name 'confirm'. [plugin angular-compiler]

    src/app/features/routes/routes.component.ts:286:34:
      286 │ ...  if (err.status === 409 && confirm(`${msg}\n\n¿Eliminar de t...
          ╵                                ~~~~~~~


X [ERROR] TS7006: Parameter 'data' implicitly has an 'any' type. [plugin angular-compiler]

    src/app/features/routes/routes.component.ts:310:13:
      310 │       next: (data) => { this.analystList.set(data); this.analystL...
          ╵              ~~~~


X [ERROR] TS7006: Parameter 'data' implicitly has an 'any' type. [plugin angular-compiler]

    src/app/features/routes/routes.component.ts:317:13:
      317 │       next: (data) => { this.supervisorList.set(data); this.super...
          ╵              ~~~~


X [ERROR] TS2339: Property 'trim' does not exist on type 'string'. [plugin angular-compiler]

    src/app/features/routes/routes.component.ts:323:33:
      323 │     const s = this.analystSearch.trim().toLowerCase();
          ╵                                  ~~~~


X [ERROR] TS7006: Parameter 'a' implicitly has an 'any' type. [plugin angular-compiler]

    src/app/features/routes/routes.component.ts:324:37:
      324 │ ...turn this.analystList().filter(a => !s || a.nombre?.toLowerCas...
          ╵                                   ^


X [ERROR] TS2339: Property 'trim' does not exist on type 'string'. [plugin angular-compiler]

    src/app/features/routes/routes.component.ts:327:36:
      327 │     const s = this.supervisorSearch.trim().toLowerCase();
          ╵                                     ~~~~


X [ERROR] TS7006: Parameter 'a' implicitly has an 'any' type. [plugin angular-compiler]

    src/app/features/routes/routes.component.ts:328:40:
      328 │ ...n this.supervisorList().filter(a => !s || a.nombre?.toLowerCas...
          ╵                                   ^


X [ERROR] TS7006: Parameter 'list' implicitly has an 'any' type. [plugin angular-compiler]

    src/app/features/routes/routes.component.ts:351:15:
      351 │     sig.update(list => list.map(x => x.id === id ? { ...x, ...pat...
          ╵                ~~~~


X [ERROR] TS7006: Parameter 'x' implicitly has an 'any' type. [plugin angular-compiler]

    src/app/features/routes/routes.component.ts:351:32:
      351 │     sig.update(list => list.map(x => x.id === id ? { ...x, ...pat...
          ╵                                 ^


X [ERROR] TS7006: Parameter 'r' implicitly has an 'any' type. [plugin angular-compiler]

    src/app/features/routes/routes.component.ts:361:13:
      361 │       next: (r) => this.assignedAnalystRoutes.set(r),
          ╵              ^


X [ERROR] TS7006: Parameter 'opts' implicitly has an 'any' type. [plugin angular-compiler]

    src/app/features/routes/routes.component.ts:377:44:
      377 │ ...RouteClients(a.id).subscribe(opts => this.routeClientOptions.s...
          ╵                                 ~~~~


X [ERROR] TS7006: Parameter 'cli' implicitly has an 'any' type. [plugin angular-compiler]

    src/app/features/routes/routes.component.ts:378:39:
      378 │ ...s.kindClients(a.id).subscribe(cli => this.selectedAnalystClien...
          ╵                                  ~~~


X [ERROR] TS7006: Parameter 'r' implicitly has an 'any' type. [plugin angular-compiler]

    src/app/features/routes/routes.component.ts:383:89:
      383 │ ...n { return this.assignedAnalystRoutes().some(r => r.id === id); }
          ╵                                                 ^


X [ERROR] TS7006: Parameter 'list' implicitly has an 'any' type. [plugin angular-compiler]

    src/app/features/routes/routes.component.ts:386:38:
      386 │ ...assignedAnalystRoutes.update(list => [...list, { id: r.id, nom...
          ╵                                 ~~~~


X [ERROR] TS7006: Parameter 'list' implicitly has an 'any' type. [plugin angular-compiler]

    src/app/features/routes/routes.component.ts:389:38:
      389 │ ...assignedAnalystRoutes.update(list => list.filter(r => r.id !==...
          ╵                                 ~~~~


X [ERROR] TS7006: Parameter 'r' implicitly has an 'any' type. [plugin angular-compiler]

    src/app/features/routes/routes.component.ts:389:58:
      389 │ ...ignedAnalystRoutes.update(list => list.filter(r => r.id !== id));
          ╵                                                  ^


X [ERROR] TS2339: Property 'toLowerCase' does not exist on type 'string'. [plugin angular-compiler]

    src/app/features/routes/routes.component.ts:392:38:
      392 │     const s = this.analystRouteSearch.toLowerCase();
          ╵                                       ~~~~~~~~~~~


X [ERROR] TS7006: Parameter 'r' implicitly has an 'any' type. [plugin angular-compiler]

    src/app/features/routes/routes.component.ts:393:32:
      393 │     return this.routes().filter(r =>
          ╵                                 ^


X [ERROR] TS7006: Parameter 'r' implicitly has an 'any' type. [plugin angular-compiler]

    src/app/features/routes/routes.component.ts:402:49:
      402 │     const ids = this.assignedAnalystRoutes().map(r => r.id);
          ╵                                                  ^


X [ERROR] TS2339: Property 'toLowerCase' does not exist on type 'string'. [plugin angular-compiler]

    src/app/features/routes/routes.component.ts:407:58:
      407 │ ...el ${this.assignKindLabel.toLowerCase()} guardadas`, 'OK', { d...
          ╵                              ~~~~~~~~~~~


X [ERROR] TS7006: Parameter 'err' implicitly has an 'any' type. [plugin angular-compiler]

    src/app/features/routes/routes.component.ts:409:14:
      409 │       error: (err) => { this.analystPanelSaving.set(false); this....
          ╵               ~~~


X [ERROR] TS7006: Parameter 'list' implicitly has an 'any' type. [plugin angular-compiler]

    src/app/features/routes/routes.component.ts:416:41:
      416 │ ...ectedAnalystClientIds.update(list => list.includes(id) ? list....
          ╵                                 ~~~~


X [ERROR] TS7006: Parameter 'x' implicitly has an 'any' type. [plugin angular-compiler]

    src/app/features/routes/routes.component.ts:416:81:
      416 │ ... list.includes(id) ? list.filter(x => x !== id) : [...list, id]);
          ╵                                     ^


X [ERROR] TS2339: Property 'toLowerCase' does not exist on type 'string'. [plugin angular-compiler]

    src/app/features/routes/routes.component.ts:427:61:
      427 │ ...el ${this.assignKindLabel.toLowerCase()} guardados`, 'OK', { d...
          ╵                              ~~~~~~~~~~~


X [ERROR] TS7006: Parameter 'err' implicitly has an 'any' type. [plugin angular-compiler]

    src/app/features/routes/routes.component.ts:429:14:
      429 │       error: (err) => { this.analystPanelSaving.set(false); this....
          ╵               ~~~


X [ERROR] TS7006: Parameter 'data' implicitly has an 'any' type. [plugin angular-compiler]

    src/app/features/routes/routes.component.ts:437:13:
      437 │       next: (data) => { this.mercList.set(data); this.mercLoading...
          ╵              ~~~~


X [ERROR] TS2339: Property 'toLowerCase' does not exist on type 'string'. [plugin angular-compiler]

    src/app/features/routes/routes.component.ts:443:30:
      443 │     const s = this.mercSearch.toLowerCase();
          ╵                               ~~~~~~~~~~~


X [ERROR] TS7006: Parameter 'm' implicitly has an 'any' type. [plugin angular-compiler]

    src/app/features/routes/routes.component.ts:445:34:
      445 │     return this.mercList().filter(m =>
          ╵                                   ^


X [ERROR] TS2583: Cannot find name 'Set'. Do you need to change your target library? Try changing the 'lib' compiler option to 'es2015' or later. [plugin angular-compiler]

    src/app/features/routes/routes.component.ts:452:19:
      452 │     return [...new Set(this.mercList().map(m => m.tipo).filter(Bo...
          ╵                    ~~~


X [ERROR] TS7006: Parameter 'm' implicitly has an 'any' type. [plugin angular-compiler]

    src/app/features/routes/routes.component.ts:452:43:
      452 │ ...n [...new Set(this.mercList().map(m => m.tipo).filter(Boolean))];
          ╵                                      ^


X [ERROR] TS2304: Cannot find name 'Boolean'. [plugin angular-compiler]

    src/app/features/routes/routes.component.ts:452:63:
      452 │ ...n [...new Set(this.mercList().map(m => m.tipo).filter(Boolean))];
          ╵                                                          ~~~~~~~


X [ERROR] TS7006: Parameter 'routes' implicitly has an 'any' type. [plugin angular-compiler]

    src/app/features/routes/routes.component.ts:461:13:
      461 │       next: (routes) => this.assignedRoutes.set(routes as Assigne...
          ╵              ~~~~~~


X [ERROR] TS7006: Parameter 'r' implicitly has an 'any' type. [plugin angular-compiler]

    src/app/features/routes/routes.component.ts:469:38:
      469 │     return this.assignedRoutes().some(r => r.id === routeId);
          ╵                                       ^


X [ERROR] TS7006: Parameter 'list' implicitly has an 'any' type. [plugin angular-compiler]

    src/app/features/routes/routes.component.ts:474:31:
      474 │     this.assignedRoutes.update(list => [...list, { id: ruta.id, n...
          ╵                                ~~~~


X [ERROR] TS7006: Parameter 'list' implicitly has an 'any' type. [plugin angular-compiler]

    src/app/features/routes/routes.component.ts:478:31:
      478 │     this.assignedRoutes.update(list => list.filter(r => r.id !== ...
          ╵                                ~~~~


X [ERROR] TS7006: Parameter 'r' implicitly has an 'any' type. [plugin angular-compiler]

    src/app/features/routes/routes.component.ts:478:51:
      478 │ ...ssignedRoutes.update(list => list.filter(r => r.id !== routeId));
          ╵                                             ^


X [ERROR] TS7006: Parameter 'list' implicitly has an 'any' type. [plugin angular-compiler]

    src/app/features/routes/routes.component.ts:482:31:
      482 │     this.assignedRoutes.update(list => list.map(r => r.id === rou...
          ╵                                ~~~~


X [ERROR] TS7006: Parameter 'r' implicitly has an 'any' type. [plugin angular-compiler]

    src/app/features/routes/routes.component.ts:482:48:
      482 │ ...Routes.update(list => list.map(r => r.id === routeId ? { ...r,...
          ╵                                   ^


X [ERROR] TS2339: Property 'toLowerCase' does not exist on type 'string'. [plugin angular-compiler]

    src/app/features/routes/routes.component.ts:486:36:
      486 │     const s = this.panelRouteSearch.toLowerCase();
          ╵                                     ~~~~~~~~~~~


X [ERROR] TS7006: Parameter 'r' implicitly has an 'any' type. [plugin angular-compiler]

    src/app/features/routes/routes.component.ts:487:32:
      487 │     return this.routes().filter(r =>
          ╵                                 ^


X [ERROR] TS7006: Parameter 'r' implicitly has an 'any' type. [plugin angular-compiler]

    src/app/features/routes/routes.component.ts:497:46:
      497 │ ...ad = this.assignedRoutes().map(r => ({ ruta_id: r.id, tipo_rut...
          ╵                                   ^


X [ERROR] TS7006: Parameter 'list' implicitly has an 'any' type. [plugin angular-compiler]

    src/app/features/routes/routes.component.ts:502:29:
      502 │         this.mercList.update(list => list.map(m =>
          ╵                              ~~~~


X [ERROR] TS7006: Parameter 'm' implicitly has an 'any' type. [plugin angular-compiler]

    src/app/features/routes/routes.component.ts:502:46:
      502 │         this.mercList.update(list => list.map(m =>
          ╵                                               ^


X [ERROR] TS7006: Parameter 'err' implicitly has an 'any' type. [plugin angular-compiler]

    src/app/features/routes/routes.component.ts:507:14:
      507 │       error: (err) => {
          ╵               ~~~


X [ERROR] TS2307: Cannot find module '@angular/core' or its corresponding type declarations. [plugin angular-compiler]

    src/app/features/supervisor/supervisor.component.ts:1:42:
      1 │ import { Component, OnInit, signal } from '@angular/core';
        ╵                                           ~~~~~~~~~~~~~~~


X [ERROR] TS2307: Cannot find module '@angular/common' or its corresponding type declarations. [plugin angular-compiler]

    src/app/features/supervisor/supervisor.component.ts:2:29:
      2 │ import { CommonModule } from '@angular/common';
        ╵                              ~~~~~~~~~~~~~~~~~


X [ERROR] TS2307: Cannot find module '@angular/material/card' or its corresponding type declarations. [plugin angular-compiler]

    src/app/features/supervisor/supervisor.component.ts:3:30:
      3 │ import { MatCardModule } from '@angular/material/card';
        ╵                               ~~~~~~~~~~~~~~~~~~~~~~~~


X [ERROR] TS2307: Cannot find module '@angular/material/button' or its corresponding type declarations. [plugin angular-compiler]

    src/app/features/supervisor/supervisor.component.ts:4:32:
      4 │ import { MatButtonModule } from '@angular/material/button';
        ╵                                 ~~~~~~~~~~~~~~~~~~~~~~~~~~


X [ERROR] TS2307: Cannot find module '@angular/material/icon' or its corresponding type declarations. [plugin angular-compiler]

    src/app/features/supervisor/supervisor.component.ts:5:30:
      5 │ import { MatIconModule } from '@angular/material/icon';
        ╵                               ~~~~~~~~~~~~~~~~~~~~~~~~


X [ERROR] TS2307: Cannot find module '@angular/material/progress-spinner' or its corresponding type declarations. [plugin angular-compiler]

    src/app/features/supervisor/supervisor.component.ts:6:41:
      6 │ ...tProgressSpinnerModule } from '@angular/material/progress-spinner';
        ╵                                  ~~~~~~~~~~~~~~~~~~~~~~~~~~~~~~~~~~~~


X [ERROR] TS2307: Cannot find module '@angular/material/snack-bar' or its corresponding type declarations. [plugin angular-compiler]

    src/app/features/supervisor/supervisor.component.ts:7:47:
      7 │ ...atSnackBar, MatSnackBarModule } from '@angular/material/snack-bar';
        ╵                                         ~~~~~~~~~~~~~~~~~~~~~~~~~~~~~


X [ERROR] TS-992003: No suitable injection token for parameter 'snack' of class 'SupervisorComponent'.
  Consider using the @Inject decorator to specify an injection token. [plugin angular-compiler]

    src/app/features/supervisor/supervisor.component.ts:25:47:
      25 │   constructor(private api: ApiService, private snack: MatSnackBar) {}
         ╵                                                ~~~~~

  This type does not have a value, so it cannot be used as injection token.

    src/app/features/supervisor/supervisor.component.ts:25:54:
      25 │   constructor(private api: ApiService, private snack: MatSnackBar) {}
         ╵                                                       ~~~~~~~~~~~


X [ERROR] TS7006: Parameter 'data' implicitly has an 'any' type. [plugin angular-compiler]

    src/app/features/supervisor/supervisor.component.ts:29:13:
      29 │       next: (data) => {
         ╵              ~~~~


X [ERROR] TS7006: Parameter 'ps' implicitly has an 'any' type. [plugin angular-compiler]

    src/app/features/supervisor/supervisor.component.ts:42:28:
      42 │         this.photos.update((ps) => ps.filter((p) => p.id !== foto....
         ╵                             ~~


X [ERROR] TS7006: Parameter 'p' implicitly has an 'any' type. [plugin angular-compiler]

    src/app/features/supervisor/supervisor.component.ts:42:46:
      42 │ ...   this.photos.update((ps) => ps.filter((p) => p.id !== foto.id));
         ╵                                             ^


X [ERROR] TS2307: Cannot find module '@angular/core' or its corresponding type declarations. [plugin angular-compiler]

    src/app/features/users/users.component.ts:1:50:
      1 │ import { Component, OnInit, signal, effect } from '@angular/core';
        ╵                                                   ~~~~~~~~~~~~~~~


X [ERROR] TS2307: Cannot find module '@angular/common' or its corresponding type declarations. [plugin angular-compiler]

    src/app/features/users/users.component.ts:2:29:
      2 │ import { CommonModule } from '@angular/common';
        ╵                              ~~~~~~~~~~~~~~~~~


X [ERROR] TS2307: Cannot find module '@angular/forms' or its corresponding type declarations. [plugin angular-compiler]

    src/app/features/users/users.component.ts:3:74:
      3 │ ...dule, FormsModule, FormBuilder, Validators } from '@angular/forms';
        ╵                                                      ~~~~~~~~~~~~~~~~


X [ERROR] TS2307: Cannot find module '@angular/material/card' or its corresponding type declarations. [plugin angular-compiler]

    src/app/features/users/users.component.ts:4:30:
      4 │ import { MatCardModule } from '@angular/material/card';
        ╵                               ~~~~~~~~~~~~~~~~~~~~~~~~


X [ERROR] TS2307: Cannot find module '@angular/material/table' or its corresponding type declarations. [plugin angular-compiler]

    src/app/features/users/users.component.ts:5:31:
      5 │ import { MatTableModule } from '@angular/material/table';
        ╵                                ~~~~~~~~~~~~~~~~~~~~~~~~~


X [ERROR] TS2307: Cannot find module '@angular/material/button' or its corresponding type declarations. [plugin angular-compiler]

    src/app/features/users/users.component.ts:6:32:
      6 │ import { MatButtonModule } from '@angular/material/button';
        ╵                                 ~~~~~~~~~~~~~~~~~~~~~~~~~~


X [ERROR] TS2307: Cannot find module '@angular/material/icon' or its corresponding type declarations. [plugin angular-compiler]

    src/app/features/users/users.component.ts:7:30:
      7 │ import { MatIconModule } from '@angular/material/icon';
        ╵                               ~~~~~~~~~~~~~~~~~~~~~~~~


X [ERROR] TS2307: Cannot find module '@angular/material/form-field' or its corresponding type declarations. [plugin angular-compiler]

    src/app/features/users/users.component.ts:8:35:
      8 │ import { MatFormFieldModule } from '@angular/material/form-field';
        ╵                                    ~~~~~~~~~~~~~~~~~~~~~~~~~~~~~~


X [ERROR] TS2307: Cannot find module '@angular/material/input' or its corresponding type declarations. [plugin angular-compiler]

    src/app/features/users/users.component.ts:9:31:
      9 │ import { MatInputModule } from '@angular/material/input';
        ╵                                ~~~~~~~~~~~~~~~~~~~~~~~~~


X [ERROR] TS2307: Cannot find module '@angular/material/select' or its corresponding type declarations. [plugin angular-compiler]

    src/app/features/users/users.component.ts:10:32:
      10 │ import { MatSelectModule } from '@angular/material/select';
         ╵                                 ~~~~~~~~~~~~~~~~~~~~~~~~~~


X [ERROR] TS2307: Cannot find module '@angular/material/progress-spinner' or its corresponding type declarations. [plugin angular-compiler]

    src/app/features/users/users.component.ts:11:41:
      11 │ ...ProgressSpinnerModule } from '@angular/material/progress-spinner';
         ╵                                 ~~~~~~~~~~~~~~~~~~~~~~~~~~~~~~~~~~~~


X [ERROR] TS2307: Cannot find module '@angular/material/snack-bar' or its corresponding type declarations. [plugin angular-compiler]

    src/app/features/users/users.component.ts:12:47:
      12 │ ...tSnackBar, MatSnackBarModule } from '@angular/material/snack-bar';
         ╵                                        ~~~~~~~~~~~~~~~~~~~~~~~~~~~~~


X [ERROR] TS2307: Cannot find module '@angular/material/tabs' or its corresponding type declarations. [plugin angular-compiler]

    src/app/features/users/users.component.ts:13:30:
      13 │ import { MatTabsModule } from '@angular/material/tabs';
         ╵                               ~~~~~~~~~~~~~~~~~~~~~~~~


X [ERROR] TS2307: Cannot find module '@angular/material/tooltip' or its corresponding type declarations. [plugin angular-compiler]

    src/app/features/users/users.component.ts:14:33:
      14 │ import { MatTooltipModule } from '@angular/material/tooltip';
         ╵                                  ~~~~~~~~~~~~~~~~~~~~~~~~~~~


X [ERROR] TS7006: Parameter 'a' implicitly has an 'any' type. [plugin angular-compiler]

    src/app/features/users/users.component.ts:58:60:
      58 │ ...y[] { return this.analysts().filter(a => (a.id_rol ?? 2) === 2); }
         ╵                                        ^


X [ERROR] TS2304: Cannot find name 'Record'. [plugin angular-compiler]

    src/app/features/users/users.component.ts:61:12:
      61 │   tabHints: Record<string, string> = {
         ╵             ~~~~~~


X [ERROR] TS-992003: No suitable injection token for parameter 'fb' of class 'UsersComponent'.
  Consider using the @Inject decorator to specify an injection token. [plugin angular-compiler]

    src/app/features/users/users.component.ts:120:47:
      120 │ ...vate api: ApiService, private fb: FormBuilder, private snack: ...
          ╵                                  ~~

  This type does not have a value, so it cannot be used as injection token.

    src/app/features/users/users.component.ts:120:51:
      120 │ ...: ApiService, private fb: FormBuilder, private snack: MatSnack...
          ╵                              ~~~~~~~~~~~


X [ERROR] TS7006: Parameter 'ev' implicitly has an 'any' type. [plugin angular-compiler]

    src/app/features/users/users.component.ts:124:36:
      124 │     this.realtime.events$.subscribe(ev => {
          ╵                                     ~~


X [ERROR] TS2339: Property 'trim' does not exist on type 'string'. [plugin angular-compiler]

    src/app/features/users/users.component.ts:131:37:
      131 │     const nombre = this.quickAnalyst.trim();
          ╵                                      ~~~~


X [ERROR] TS7006: Parameter 'd' implicitly has an 'any' type. [plugin angular-compiler]

    src/app/features/users/users.component.ts:135:105:
      135 │ ...pi.getAnalystsList().subscribe(d => this.analysts.set(d)); thi...
          ╵                                   ^


X [ERROR] TS2339: Property 'trim' does not exist on type 'string'. [plugin angular-compiler]

    src/app/features/users/users.component.ts:140:40:
      140 │     const nombre = this.quickSupervisor.trim();
          ╵                                         ~~~~


X [ERROR] TS2339: Property 'trim' does not exist on type 'string'. [plugin angular-compiler]

    src/app/features/users/users.component.ts:149:44:
      149 │     const cliente = this.quickClienteNombre.trim();
          ╵                                             ~~~~


X [ERROR] TS2339: Property 'trim' does not exist on type 'string'. [plugin angular-compiler]

    src/app/features/users/users.component.ts:152:63:
      152 │ ...e, rif: this.quickClienteRif.trim(), id_categoria: 1, id_tipo_...
          ╵                                 ~~~~


X [ERROR] TS7006: Parameter 'd' implicitly has an 'any' type. [plugin angular-compiler]

    src/app/features/users/users.component.ts:153:133:
      153 │ ...his.api.getClients().subscribe(d => this.clients.set(d)); this...
          ╵                                   ^


X [ERROR] TS7006: Parameter 'us' implicitly has an 'any' type. [plugin angular-compiler]

    src/app/features/users/users.component.ts:162:26:
      162 │         this.users.update(us => us.map(u => u.id === user.id ? { ...
          ╵                           ~~


X [ERROR] TS7006: Parameter 'u' implicitly has an 'any' type. [plugin angular-compiler]

    src/app/features/users/users.component.ts:162:39:
      162 │ ...this.users.update(us => us.map(u => u.id === user.id ? { ...u,...
          ╵                                   ^


X [ERROR] TS7006: Parameter 'data' implicitly has an 'any' type. [plugin angular-compiler]

    src/app/features/users/users.component.ts:170:34:
      170 │ ...his.api.getUsers().subscribe(data => { this.users.set(data); t...
          ╵                                 ~~~~


X [ERROR] TS7006: Parameter 'data' implicitly has an 'any' type. [plugin angular-compiler]

    src/app/features/users/users.component.ts:171:41:
      171 │ ...api.getAnalystsList().subscribe(data => this.analysts.set(data));
          ╵                                    ~~~~


X [ERROR] TS7006: Parameter 'data' implicitly has an 'any' type. [plugin angular-compiler]

    src/app/features/users/users.component.ts:172:36:
      172 │     this.api.getClients().subscribe(data => this.clients.set(data));
          ╵                                     ~~~~


X [ERROR] TS7006: Parameter 'data' implicitly has an 'any' type. [plugin angular-compiler]

    src/app/features/users/users.component.ts:173:42:
      173 │ ...getMercaderistas().subscribe(data => this.mercaderistas.set(da...
          ╵                                 ~~~~


X [ERROR] TS7006: Parameter 'data' implicitly has an 'any' type. [plugin angular-compiler]

    src/app/features/users/users.component.ts:174:55:
      174 │ ...sWithAssignments().subscribe(data => this.supervisors.set(data));
          ╵                                 ~~~~


X [ERROR] TS2339: Property 'includes' does not exist on type '{}'. [plugin angular-compiler]

    src/app/features/users/users.component.ts:188:30:
      188 │     return [1, 2, 3, 4, 5, 6].includes(rol || 0);
          ╵                               ~~~~~~~~


X [ERROR] TS7006: Parameter 'err' implicitly has an 'any' type. [plugin angular-compiler]

    src/app/features/users/users.component.ts:232:14:
      232 │       error: (err) => {
          ╵               ~~~


X [ERROR] TS2304: Cannot find name 'Record'. [plugin angular-compiler]

    src/app/features/users/users.component.ts:240:15:
      240 │     const map: Record<number, string> = {
          ╵                ~~~~~~


X [ERROR] TS2304: Cannot find name 'confirm'. [plugin angular-compiler]

    src/app/features/users/users.component.ts:256:9:
      256 │     if (!confirm(`¿Eliminar al usuario "${user.username}"?`)) re...
          ╵          ~~~~~~~


X [ERROR] TS7006: Parameter 'us' implicitly has an 'any' type. [plugin angular-compiler]

    src/app/features/users/users.component.ts:258:39:
      258 │ ...t: () => { this.users.update((us) => us.filter((u) => u.id !==...
          ╵                                  ~~


X [ERROR] TS7006: Parameter 'u' implicitly has an 'any' type. [plugin angular-compiler]

    src/app/features/users/users.component.ts:258:57:
      258 │ ...this.users.update((us) => us.filter((u) => u.id !== user.id)); },
          ╵                                         ^


X [ERROR] TS7006: Parameter 'data' implicitly has an 'any' type. [plugin angular-compiler]

    src/app/features/users/users.component.ts:287:45:
      287 │ ...api.getAnalystsList().subscribe(data => this.analysts.set(data));
          ╵                                    ~~~~


X [ERROR] TS2304: Cannot find name 'confirm'. [plugin angular-compiler]

    src/app/features/users/users.component.ts:296:9:
      296 │     if (!confirm(`¿Eliminar analista "${a.nombre}"?`)) return;
          ╵          ~~~~~~~


X [ERROR] TS7006: Parameter 'data' implicitly has an 'any' type. [plugin angular-compiler]

    src/app/features/users/users.component.ts:298:55:
      298 │ ...api.getAnalystsList().subscribe(data => this.analysts.set(data)),
          ╵                                    ~~~~


X [ERROR] TS7006: Parameter 'data' implicitly has an 'any' type. [plugin angular-compiler]

    src/app/features/users/users.component.ts:327:40:
      327 │ ... this.api.getClients().subscribe(data => this.clients.set(data));
          ╵                                     ~~~~


X [ERROR] TS2304: Cannot find name 'confirm'. [plugin angular-compiler]

    src/app/features/users/users.component.ts:336:9:
      336 │     if (!confirm(`¿Eliminar cliente "${c.cliente || c.nombre}"?`...
          ╵          ~~~~~~~


X [ERROR] TS7006: Parameter 'data' implicitly has an 'any' type. [plugin angular-compiler]

    src/app/features/users/users.component.ts:338:50:
      338 │ ... this.api.getClients().subscribe(data => this.clients.set(data)),
          ╵                                     ~~~~


X [ERROR] TS7006: Parameter 'data' implicitly has an 'any' type. [plugin angular-compiler]

    src/app/features/users/users.component.ts:373:46:
      373 │ ...getMercaderistas().subscribe(data => this.mercaderistas.set(da...
          ╵                                 ~~~~


X [ERROR] TS2304: Cannot find name 'confirm'. [plugin angular-compiler]

    src/app/features/users/users.component.ts:382:9:
      382 │     if (!confirm(`¿Eliminar mercaderista "${m.nombre || m.nombre...
          ╵          ~~~~~~~


X [ERROR] TS7006: Parameter 'data' implicitly has an 'any' type. [plugin angular-compiler]

    src/app/features/users/users.component.ts:384:56:
      384 │ ...getMercaderistas().subscribe(data => this.mercaderistas.set(da...
          ╵                                 ~~~~


X [ERROR] TS7006: Parameter 'data' implicitly has an 'any' type. [plugin angular-compiler]

    src/app/features/users/users.component.ts:391:55:
      391 │ ...sWithAssignments().subscribe(data => this.supervisors.set(data));
          ╵                                 ~~~~


X [ERROR] TS2304: Cannot find name 'confirm'. [plugin angular-compiler]

    src/app/features/users/users.component.ts:420:9:
      420 │     if (!confirm(`¿Eliminar supervisor "${s.nombre}"?`)) return;
          ╵          ~~~~~~~


X [ERROR] TS2307: Cannot find module '@angular/core' or its corresponding type declarations. [plugin angular-compiler]

    src/app/features/visits/points/catalogos.component.ts:1:60:
      1 │ ...Component, OnInit, inject, signal, computed } from '@angular/core';
        ╵                                                       ~~~~~~~~~~~~~~~


X [ERROR] TS2307: Cannot find module '@angular/common' or its corresponding type declarations. [plugin angular-compiler]

    src/app/features/visits/points/catalogos.component.ts:2:29:
      2 │ import { CommonModule } from '@angular/common';
        ╵                              ~~~~~~~~~~~~~~~~~


X [ERROR] TS2307: Cannot find module '@angular/forms' or its corresponding type declarations. [plugin angular-compiler]

    src/app/features/visits/points/catalogos.component.ts:3:28:
      3 │ import { FormsModule } from '@angular/forms';
        ╵                             ~~~~~~~~~~~~~~~~


X [ERROR] TS2307: Cannot find module '@angular/material/icon' or its corresponding type declarations. [plugin angular-compiler]

    src/app/features/visits/points/catalogos.component.ts:4:30:
      4 │ import { MatIconModule } from '@angular/material/icon';
        ╵                               ~~~~~~~~~~~~~~~~~~~~~~~~


X [ERROR] TS2307: Cannot find module '@angular/material/snack-bar' or its corresponding type declarations. [plugin angular-compiler]

    src/app/features/visits/points/catalogos.component.ts:5:47:
      5 │ ...atSnackBar, MatSnackBarModule } from '@angular/material/snack-bar';
        ╵                                         ~~~~~~~~~~~~~~~~~~~~~~~~~~~~~


X [ERROR] TS2307: Cannot find module '@angular/material/progress-spinner' or its corresponding type declarations. [plugin angular-compiler]

    src/app/features/visits/points/catalogos.component.ts:6:41:
      6 │ ...tProgressSpinnerModule } from '@angular/material/progress-spinner';
        ╵                                  ~~~~~~~~~~~~~~~~~~~~~~~~~~~~~~~~~~~~


X [ERROR] TS2307: Cannot find module '@angular/material/tooltip' or its corresponding type declarations. [plugin angular-compiler]

    src/app/features/visits/points/catalogos.component.ts:7:33:
      7 │ import { MatTooltipModule } from '@angular/material/tooltip';
        ╵                                  ~~~~~~~~~~~~~~~~~~~~~~~~~~~


X [ERROR] TS-991010: 'imports' must be an array of components, directives, pipes, or NgModules.
  Value is of type '[(not statically analyzable), (not statically analyzable), (not statically analyzable), (not statically analyzable), (not statically analyzable), (not statically analyzable)]'. [plugin angular-compiler]

    src/app/features/visits/points/catalogos.component.ts:33:11:
      33 │   imports: [CommonModule, FormsModule, MatIconModule, MatSnackBarM...
         ╵            ~~~~~~~~~~~~~~~~~~~~~~~~~~~~~~~~~~~~~~~~~~~~~~~~~~~~~~~


X [ERROR] TS-991010: 'imports' must be an array of components, directives, pipes, or NgModules.
  Value is of type '[(not statically analyzable), (not statically analyzable), (not statically analyzable), (not statically analyzable), (not statically analyzable), (not statically analyzable)]'. [plugin angular-compiler]

    src/app/features/visits/points/catalogos.component.ts:33:11:
      33 │   imports: [CommonModule, FormsModule, MatIconModule, MatSnackBarM...
         ╵            ~~~~~~~~~~~~~~~~~~~~~~~~~~~~~~~~~~~~~~~~~~~~~~~~~~~~~~~


X [ERROR] TS-991010: 'imports' must be an array of components, directives, pipes, or NgModules.
  Value is of type '[(not statically analyzable), (not statically analyzable), (not statically analyzable), (not statically analyzable), (not statically analyzable), (not statically analyzable)]'. [plugin angular-compiler]

    src/app/features/visits/points/catalogos.component.ts:33:11:
      33 │   imports: [CommonModule, FormsModule, MatIconModule, MatSnackBarM...
         ╵            ~~~~~~~~~~~~~~~~~~~~~~~~~~~~~~~~~~~~~~~~~~~~~~~~~~~~~~~


X [ERROR] TS-991010: 'imports' must be an array of components, directives, pipes, or NgModules.
  Value is of type '[(not statically analyzable), (not statically analyzable), (not statically analyzable), (not statically analyzable), (not statically analyzable), (not statically analyzable)]'. [plugin angular-compiler]

    src/app/features/visits/points/catalogos.component.ts:33:11:
      33 │   imports: [CommonModule, FormsModule, MatIconModule, MatSnackBarM...
         ╵            ~~~~~~~~~~~~~~~~~~~~~~~~~~~~~~~~~~~~~~~~~~~~~~~~~~~~~~~


X [ERROR] TS-991010: 'imports' must be an array of components, directives, pipes, or NgModules.
  Value is of type '[(not statically analyzable), (not statically analyzable), (not statically analyzable), (not statically analyzable), (not statically analyzable), (not statically analyzable)]'. [plugin angular-compiler]

    src/app/features/visits/points/catalogos.component.ts:33:11:
      33 │   imports: [CommonModule, FormsModule, MatIconModule, MatSnackBarM...
         ╵            ~~~~~~~~~~~~~~~~~~~~~~~~~~~~~~~~~~~~~~~~~~~~~~~~~~~~~~~


X [ERROR] TS-991010: 'imports' must be an array of components, directives, pipes, or NgModules.
  Value is of type '[(not statically analyzable), (not statically analyzable), (not statically analyzable), (not statically analyzable), (not statically analyzable), (not statically analyzable)]'. [plugin angular-compiler]

    src/app/features/visits/points/catalogos.component.ts:33:11:
      33 │   imports: [CommonModule, FormsModule, MatIconModule, MatSnackBarM...
         ╵            ~~~~~~~~~~~~~~~~~~~~~~~~~~~~~~~~~~~~~~~~~~~~~~~~~~~~~~~


X [ERROR] TS2339: Property 'find' does not exist on type '{}'. [plugin angular-compiler]

    src/app/features/visits/points/catalogos.component.ts:220:40:
      220 │ ...b = computed(() => this.tabs.find(t => t.key === this.activeTa...
          ╵                                 ~~~~


X [ERROR] TS7006: Parameter 't' implicitly has an 'any' type. [plugin angular-compiler]

    src/app/features/visits/points/catalogos.component.ts:220:45:
      220 │ ... computed(() => this.tabs.find(t => t.key === this.activeTab()...
          ╵                                   ^


X [ERROR] TS2339: Property 'trim' does not exist on type 'string'. [plugin angular-compiler]

    src/app/features/visits/points/catalogos.component.ts:222:22:
      222 │     if (!this.newName.trim()) return false;
          ╵                       ~~~~


X [ERROR] TS7006: Parameter 'd' implicitly has an 'any' type. [plugin angular-compiler]

    src/app/features/visits/points/catalogos.component.ts:246:12:
      246 │       next: d => this.departamentos.set(d),
          ╵             ^


X [ERROR] TS7006: Parameter 'd' implicitly has an 'any' type. [plugin angular-compiler]

    src/app/features/visits/points/catalogos.component.ts:255:14:
      255 │         next: d => { this.items.set(d); this.loading.set(false); },
          ╵               ^


X [ERROR] TS7006: Parameter 'd' implicitly has an 'any' type. [plugin angular-compiler]

    src/app/features/visits/points/catalogos.component.ts:260:14:
      260 │         next: d => { this.items.set(d); this.loading.set(false); },
          ╵               ^


X [ERROR] TS2339: Property 'trim' does not exist on type 'string'. [plugin angular-compiler]

    src/app/features/visits/points/catalogos.component.ts:269:32:
      269 │     const nombre = this.newName.trim();
          ╵                                 ~~~~


X [ERROR] TS7006: Parameter 'err' implicitly has an 'any' type. [plugin angular-compiler]

    src/app/features/visits/points/catalogos.component.ts:282:14:
      282 │       error: (err) => {
          ╵               ~~~


X [ERROR] TS2339: Property 'trim' does not exist on type 'string'. [plugin angular-compiler]

    src/app/features/visits/points/catalogos.component.ts:302:33:
      302 │     const nombre = this.editName.trim();
          ╵                                  ~~~~


X [ERROR] TS7006: Parameter 'err' implicitly has an 'any' type. [plugin angular-compiler]

    src/app/features/visits/points/catalogos.component.ts:314:14:
      314 │       error: (err) => this.snack.open(err?.error?.detail ?? 'Erro...
          ╵               ~~~


X [ERROR] TS7006: Parameter 'err' implicitly has an 'any' type. [plugin angular-compiler]

    src/app/features/visits/points/catalogos.component.ts:325:14:
      325 │       error: (err) => this.snack.open(err?.error?.detail ?? 'Erro...
          ╵               ~~~


X [ERROR] TS2304: Cannot find name 'confirm'. [plugin angular-compiler]

    src/app/features/visits/points/catalogos.component.ts:330:9:
      330 │     if (!confirm(`¿Eliminar "${item.nombre}"?`)) return;
          ╵          ~~~~~~~


X [ERROR] TS7006: Parameter 'err' implicitly has an 'any' type. [plugin angular-compiler]

    src/app/features/visits/points/catalogos.component.ts:340:14:
      340 │       error: (err) => {
          ╵               ~~~


X [ERROR] TS2304: Cannot find name 'confirm'. [plugin angular-compiler]

    src/app/features/visits/points/catalogos.component.ts:345:14:
      345 │           if (confirm(msg)) this.forceRemove(item);
          ╵               ~~~~~~~


X [ERROR] TS7006: Parameter 'err' implicitly has an 'any' type. [plugin angular-compiler]

    src/app/features/visits/points/catalogos.component.ts:363:14:
      363 │       error: (err) => this.snack.open(err?.error?.detail ?? 'Erro...
          ╵               ~~~


X [ERROR] TS2307: Cannot find module '@angular/core' or its corresponding type declarations. [plugin angular-compiler]

    src/app/features/visits/points/points.component.ts:1:61:
      1 │ ...omponent, OnInit, OnDestroy, signal, inject } from '@angular/core';
        ╵                                                       ~~~~~~~~~~~~~~~


X [ERROR] TS2307: Cannot find module '@angular/common' or its corresponding type declarations. [plugin angular-compiler]

    src/app/features/visits/points/points.component.ts:2:29:
      2 │ import { CommonModule } from '@angular/common';
        ╵                              ~~~~~~~~~~~~~~~~~


X [ERROR] TS2307: Cannot find module '@angular/forms' or its corresponding type declarations. [plugin angular-compiler]

    src/app/features/visits/points/points.component.ts:3:74:
      3 │ ...activeFormsModule, FormBuilder, Validators } from '@angular/forms';
        ╵                                                      ~~~~~~~~~~~~~~~~


X [ERROR] TS2307: Cannot find module '@angular/material/icon' or its corresponding type declarations. [plugin angular-compiler]

    src/app/features/visits/points/points.component.ts:4:30:
      4 │ import { MatIconModule } from '@angular/material/icon';
        ╵                               ~~~~~~~~~~~~~~~~~~~~~~~~


X [ERROR] TS2307: Cannot find module '@angular/material/snack-bar' or its corresponding type declarations. [plugin angular-compiler]

    src/app/features/visits/points/points.component.ts:5:47:
      5 │ ...atSnackBar, MatSnackBarModule } from '@angular/material/snack-bar';
        ╵                                         ~~~~~~~~~~~~~~~~~~~~~~~~~~~~~


X [ERROR] TS2307: Cannot find module '@angular/material/progress-spinner' or its corresponding type declarations. [plugin angular-compiler]

    src/app/features/visits/points/points.component.ts:6:41:
      6 │ ...tProgressSpinnerModule } from '@angular/material/progress-spinner';
        ╵                                  ~~~~~~~~~~~~~~~~~~~~~~~~~~~~~~~~~~~~


X [ERROR] TS2307: Cannot find module '@angular/material/tooltip' or its corresponding type declarations. [plugin angular-compiler]

    src/app/features/visits/points/points.component.ts:7:33:
      7 │ import { MatTooltipModule } from '@angular/material/tooltip';
        ╵                                  ~~~~~~~~~~~~~~~~~~~~~~~~~~~


X [ERROR] TS2307: Cannot find module 'rxjs' or its corresponding type declarations. [plugin angular-compiler]

    src/app/features/visits/points/points.component.ts:8:70:
      8 │ ...ubject, debounceTime, distinctUntilChanged, forkJoin } from 'rxjs';
        ╵                                                                ~~~~~~


X [ERROR] TS2307: Cannot find module 'maplibre-gl' or its corresponding type declarations. [plugin angular-compiler]

    src/app/features/visits/points/points.component.ts:9:23:
      9 │ import maplibregl from 'maplibre-gl';
        ╵                        ~~~~~~~~~~~~~


X [ERROR] TS-991010: 'imports' must be an array of components, directives, pipes, or NgModules.
  Value is of type '[(not statically analyzable), (not statically analyzable), (not statically analyzable), (not statically analyzable), (not statically analyzable), (not statically analyzable), (not statically analyzable), CatalogosComponent]'. [plugin angular-compiler]

    src/app/features/visits/points/points.component.ts:17:11:
      17 │   imports: [
         ╵            ^


X [ERROR] TS-991010: 'imports' must be an array of components, directives, pipes, or NgModules.
  Value is of type '[(not statically analyzable), (not statically analyzable), (not statically analyzable), (not statically analyzable), (not statically analyzable), (not statically analyzable), (not statically analyzable), CatalogosComponent]'. [plugin angular-compiler]

    src/app/features/visits/points/points.component.ts:17:11:
      17 │   imports: [
         ╵            ^


X [ERROR] TS-991010: 'imports' must be an array of components, directives, pipes, or NgModules.
  Value is of type '[(not statically analyzable), (not statically analyzable), (not statically analyzable), (not statically analyzable), (not statically analyzable), (not statically analyzable), (not statically analyzable), CatalogosComponent]'. [plugin angular-compiler]

    src/app/features/visits/points/points.component.ts:17:11:
      17 │   imports: [
         ╵            ^


X [ERROR] TS-991010: 'imports' must be an array of components, directives, pipes, or NgModules.
  Value is of type '[(not statically analyzable), (not statically analyzable), (not statically analyzable), (not statically analyzable), (not statically analyzable), (not statically analyzable), (not statically analyzable), CatalogosComponent]'. [plugin angular-compiler]

    src/app/features/visits/points/points.component.ts:17:11:
      17 │   imports: [
         ╵            ^


X [ERROR] TS-991010: 'imports' must be an array of components, directives, pipes, or NgModules.
  Value is of type '[(not statically analyzable), (not statically analyzable), (not statically analyzable), (not statically analyzable), (not statically analyzable), (not statically analyzable), (not statically analyzable), CatalogosComponent]'. [plugin angular-compiler]

    src/app/features/visits/points/points.component.ts:17:11:
      17 │   imports: [
         ╵            ^


X [ERROR] TS-991010: 'imports' must be an array of components, directives, pipes, or NgModules.
  Value is of type '[(not statically analyzable), (not statically analyzable), (not statically analyzable), (not statically analyzable), (not statically analyzable), (not statically analyzable), (not statically analyzable), CatalogosComponent]'. [plugin angular-compiler]

    src/app/features/visits/points/points.component.ts:17:11:
      17 │   imports: [
         ╵            ^


X [ERROR] TS-991010: 'imports' must be an array of components, directives, pipes, or NgModules.
  Value is of type '[(not statically analyzable), (not statically analyzable), (not statically analyzable), (not statically analyzable), (not statically analyzable), (not statically analyzable), (not statically analyzable), CatalogosComponent]'. [plugin angular-compiler]

    src/app/features/visits/points/points.component.ts:17:11:
      17 │   imports: [
         ╵            ^


X [ERROR] TS7006: Parameter 'dep' implicitly has an 'any' type. [plugin angular-compiler]

    src/app/features/visits/points/points.component.ts:455:59:
      455 │     this.form.get('departamento')?.valueChanges.subscribe((dep) => {
          ╵                                                            ~~~


X [ERROR] TS7006: Parameter 'd' implicitly has an 'any' type. [plugin angular-compiler]

    src/app/features/visits/points/points.component.ts:457:14:
      457 │         next: d => this.cities.set(d), error: () => {}
          ╵               ^


X [ERROR] TS7031: Binding element 'items' implicitly has an 'any' type. [plugin angular-compiler]

    src/app/features/visits/points/points.component.ts:481:15:
      481 │       next: ({ items, count }) => {
          ╵                ~~~~~


X [ERROR] TS7031: Binding element 'count' implicitly has an 'any' type. [plugin angular-compiler]

    src/app/features/visits/points/points.component.ts:481:22:
      481 │       next: ({ items, count }) => {
          ╵                       ~~~~~


X [ERROR] TS7006: Parameter 'd' implicitly has an 'any' type. [plugin angular-compiler]

    src/app/features/visits/points/points.component.ts:493:44:
      493 │ ...getRegions().subscribe({ next: d => this.regions.set(d), error...
          ╵                                   ^


X [ERROR] TS7006: Parameter 'd' implicitly has an 'any' type. [plugin angular-compiler]

    src/app/features/visits/points/points.component.ts:494:75:
      494 │ ...| undefined).subscribe({ next: d => this.cities.set(d), error:...
          ╵                                   ^


X [ERROR] TS7006: Parameter 'd' implicitly has an 'any' type. [plugin angular-compiler]

    src/app/features/visits/points/points.component.ts:495:43:
      495 │ ....getChains().subscribe({ next: d => this.chains.set(d), error:...
          ╵                                   ^


X [ERROR] TS7006: Parameter 'd' implicitly has an 'any' type. [plugin angular-compiler]

    src/app/features/visits/points/points.component.ts:496:48:
      496 │ ...erarquiaN2().subscribe({ next: d => this.jerarquias.set(d), er...
          ╵                                   ^


X [ERROR] TS7006: Parameter 'd' implicitly has an 'any' type. [plugin angular-compiler]

    src/app/features/visits/points/points.component.ts:497:50:
      497 │ ...arquiaN2_2().subscribe({ next: d => this.jerarquias2.set(d), e...
          ╵                                   ^


X [ERROR] TS7006: Parameter 'd' implicitly has an 'any' type. [plugin angular-compiler]

    src/app/features/visits/points/points.component.ts:498:51:
      498 │ ...lesAlcance().subscribe({ next: d => this.nivelesAlcance.set(d)...
          ╵                                   ^


X [ERROR] TS7006: Parameter 'd' implicitly has an 'any' type. [plugin angular-compiler]

    src/app/features/visits/points/points.component.ts:505:59:
      505 │ ...| undefined).subscribe({ next: d => this.cities.set(d), error:...
          ╵                                   ^


X [ERROR] TS7006: Parameter 'd' implicitly has an 'any' type. [plugin angular-compiler]

    src/app/features/visits/points/points.component.ts:510:43:
      510 │ ....getCities().subscribe({ next: d => this.cities.set(d), error:...
          ╵                                   ^


X [ERROR] TS7006: Parameter 'v' implicitly has an 'any' type. [plugin angular-compiler]

    src/app/features/visits/points/points.component.ts:513:38:
      513 │ ...age(): void { this.skip.update(v => Math.max(0, v - this.pageS...
          ╵                                   ^


X [ERROR] TS2304: Cannot find name 'Math'. [plugin angular-compiler]

    src/app/features/visits/points/points.component.ts:513:43:
      513 │ ...void { this.skip.update(v => Math.max(0, v - this.pageSize()))...
          ╵                                 ~~~~


X [ERROR] TS7006: Parameter 'v' implicitly has an 'any' type. [plugin angular-compiler]

    src/app/features/visits/points/points.component.ts:514:38:
      514 │ ...age(): void { this.skip.update(v => v + this.pageSize()); this...
          ╵                                   ^


X [ERROR] TS2304: Cannot find name 'setTimeout'. [plugin angular-compiler]

    src/app/features/visits/points/points.component.ts:527:4:
      527 │     setTimeout(() => this.initMap(), 250);
          ╵     ~~~~~~~~~~


X [ERROR] TS2584: Cannot find name 'document'. Do you need to change your target library? Try changing the 'lib' compiler option to include 'dom'. [plugin angular-compiler]

    src/app/features/visits/points/points.component.ts:533:15:
      533 │     const el = document.getElementById('punto-map');
          ╵                ~~~~~~~~


X [ERROR] TS2304: Cannot find name 'isNaN'. [plugin angular-compiler]

    src/app/features/visits/points/points.component.ts:539:57:
      539 │ ...tr !== '' && lngStr !== '' && !isNaN(+latStr) && !isNaN(+lngStr);
          ╵                                   ~~~~~


X [ERROR] TS2304: Cannot find name 'isNaN'. [plugin angular-compiler]

    src/app/features/visits/points/points.component.ts:539:76:
      539 │ ...tr !== '' && lngStr !== '' && !isNaN(+latStr) && !isNaN(+lngStr);
          ╵                                                      ~~~~~


X [ERROR] TS2304: Cannot find name 'isNaN'. [plugin angular-compiler]

    src/app/features/visits/points/points.component.ts:596:51:
      596 │ ...nce || !latStr || !lngStr || isNaN(+latStr) || isNaN(+lngStr))...
          ╵                                 ~~~~~


X [ERROR] TS2304: Cannot find name 'isNaN'. [plugin angular-compiler]

    src/app/features/visits/points/points.component.ts:596:69:
      596 │ ...| !latStr || !lngStr || isNaN(+latStr) || isNaN(+lngStr)) return;
          ╵                                              ~~~~~


X [ERROR] TS2304: Cannot find name 'confirm'. [plugin angular-compiler]

    src/app/features/visits/points/points.component.ts:620:9:
      620 │     if (!confirm(`¿Eliminar "${p.nombre || p.id}"? Esta acción ...
          ╵          ~~~~~~~


X [ERROR] TS7006: Parameter 'err' implicitly has an 'any' type. [plugin angular-compiler]

    src/app/features/visits/points/points.component.ts:623:14:
      623 │       error: (err) => this.snack.open(err?.error?.detail ?? 'Erro...
          ╵               ~~~


X [ERROR] TS7006: Parameter 'err' implicitly has an 'any' type. [plugin angular-compiler]

    src/app/features/visits/points/points.component.ts:642:14:
      642 │       error: (err) => { this.saving.set(false); this.snack.open(e...
          ╵               ~~~


X [ERROR] TS2307: Cannot find module '@angular/core' or its corresponding type declarations. [plugin angular-compiler]

    src/app/features/visits/visits.component.ts:1:42:
      1 │ import { Component, OnInit, signal } from '@angular/core';
        ╵                                           ~~~~~~~~~~~~~~~


X [ERROR] TS2307: Cannot find module '@angular/common' or its corresponding type declarations. [plugin angular-compiler]

    src/app/features/visits/visits.component.ts:2:29:
      2 │ import { CommonModule } from '@angular/common';
        ╵                              ~~~~~~~~~~~~~~~~~


X [ERROR] TS2307: Cannot find module '@angular/material/table' or its corresponding type declarations. [plugin angular-compiler]

    src/app/features/visits/visits.component.ts:3:31:
      3 │ import { MatTableModule } from '@angular/material/table';
        ╵                                ~~~~~~~~~~~~~~~~~~~~~~~~~


X [ERROR] TS2307: Cannot find module '@angular/material/button' or its corresponding type declarations. [plugin angular-compiler]

    src/app/features/visits/visits.component.ts:4:32:
      4 │ import { MatButtonModule } from '@angular/material/button';
        ╵                                 ~~~~~~~~~~~~~~~~~~~~~~~~~~


X [ERROR] TS2307: Cannot find module '@angular/material/icon' or its corresponding type declarations. [plugin angular-compiler]

    src/app/features/visits/visits.component.ts:5:30:
      5 │ import { MatIconModule } from '@angular/material/icon';
        ╵                               ~~~~~~~~~~~~~~~~~~~~~~~~


X [ERROR] TS2307: Cannot find module '@angular/material/card' or its corresponding type declarations. [plugin angular-compiler]

    src/app/features/visits/visits.component.ts:6:30:
      6 │ import { MatCardModule } from '@angular/material/card';
        ╵                               ~~~~~~~~~~~~~~~~~~~~~~~~


X [ERROR] TS2307: Cannot find module '@angular/material/chips' or its corresponding type declarations. [plugin angular-compiler]

    src/app/features/visits/visits.component.ts:7:31:
      7 │ import { MatChipsModule } from '@angular/material/chips';
        ╵                                ~~~~~~~~~~~~~~~~~~~~~~~~~


X [ERROR] TS2307: Cannot find module '@angular/material/form-field' or its corresponding type declarations. [plugin angular-compiler]

    src/app/features/visits/visits.component.ts:8:35:
      8 │ import { MatFormFieldModule } from '@angular/material/form-field';
        ╵                                    ~~~~~~~~~~~~~~~~~~~~~~~~~~~~~~


X [ERROR] TS2307: Cannot find module '@angular/material/select' or its corresponding type declarations. [plugin angular-compiler]

    src/app/features/visits/visits.component.ts:9:32:
      9 │ import { MatSelectModule } from '@angular/material/select';
        ╵                                 ~~~~~~~~~~~~~~~~~~~~~~~~~~


X [ERROR] TS2307: Cannot find module '@angular/material/progress-spinner' or its corresponding type declarations. [plugin angular-compiler]

    src/app/features/visits/visits.component.ts:10:41:
      10 │ ...ProgressSpinnerModule } from '@angular/material/progress-spinner';
         ╵                                 ~~~~~~~~~~~~~~~~~~~~~~~~~~~~~~~~~~~~


X [ERROR] TS2307: Cannot find module '@angular/material/tooltip' or its corresponding type declarations. [plugin angular-compiler]

    src/app/features/visits/visits.component.ts:11:33:
      11 │ import { MatTooltipModule } from '@angular/material/tooltip';
         ╵                                  ~~~~~~~~~~~~~~~~~~~~~~~~~~~


X [ERROR] TS2307: Cannot find module '@angular/forms' or its corresponding type declarations. [plugin angular-compiler]

    src/app/features/visits/visits.component.ts:12:28:
      12 │ import { FormsModule } from '@angular/forms';
         ╵                             ~~~~~~~~~~~~~~~~


X [ERROR] TS2307: Cannot find module '@angular/router' or its corresponding type declarations. [plugin angular-compiler]

    src/app/features/visits/visits.component.ts:13:27:
      13 │ import { RouterLink } from '@angular/router';
         ╵                            ~~~~~~~~~~~~~~~~~


X [ERROR] TS-991010: 'imports' must be an array of components, directives, pipes, or NgModules.
  Value is of type '[(not statically analyzable), (not statically analyzable), (not statically analyzable), (not statically analyzable), (not statically analyzable), (not statically analyzable), (not statically analyzable), (not statically analyzable), (not statically analyzable), (not statically analyzable), (not statically analyzable), (not statically analyzable)]'. [plugin angular-compiler]

    src/app/features/visits/visits.component.ts:20:11:
      20 │   imports: [
         ╵            ^


X [ERROR] TS-991010: 'imports' must be an array of components, directives, pipes, or NgModules.
  Value is of type '[(not statically analyzable), (not statically analyzable), (not statically analyzable), (not statically analyzable), (not statically analyzable), (not statically analyzable), (not statically analyzable), (not statically analyzable), (not statically analyzable), (not statically analyzable), (not statically analyzable), (not statically analyzable)]'. [plugin angular-compiler]

    src/app/features/visits/visits.component.ts:20:11:
      20 │   imports: [
         ╵            ^


X [ERROR] TS-991010: 'imports' must be an array of components, directives, pipes, or NgModules.
  Value is of type '[(not statically analyzable), (not statically analyzable), (not statically analyzable), (not statically analyzable), (not statically analyzable), (not statically analyzable), (not statically analyzable), (not statically analyzable), (not statically analyzable), (not statically analyzable), (not statically analyzable), (not statically analyzable)]'. [plugin angular-compiler]

    src/app/features/visits/visits.component.ts:20:11:
      20 │   imports: [
         ╵            ^


X [ERROR] TS-991010: 'imports' must be an array of components, directives, pipes, or NgModules.
  Value is of type '[(not statically analyzable), (not statically analyzable), (not statically analyzable), (not statically analyzable), (not statically analyzable), (not statically analyzable), (not statically analyzable), (not statically analyzable), (not statically analyzable), (not statically analyzable), (not statically analyzable), (not statically analyzable)]'. [plugin angular-compiler]

    src/app/features/visits/visits.component.ts:20:11:
      20 │   imports: [
         ╵            ^


X [ERROR] TS-991010: 'imports' must be an array of components, directives, pipes, or NgModules.
  Value is of type '[(not statically analyzable), (not statically analyzable), (not statically analyzable), (not statically analyzable), (not statically analyzable), (not statically analyzable), (not statically analyzable), (not statically analyzable), (not statically analyzable), (not statically analyzable), (not statically analyzable), (not statically analyzable)]'. [plugin angular-compiler]

    src/app/features/visits/visits.component.ts:20:11:
      20 │   imports: [
         ╵            ^


X [ERROR] TS-991010: 'imports' must be an array of components, directives, pipes, or NgModules.
  Value is of type '[(not statically analyzable), (not statically analyzable), (not statically analyzable), (not statically analyzable), (not statically analyzable), (not statically analyzable), (not statically analyzable), (not statically analyzable), (not statically analyzable), (not statically analyzable), (not statically analyzable), (not statically analyzable)]'. [plugin angular-compiler]

    src/app/features/visits/visits.component.ts:20:11:
      20 │   imports: [
         ╵            ^


X [ERROR] TS-991010: 'imports' must be an array of components, directives, pipes, or NgModules.
  Value is of type '[(not statically analyzable), (not statically analyzable), (not statically analyzable), (not statically analyzable), (not statically analyzable), (not statically analyzable), (not statically analyzable), (not statically analyzable), (not statically analyzable), (not statically analyzable), (not statically analyzable), (not statically analyzable)]'. [plugin angular-compiler]

    src/app/features/visits/visits.component.ts:20:11:
      20 │   imports: [
         ╵            ^


X [ERROR] TS-991010: 'imports' must be an array of components, directives, pipes, or NgModules.
  Value is of type '[(not statically analyzable), (not statically analyzable), (not statically analyzable), (not statically analyzable), (not statically analyzable), (not statically analyzable), (not statically analyzable), (not statically analyzable), (not statically analyzable), (not statically analyzable), (not statically analyzable), (not statically analyzable)]'. [plugin angular-compiler]

    src/app/features/visits/visits.component.ts:20:11:
      20 │   imports: [
         ╵            ^


X [ERROR] TS-991010: 'imports' must be an array of components, directives, pipes, or NgModules.
  Value is of type '[(not statically analyzable), (not statically analyzable), (not statically analyzable), (not statically analyzable), (not statically analyzable), (not statically analyzable), (not statically analyzable), (not statically analyzable), (not statically analyzable), (not statically analyzable), (not statically analyzable), (not statically analyzable)]'. [plugin angular-compiler]

    src/app/features/visits/visits.component.ts:20:11:
      20 │   imports: [
         ╵            ^


X [ERROR] TS-991010: 'imports' must be an array of components, directives, pipes, or NgModules.
  Value is of type '[(not statically analyzable), (not statically analyzable), (not statically analyzable), (not statically analyzable), (not statically analyzable), (not statically analyzable), (not statically analyzable), (not statically analyzable), (not statically analyzable), (not statically analyzable), (not statically analyzable), (not statically analyzable)]'. [plugin angular-compiler]

    src/app/features/visits/visits.component.ts:20:11:
      20 │   imports: [
         ╵            ^


X [ERROR] TS-991010: 'imports' must be an array of components, directives, pipes, or NgModules.
  Value is of type '[(not statically analyzable), (not statically analyzable), (not statically analyzable), (not statically analyzable), (not statically analyzable), (not statically analyzable), (not statically analyzable), (not statically analyzable), (not statically analyzable), (not statically analyzable), (not statically analyzable), (not statically analyzable)]'. [plugin angular-compiler]

    src/app/features/visits/visits.component.ts:20:11:
      20 │   imports: [
         ╵            ^


X [ERROR] TS-991010: 'imports' must be an array of components, directives, pipes, or NgModules.
  Value is of type '[(not statically analyzable), (not statically analyzable), (not statically analyzable), (not statically analyzable), (not statically analyzable), (not statically analyzable), (not statically analyzable), (not statically analyzable), (not statically analyzable), (not statically analyzable), (not statically analyzable), (not statically analyzable)]'. [plugin angular-compiler]

    src/app/features/visits/visits.component.ts:20:11:
      20 │   imports: [
         ╵            ^


X [ERROR] TS7006: Parameter 'data' implicitly has an 'any' type. [plugin angular-compiler]

    src/app/features/visits/visits.component.ts:42:13:
      42 │       next: (data) => {
         ╵              ~~~~


X [ERROR] TS2304: Cannot find name 'Record'. [plugin angular-compiler]

    src/app/features/visits/visits.component.ts:53:15:
      53 │     const map: Record<string, string> = {
         ╵                ~~~~~~


X [ERROR] TS2584: Cannot find name 'console'. Do you need to change your target library? Try changing the 'lib' compiler option to include 'dom'. [plugin angular-compiler]

    src/app/features/visits/visits.component.ts:62:4:
      62 │     console.log('Ver fotos de visita', visit.id);
         ╵     ~~~~~~~


X [ERROR] TS2307: Cannot find module '@angular/core' or its corresponding type declarations. [plugin angular-compiler]

    src/app/layout/shell/shell.component.ts:1:66:
      1 │ ...ent, computed, signal, HostListener, OnInit } from '@angular/core';
        ╵                                                       ~~~~~~~~~~~~~~~


X [ERROR] TS2307: Cannot find module '@angular/router' or its corresponding type declarations. [plugin angular-compiler]

    src/app/layout/shell/shell.component.ts:2:82:
      2 │ ..., RouterLinkActive, Router, NavigationEnd } from '@angular/router';
        ╵                                                     ~~~~~~~~~~~~~~~~~


X [ERROR] TS2307: Cannot find module 'rxjs/operators' or its corresponding type declarations. [plugin angular-compiler]

    src/app/layout/shell/shell.component.ts:3:23:
      3 │ import { filter } from 'rxjs/operators';
        ╵                        ~~~~~~~~~~~~~~~~


X [ERROR] TS2307: Cannot find module '@angular/common' or its corresponding type declarations. [plugin angular-compiler]

    src/app/layout/shell/shell.component.ts:4:29:
      4 │ import { CommonModule } from '@angular/common';
        ╵                              ~~~~~~~~~~~~~~~~~


X [ERROR] TS2307: Cannot find module '@angular/material/toolbar' or its corresponding type declarations. [plugin angular-compiler]

    src/app/layout/shell/shell.component.ts:5:33:
      5 │ import { MatToolbarModule } from '@angular/material/toolbar';
        ╵                                  ~~~~~~~~~~~~~~~~~~~~~~~~~~~


X [ERROR] TS2307: Cannot find module '@angular/material/sidenav' or its corresponding type declarations. [plugin angular-compiler]

    src/app/layout/shell/shell.component.ts:6:33:
      6 │ import { MatSidenavModule } from '@angular/material/sidenav';
        ╵                                  ~~~~~~~~~~~~~~~~~~~~~~~~~~~


X [ERROR] TS2307: Cannot find module '@angular/material/list' or its corresponding type declarations. [plugin angular-compiler]

    src/app/layout/shell/shell.component.ts:7:30:
      7 │ import { MatListModule } from '@angular/material/list';
        ╵                               ~~~~~~~~~~~~~~~~~~~~~~~~


X [ERROR] TS2307: Cannot find module '@angular/material/icon' or its corresponding type declarations. [plugin angular-compiler]

    src/app/layout/shell/shell.component.ts:8:30:
      8 │ import { MatIconModule } from '@angular/material/icon';
        ╵                               ~~~~~~~~~~~~~~~~~~~~~~~~


X [ERROR] TS2307: Cannot find module '@angular/material/button' or its corresponding type declarations. [plugin angular-compiler]

    src/app/layout/shell/shell.component.ts:9:32:
      9 │ import { MatButtonModule } from '@angular/material/button';
        ╵                                 ~~~~~~~~~~~~~~~~~~~~~~~~~~


X [ERROR] TS2307: Cannot find module '@angular/material/menu' or its corresponding type declarations. [plugin angular-compiler]

    src/app/layout/shell/shell.component.ts:10:30:
      10 │ import { MatMenuModule } from '@angular/material/menu';
         ╵                               ~~~~~~~~~~~~~~~~~~~~~~~~


X [ERROR] TS2307: Cannot find module '@angular/material/badge' or its corresponding type declarations. [plugin angular-compiler]

    src/app/layout/shell/shell.component.ts:11:31:
      11 │ import { MatBadgeModule } from '@angular/material/badge';
         ╵                                ~~~~~~~~~~~~~~~~~~~~~~~~~


X [ERROR] TS2307: Cannot find module '@angular/material/tooltip' or its corresponding type declarations. [plugin angular-compiler]

    src/app/layout/shell/shell.component.ts:12:33:
      12 │ import { MatTooltipModule } from '@angular/material/tooltip';
         ╵                                  ~~~~~~~~~~~~~~~~~~~~~~~~~~~


X [ERROR] TS2304: Cannot find name 'window'. [plugin angular-compiler]

    src/app/layout/shell/shell.component.ts:37:23:
      37 │   sidenavOpen = signal(window.innerWidth > 1024);
         ╵                        ~~~~~~


X [ERROR] TS2304: Cannot find name 'window'. [plugin angular-compiler]

    src/app/layout/shell/shell.component.ts:38:20:
      38 │   isMobile = signal(window.innerWidth <= 1024);
         ╵                     ~~~~~~


X [ERROR] TS2339: Property 'filter' does not exist on type '{}'. [plugin angular-compiler]

    src/app/layout/shell/shell.component.ts:67:25:
      67 │     return this.navItems.filter((item) => {
         ╵                          ~~~~~~


X [ERROR] TS7006: Parameter 'item' implicitly has an 'any' type. [plugin angular-compiler]

    src/app/layout/shell/shell.component.ts:67:33:
      67 │     return this.navItems.filter((item) => {
         ╵                                  ~~~~


X [ERROR] TS7006: Parameter 'p' implicitly has an 'any' type. [plugin angular-compiler]

    src/app/layout/shell/shell.component.ts:75:38:
      75 │         const perm = u.permisos?.find(p => p.module === item.module);
         ╵                                       ^


X [ERROR] TS-992003: No suitable injection token for parameter 'router' of class 'ShellComponent'.
  Consider using the @Inject decorator to specify an injection token. [plugin angular-compiler]

    src/app/layout/shell/shell.component.ts:86:12:
      86 │     private router: Router,
         ╵             ~~~~~~

  This type does not have a value, so it cannot be used as injection token.

    src/app/layout/shell/shell.component.ts:86:20:
      86 │     private router: Router,
         ╵                     ~~~~~~


X [ERROR] TS7006: Parameter 'event' implicitly has an 'any' type. [plugin angular-compiler]

    src/app/layout/shell/shell.component.ts:104:13:
      104 │       filter(event => event instanceof NavigationEnd)
          ╵              ~~~~~


X [ERROR] TS7006: Parameter 'res' implicitly has an 'any' type. [plugin angular-compiler]

    src/app/layout/shell/shell.component.ts:116:15:
      116 │         next: (res) => this.hasClientDashboard.set(res.has_dashbo...
          ╵                ~~~


X [ERROR] TS2304: Cannot find name 'window'. [plugin angular-compiler]

    src/app/layout/shell/shell.component.ts:124:19:
      124 │     const mobile = window.innerWidth <= 1024;
          ╵                    ~~~~~~


X [ERROR] TS7006: Parameter 'v' implicitly has an 'any' type. [plugin angular-compiler]

    src/app/layout/shell/shell.component.ts:133:51:
      133 │   toggleSidenav(): void { this.sidenavOpen.update((v) => !v); }
          ╵                                                    ^


X [ERROR] TS7006: Parameter 'v' implicitly has an 'any' type. [plugin angular-compiler]

    src/app/layout/shell/shell.component.ts:136:23:
      136 │     this.isDark.update(v => {
          ╵                        ^


X [ERROR] TS2304: Cannot find name 'localStorage'. [plugin angular-compiler]

    src/app/layout/shell/shell.component.ts:138:6:
      138 │       localStorage.setItem('theme', newVal ? 'dark' : 'light');
          ╵       ~~~~~~~~~~~~


X [ERROR] TS2304: Cannot find name 'localStorage'. [plugin angular-compiler]

    src/app/layout/shell/shell.component.ts:145:23:
      145 │     const savedTheme = localStorage.getItem('theme');
          ╵                        ~~~~~~~~~~~~


X [ERROR] TS2304: Cannot find name 'window'. [plugin angular-compiler]

    src/app/layout/shell/shell.component.ts:146:23:
      146 │     const systemDark = window.matchMedia('(prefers-color-scheme: ...
          ╵                        ~~~~~~


X [ERROR] TS2584: Cannot find name 'document'. Do you need to change your target library? Try changing the 'lib' compiler option to include 'dom'. [plugin angular-compiler]

    src/app/layout/shell/shell.component.ts:155:6:
      155 │       document.documentElement.classList.add('dark');
          ╵       ~~~~~~~~


X [ERROR] TS2584: Cannot find name 'document'. Do you need to change your target library? Try changing the 'lib' compiler option to include 'dom'. [plugin angular-compiler]

    src/app/layout/shell/shell.component.ts:157:6:
      157 │       document.documentElement.classList.remove('dark');
          ╵       ~~~~~~~~


X [ERROR] TS7006: Parameter 'notifs' implicitly has an 'any' type. [plugin angular-compiler]

    src/app/layout/shell/shell.component.ts:165:13:
      165 │       next: (notifs) => { this.notifCount = notifs.length; },
          ╵              ~~~~~~


X [ERROR] TS2307: Cannot find module '@angular/core' or its corresponding type declarations. [plugin angular-compiler]

    src/app/shared/photo-lightbox/photo-lightbox.component.ts:4:7:
      4 │ } from '@angular/core';
        ╵        ~~~~~~~~~~~~~~~


X [ERROR] TS2307: Cannot find module '@angular/common' or its corresponding type declarations. [plugin angular-compiler]

    src/app/shared/photo-lightbox/photo-lightbox.component.ts:5:29:
      5 │ import { CommonModule } from '@angular/common';
        ╵                              ~~~~~~~~~~~~~~~~~


X [ERROR] TS2307: Cannot find module '@angular/material/icon' or its corresponding type declarations. [plugin angular-compiler]

    src/app/shared/photo-lightbox/photo-lightbox.component.ts:6:30:
      6 │ import { MatIconModule } from '@angular/material/icon';
        ╵                               ~~~~~~~~~~~~~~~~~~~~~~~~


X [ERROR] TS2307: Cannot find module '@angular/material/progress-spinner' or its corresponding type declarations. [plugin angular-compiler]

    src/app/shared/photo-lightbox/photo-lightbox.component.ts:7:41:
      7 │ ...tProgressSpinnerModule } from '@angular/material/progress-spinner';
        ╵                                  ~~~~~~~~~~~~~~~~~~~~~~~~~~~~~~~~~~~~


X [ERROR] TS-991010: 'imports' must be an array of components, directives, pipes, or NgModules.
  Value is of type '[(not statically analyzable), (not statically analyzable), (not statically analyzable)]'. [plugin angular-compiler]

    src/app/shared/photo-lightbox/photo-lightbox.component.ts:21:11:
      21 │   imports: [CommonModule, MatIconModule, MatProgressSpinnerModule],
         ╵            ~~~~~~~~~~~~~~~~~~~~~~~~~~~~~~~~~~~~~~~~~~~~~~~~~~~~~~~


X [ERROR] TS-991010: 'imports' must be an array of components, directives, pipes, or NgModules.
  Value is of type '[(not statically analyzable), (not statically analyzable), (not statically analyzable)]'. [plugin angular-compiler]

    src/app/shared/photo-lightbox/photo-lightbox.component.ts:21:11:
      21 │   imports: [CommonModule, MatIconModule, MatProgressSpinnerModule],
         ╵            ~~~~~~~~~~~~~~~~~~~~~~~~~~~~~~~~~~~~~~~~~~~~~~~~~~~~~~~


X [ERROR] TS-991010: 'imports' must be an array of components, directives, pipes, or NgModules.
  Value is of type '[(not statically analyzable), (not statically analyzable), (not statically analyzable)]'. [plugin angular-compiler]

    src/app/shared/photo-lightbox/photo-lightbox.component.ts:21:11:
      21 │   imports: [CommonModule, MatIconModule, MatProgressSpinnerModule],
         ╵            ~~~~~~~~~~~~~~~~~~~~~~~~~~~~~~~~~~~~~~~~~~~~~~~~~~~~~~~


X [ERROR] TS2583: Cannot find name 'Set'. Do you need to change your target library? Try changing the 'lib' compiler option to 'es2015' or later. [plugin angular-compiler]

    src/app/shared/photo-lightbox/photo-lightbox.component.ts:192:29:
      192 │   private preloadCache = new Set<string>();
          ╵                              ~~~


X [ERROR] TS2304: Cannot find name 'Array'. [plugin angular-compiler]

    src/app/shared/photo-lightbox/photo-lightbox.component.ts:195:24:
      195 │   dots = computed(() => Array.from({ length: Math.min(this.photos...
          ╵                         ~~~~~


X [ERROR] TS2304: Cannot find name 'Math'. [plugin angular-compiler]

    src/app/shared/photo-lightbox/photo-lightbox.component.ts:195:45:
      195 │ ...d(() => Array.from({ length: Math.min(this.photos().length, 14...
          ╵                                 ~~~~


X [ERROR] TS7006: Parameter '_' implicitly has an 'any' type. [plugin angular-compiler]

    src/app/shared/photo-lightbox/photo-lightbox.component.ts:195:84:
      195 │ ...om({ length: Math.min(this.photos().length, 14) }, (_, i) => i));
          ╵                                                        ^


X [ERROR] TS7006: Parameter 'i' implicitly has an 'any' type. [plugin angular-compiler]

    src/app/shared/photo-lightbox/photo-lightbox.component.ts:195:87:
      195 │ ...om({ length: Math.min(this.photos().length, 14) }, (_, i) => i));
          ╵                                                           ^


X [ERROR] TS2304: Cannot find name 'Math'. [plugin angular-compiler]

    src/app/shared/photo-lightbox/photo-lightbox.component.ts:200:20:
      200 │       const start = Math.max(0, Math.min(this.startIndex(), this....
          ╵                     ~~~~


X [ERROR] TS2304: Cannot find name 'Math'. [plugin angular-compiler]

    src/app/shared/photo-lightbox/photo-lightbox.component.ts:200:32:
      200 │       const start = Math.max(0, Math.min(this.startIndex(), this....
          ╵                                 ~~~~


X [ERROR] TS2584: Cannot find name 'document'. Do you need to change your target library? Try changing the 'lib' compiler option to include 'dom'. [plugin angular-compiler]

    src/app/shared/photo-lightbox/photo-lightbox.component.ts:205:6:
      205 │       document.body.classList.add('modal-open');
          ╵       ~~~~~~~~


X [ERROR] TS2584: Cannot find name 'document'. Do you need to change your target library? Try changing the 'lib' compiler option to include 'dom'. [plugin angular-compiler]

    src/app/shared/photo-lightbox/photo-lightbox.component.ts:208:6:
      208 │       document.body.classList.remove('modal-open');
          ╵       ~~~~~~~~


X [ERROR] TS2584: Cannot find name 'document'. Do you need to change your target library? Try changing the 'lib' compiler option to include 'dom'. [plugin angular-compiler]

    src/app/shared/photo-lightbox/photo-lightbox.component.ts:216:4:
      216 │     document.body.classList.remove('modal-open');
          ╵     ~~~~~~~~


X [ERROR] TS2488: Type '{}' must have a '[Symbol.iterator]()' method that returns an iterator. [plugin angular-compiler]

    src/app/shared/photo-lightbox/photo-lightbox.component.ts:251:20:
      251 │     for (const i of [index, index + 1, index - 1, index + 2]) {
          ╵                     ~~~~~~~~~~~~~~~~~~~~~~~~~~~~~~~~~~~~~~~~


X [ERROR] TS2304: Cannot find name 'Image'. [plugin angular-compiler]

    src/app/shared/photo-lightbox/photo-lightbox.component.ts:254:24:
      254 │         const img = new Image();
          ╵                         ~~~~~


X [ERROR] TS2304: Cannot find name 'KeyboardEvent'. [plugin angular-compiler]

    src/app/shared/photo-lightbox/photo-lightbox.component.ts:262:11:
      262 │   onKey(e: KeyboardEvent): void {
          ╵            ~~~~~~~~~~~~~


X [ERROR] TS2307: Cannot find module '@angular/platform-browser' or its corresponding type declarations. [plugin angular-compiler]

    src/main.ts:1:37:
      1 │ import { bootstrapApplication } from '@angular/platform-browser';
        ╵                                      ~~~~~~~~~~~~~~~~~~~~~~~~~~~


X [ERROR] TS7006: Parameter 'err' implicitly has an 'any' type. [plugin angular-compiler]

    src/main.ts:5:53:
      5 │ ...cation(AppComponent, appConfig).catch((err) => console.error(err));
        ╵                                           ~~~


X [ERROR] TS2584: Cannot find name 'console'. Do you need to change your target library? Try changing the 'lib' compiler option to include 'dom'. [plugin angular-compiler]

    src/main.ts:5:61:
      5 │ ...cation(AppComponent, appConfig).catch((err) => console.error(err));
        ╵                                                   ~~~~~~~


X [ERROR] Could not resolve "src/styles.scss"

    angular:styles/global:styles:4:8:
      4 │ @import 'src/styles.scss';
        ╵         ~~~~~~~~~~~~~~~~~

  You can mark the path "src/styles.scss" as external to exclude it from the bundle, which will remove this error and leave the unresolved path in the bundle.


